finding_id	primary_in_B01	canonical_state	B01_author_state	candidate_review	integration_state	closure
GIR-FD82-001	false	OPEN	AUTHOR_CANDIDATE_PENDING_ULTRA	AWAITING_PARENT_ASSIGNMENT	NOT_INTEGRATED	NOT_CLOSED
GIR-FD82-A001	true	OPEN	AUTHOR_CANDIDATE_PENDING_ULTRA	AWAITING_PARENT_ASSIGNMENT	NOT_INTEGRATED	NOT_CLOSED
GIR-FD82-A002	true	OPEN	AUTHOR_CANDIDATE_PENDING_ULTRA	AWAITING_PARENT_ASSIGNMENT	NOT_INTEGRATED	NOT_CLOSED
GIR-FD82-A003	true	OPEN	AUTHOR_CANDIDATE_PENDING_ULTRA	AWAITING_PARENT_ASSIGNMENT	NOT_INTEGRATED	NOT_CLOSED
GIR-FD82-A004	true	OPEN	AUTHOR_CANDIDATE_PENDING_ULTRA	AWAITING_PARENT_ASSIGNMENT	NOT_INTEGRATED	NOT_CLOSED
GIR-FD82-A006	false	OPEN	AUTHOR_CANDIDATE_PENDING_ULTRA	AWAITING_PARENT_ASSIGNMENT	NOT_INTEGRATED	NOT_CLOSED
GIR-FD82-A009	true	OPEN	AUTHOR_CANDIDATE_PENDING_ULTRA	AWAITING_PARENT_ASSIGNMENT	NOT_INTEGRATED	NOT_CLOSED
GIR-FD82-A020	false	OPEN	AUTHOR_CANDIDATE_PENDING_ULTRA	AWAITING_PARENT_ASSIGNMENT	NOT_INTEGRATED	NOT_CLOSED
GIR-FD82-C004	false	OPEN	AUTHOR_CANDIDATE_PENDING_ULTRA	AWAITING_PARENT_ASSIGNMENT	NOT_INTEGRATED	NOT_CLOSED
GIR-FD82-C016	false	OPEN	AUTHOR_CANDIDATE_PENDING_ULTRA	AWAITING_PARENT_ASSIGNMENT	NOT_INTEGRATED	NOT_CLOSED
GIR-FD82-C022	false	OPEN	AUTHOR_CANDIDATE_PENDING_ULTRA	AWAITING_PARENT_ASSIGNMENT	NOT_INTEGRATED	NOT_CLOSED
GIR-FD82-C080	false	OPEN	AUTHOR_CANDIDATE_PENDING_ULTRA	AWAITING_PARENT_ASSIGNMENT	NOT_INTEGRATED	NOT_CLOSED
WP80-B02-R01	true	OPEN	AUTHOR_CANDIDATE_PENDING_ULTRA	AWAITING_PARENT_ASSIGNMENT	NOT_INTEGRATED	NOT_CLOSED
WP80-B02-R02	true	OPEN	AUTHOR_CANDIDATE_PENDING_ULTRA	AWAITING_PARENT_ASSIGNMENT	NOT_INTEGRATED	NOT_CLOSED
