feature	domain	name	wps	original_paths	outputs	unmapped	disposition	direct_activity_inputs	direct_activity_outputs	required_finding_navigation
F01-01	D01	配置与机制选择	WP02	specs/kernel/wp02-rule-configuration-and-data-variants.md;specs/kernel/wp02-settings-inventory-appendix.md	deliverables/final-specification-set/generic-kernel/wp02-rule-configuration-and-data-variants.md	-	MAPPED_AND_REVIEWED_IN_DECLARED_WP_SCOPES; NOT_A_RULE_COVERAGE_PERCENTAGE	-	-	WP80-B02-R01;WP80-B02-R02;GIR-FD82-A006
F01-02	D01	内容身份与注册查找	WP03	specs/kernel/wp03-content-identity-and-schema.md	deliverables/final-specification-set/generic-kernel/wp03-content-identity-and-schema.md	-	MAPPED_AND_REVIEWED_IN_DECLARED_WP_SCOPES; NOT_A_RULE_COVERAGE_PERCENTAGE	-	-	WP80-B02-R02
F01-03	D01	事件与可扩展菜单	WP05	specs/kernel/wp05-events-extensions-plugins.md	deliverables/final-specification-set/generic-kernel/wp05-events-extensions-plugins.md	-	MAPPED_AND_REVIEWED_IN_DECLARED_WP_SCOPES; NOT_A_RULE_COVERAGE_PERCENTAGE	-	-	-
F01-04	D01	插件依赖与载入	WP05	specs/kernel/wp05-events-extensions-plugins.md	deliverables/final-specification-set/generic-kernel/wp05-events-extensions-plugins.md	-	MAPPED_AND_REVIEWED_IN_DECLARED_WP_SCOPES; NOT_A_RULE_COVERAGE_PERCENTAGE	-	-	GIR-FD82-A003;GIR-FD82-A004;GIR-FD82-A009
F01-05	D01	随机、时钟与计步依赖	WP06	specs/kernel/wp06-stats-directory.md;specs/kernel/wp06-time-random-steps-stats.md	deliverables/final-specification-set/generic-kernel/wp06-stats-directory.md;deliverables/final-specification-set/generic-kernel/wp06-time-random-steps-stats.md	-	MAPPED_AND_REVIEWED_IN_DECLARED_WP_SCOPES; NOT_A_RULE_COVERAGE_PERCENTAGE	-	-	GIR-FD82-A017
F01-06	D01	诊断与错误反馈	WP07	specs/kernel/wp07-deprecation-appendix.md;specs/kernel/wp07-diagnostics-files-http.md	deliverables/final-specification-set/generic-kernel/wp07-deprecation-appendix.md;deliverables/final-specification-set/generic-kernel/wp07-diagnostics-files-http.md	-	MAPPED_AND_REVIEWED_IN_DECLARED_WP_SCOPES; NOT_A_RULE_COVERAGE_PERCENTAGE	-	-	-
F01-07	D01	文件与 HTTP 支持	WP07	specs/kernel/wp07-deprecation-appendix.md;specs/kernel/wp07-diagnostics-files-http.md	deliverables/final-specification-set/generic-kernel/wp07-deprecation-appendix.md;deliverables/final-specification-set/generic-kernel/wp07-diagnostics-files-http.md	-	MAPPED_AND_REVIEWED_IN_DECLARED_WP_SCOPES; NOT_A_RULE_COVERAGE_PERCENTAGE	-	-	GIR-FD82-A012
F02-01	D02	内容目录与字段约束	WP03	specs/kernel/wp03-content-identity-and-schema.md	deliverables/final-specification-set/generic-kernel/wp03-content-identity-and-schema.md	-	MAPPED_AND_REVIEWED_IN_DECLARED_WP_SCOPES; NOT_A_RULE_COVERAGE_PERCENTAGE	-	-	-
F02-02	D02	PBS 编译与反写	WP04	specs/kernel/wp04-pbs-lifecycle.md	deliverables/final-specification-set/generic-kernel/wp04-pbs-lifecycle.md	-	MAPPED_AND_REVIEWED_IN_DECLARED_WP_SCOPES; NOT_A_RULE_COVERAGE_PERCENTAGE	-	-	WP80-B02-R02;GIR-FD82-A001;GIR-FD82-A002;GIR-FD82-C004
F02-03	D02	备选数据与机制兼容	WP02;WP04	specs/kernel/wp02-rule-configuration-and-data-variants.md;specs/kernel/wp02-settings-inventory-appendix.md;specs/kernel/wp04-pbs-lifecycle.md	deliverables/final-specification-set/generic-kernel/wp02-rule-configuration-and-data-variants.md;deliverables/final-specification-set/generic-kernel/wp04-pbs-lifecycle.md	-	MAPPED_AND_REVIEWED_IN_DECLARED_WP_SCOPES; NOT_A_RULE_COVERAGE_PERCENTAGE	-	-	-
F02-04	D02	内容到资源的匹配	WP15	specs/overworld/wp15-resource-matching-and-audio.md	deliverables/final-specification-set/engine-overworld/wp15-resource-matching-and-audio.md	-	MAPPED_AND_REVIEWED_IN_DECLARED_WP_SCOPES; NOT_A_RULE_COVERAGE_PERCENTAGE	-	-	-
F02-05	D02	文本与语言资源	WP08	specs/kernel/wp08-localization.md	deliverables/final-specification-set/generic-kernel/wp08-localization.md	-	MAPPED_AND_REVIEWED_IN_DECLARED_WP_SCOPES; NOT_A_RULE_COVERAGE_PERCENTAGE	-	-	GIR-FD82-A013;GIR-FD82-A018
F03-01	D03	持久状态登记与保存	WP09	specs/kernel/wp09-save-startup-continue.md	deliverables/final-specification-set/generic-kernel/wp09-save-startup-continue.md	-	MAPPED_AND_REVIEWED_IN_DECLARED_WP_SCOPES; NOT_A_RULE_COVERAGE_PERCENTAGE	-	-	-
F03-02	D03	旧存档转换	WP10	specs/kernel/wp10-migration-failure-recovery.md	deliverables/final-specification-set/generic-kernel/wp10-migration-failure-recovery.md	-	MAPPED_AND_REVIEWED_IN_DECLARED_WP_SCOPES; NOT_A_RULE_COVERAGE_PERCENTAGE	-	-	GIR-FD82-A016
F03-03	D03	启动、新游戏与继续	WP09	specs/kernel/wp09-save-startup-continue.md	deliverables/final-specification-set/generic-kernel/wp09-save-startup-continue.md	-	MAPPED_AND_REVIEWED_IN_DECLARED_WP_SCOPES; NOT_A_RULE_COVERAGE_PERCENTAGE	-	-	GIR-FD82-A014;GIR-FD82-A015
F03-04	D03	载入/保存异常及恢复	WP10	specs/kernel/wp10-migration-failure-recovery.md	deliverables/final-specification-set/generic-kernel/wp10-migration-failure-recovery.md	-	MAPPED_AND_REVIEWED_IN_DECLARED_WP_SCOPES; NOT_A_RULE_COVERAGE_PERCENTAGE	-	-	GIR-FD82-A014
F03-05	D03	游戏统计与历程	WP06	specs/kernel/wp06-stats-directory.md;specs/kernel/wp06-time-random-steps-stats.md	deliverables/final-specification-set/generic-kernel/wp06-stats-directory.md;deliverables/final-specification-set/generic-kernel/wp06-time-random-steps-stats.md	-	MAPPED_AND_REVIEWED_IN_DECLARED_WP_SCOPES; NOT_A_RULE_COVERAGE_PERCENTAGE	-	-	GIR-FD82-A010;GIR-FD82-A011;GIR-FD82-A016;GIR-FD82-A017
F04-01	D04	地图连接与转移	WP11	specs/overworld/wp11-map-topology-transfer.md	deliverables/final-specification-set/engine-overworld/wp11-map-topology-transfer.md	-	MAPPED_AND_REVIEWED_IN_DECLARED_WP_SCOPES; NOT_A_RULE_COVERAGE_PERCENTAGE	-	-	GIR-FD82-002;GIR-FD82-C037;GIR-FD82-C052
F04-02	D04	地形与通行	WP12	specs/overworld/wp12-terrain-movement-vehicles.md	deliverables/final-specification-set/engine-overworld/wp12-terrain-movement-vehicles.md	-	MAPPED_AND_REVIEWED_IN_DECLARED_WP_SCOPES; NOT_A_RULE_COVERAGE_PERCENTAGE	-	-	GIR-FD82-C036;GIR-FD82-C049;GIR-FD82-C052
F04-03	D04	玩家运动和载具	WP12	specs/overworld/wp12-terrain-movement-vehicles.md	deliverables/final-specification-set/engine-overworld/wp12-terrain-movement-vehicles.md	-	MAPPED_AND_REVIEWED_IN_DECLARED_WP_SCOPES; NOT_A_RULE_COVERAGE_PERCENTAGE	-	-	GIR-FD82-C035;GIR-FD82-C037;GIR-FD82-C050;GIR-FD82-C054
F04-04	D04	地图事件与状态控制	WP13	specs/overworld/wp13-interpreter-command-matrix.md;specs/overworld/wp13-map-events-npc-followers.md;specs/overworld/wp13-move-route-matrix.md	deliverables/final-specification-set/engine-overworld/wp13-interpreter-command-matrix.md;deliverables/final-specification-set/engine-overworld/wp13-map-events-npc-followers.md;deliverables/final-specification-set/engine-overworld/wp13-move-route-matrix.md	-	MAPPED_AND_REVIEWED_IN_DECLARED_WP_SCOPES; NOT_A_RULE_COVERAGE_PERCENTAGE	-	-	GIR-FD82-C037;GIR-FD82-C038;GIR-FD82-C039;GIR-FD82-C040;GIR-FD82-C041;GIR-FD82-C042;GIR-FD82-C049;GIR-FD82-C053
F04-05	D04	NPC、训练家感知与跟随	WP13	specs/overworld/wp13-interpreter-command-matrix.md;specs/overworld/wp13-map-events-npc-followers.md;specs/overworld/wp13-move-route-matrix.md	deliverables/final-specification-set/engine-overworld/wp13-interpreter-command-matrix.md;deliverables/final-specification-set/engine-overworld/wp13-map-events-npc-followers.md;deliverables/final-specification-set/engine-overworld/wp13-move-route-matrix.md	-	MAPPED_AND_REVIEWED_IN_DECLARED_WP_SCOPES; NOT_A_RULE_COVERAGE_PERCENTAGE	-	-	GIR-FD82-C049;GIR-FD82-C051
F04-06	D04	随机地牢	WP14	specs/overworld/wp14-random-dungeons.md	deliverables/final-specification-set/engine-overworld/wp14-random-dungeons.md	-	MAPPED_AND_REVIEWED_IN_DECLARED_WP_SCOPES; NOT_A_RULE_COVERAGE_PERCENTAGE	-	-	GIR-FD82-C043;GIR-FD82-C044;GIR-FD82-C045;GIR-FD82-C046;GIR-FD82-C047;GIR-FD82-C048
F05-01	D05	资源解析与生命周期	WP15	specs/overworld/wp15-resource-matching-and-audio.md	deliverables/final-specification-set/engine-overworld/wp15-resource-matching-and-audio.md	-	MAPPED_AND_REVIEWED_IN_DECLARED_WP_SCOPES; NOT_A_RULE_COVERAGE_PERCENTAGE	-	-	GIR-FD82-C061
F05-02	D05	声音与音乐	WP15	specs/overworld/wp15-resource-matching-and-audio.md	deliverables/final-specification-set/engine-overworld/wp15-resource-matching-and-audio.md	-	MAPPED_AND_REVIEWED_IN_DECLARED_WP_SCOPES; NOT_A_RULE_COVERAGE_PERCENTAGE	-	-	GIR-FD82-A059;GIR-FD82-C055;GIR-FD82-C056;GIR-FD82-C057;GIR-FD82-C058;GIR-FD82-C059;GIR-FD82-C060
F05-03	D05	地图绘制	WP16	specs/overworld/wp16-pre-battle-transitions-appendix.md;specs/overworld/wp16-world-rendering-and-visual-transitions.md	deliverables/final-specification-set/engine-overworld/wp16-pre-battle-transitions.md;deliverables/final-specification-set/engine-overworld/wp16-world-rendering-and-visual-transitions.md	-	MAPPED_AND_REVIEWED_IN_DECLARED_WP_SCOPES; NOT_A_RULE_COVERAGE_PERCENTAGE	-	-	GIR-FD82-002;GIR-FD82-C062
F05-04	D05	精灵、天气与场景过渡	WP16	specs/overworld/wp16-pre-battle-transitions-appendix.md;specs/overworld/wp16-world-rendering-and-visual-transitions.md	deliverables/final-specification-set/engine-overworld/wp16-pre-battle-transitions.md;deliverables/final-specification-set/engine-overworld/wp16-world-rendering-and-visual-transitions.md	-	MAPPED_AND_REVIEWED_IN_DECLARED_WP_SCOPES; NOT_A_RULE_COVERAGE_PERCENTAGE	-	-	GIR-FD82-002;GIR-FD82-C063;GIR-FD82-C064;GIR-FD82-C065;GIR-FD82-C066;GIR-FD82-C067;GIR-FD82-C068;GIR-FD82-C069;GIR-FD82-C077;GIR-FD82-C078
F05-05	D05	消息与基础窗口	WP17	specs/ui/wp17-draw-text-tags.md;specs/ui/wp17-messages-windows-input.md	deliverables/final-specification-set/user-interface/wp17-draw-text-tags.md;deliverables/final-specification-set/user-interface/wp17-messages-windows-input.md	-	MAPPED_AND_REVIEWED_IN_DECLARED_WP_SCOPES; NOT_A_RULE_COVERAGE_PERCENTAGE	-	-	GIR-FD82-C061;GIR-FD82-C070;GIR-FD82-C071;GIR-FD82-C074;GIR-FD82-C075;GIR-FD82-C076
F05-06	D05	输入与文字输入	WP17	specs/ui/wp17-draw-text-tags.md;specs/ui/wp17-messages-windows-input.md	deliverables/final-specification-set/user-interface/wp17-draw-text-tags.md;deliverables/final-specification-set/user-interface/wp17-messages-windows-input.md	-	MAPPED_AND_REVIEWED_IN_DECLARED_WP_SCOPES; NOT_A_RULE_COVERAGE_PERCENTAGE	-	-	GIR-FD82-A058;GIR-FD82-C072;GIR-FD82-C073;GIR-FD82-006
F06-01	D06	物种与形态内容	WP18	specs/creature-rpg/wp18-creature-identity-species-ownership.md	deliverables/final-specification-set/creature-rpg/wp18-creature-identity-species-ownership.md	-	MAPPED_AND_REVIEWED_IN_DECLARED_WP_SCOPES; NOT_A_RULE_COVERAGE_PERCENTAGE	-	-	GIR-FD82-A021
F06-02	D06	个体身份和来源	WP18	specs/creature-rpg/wp18-creature-identity-species-ownership.md	deliverables/final-specification-set/creature-rpg/wp18-creature-identity-species-ownership.md	-	MAPPED_AND_REVIEWED_IN_DECLARED_WP_SCOPES; NOT_A_RULE_COVERAGE_PERCENTAGE	-	-	GIR-FD82-A022
F06-03	D06	Pokémon 属性和个体差异	WP19	specs/pokemon-rules/wp19-attributes-ability-and-stats.md	deliverables/final-specification-set/pokemon-rules/wp19-attributes-ability-and-stats.md	-	MAPPED_AND_REVIEWED_IN_DECLARED_WP_SCOPES; NOT_A_RULE_COVERAGE_PERCENTAGE	-	-	GIR-FD82-A020
F06-04	D06	六项能力与培养参数	WP19	specs/pokemon-rules/wp19-attributes-ability-and-stats.md	deliverables/final-specification-set/pokemon-rules/wp19-attributes-ability-and-stats.md	-	MAPPED_AND_REVIEWED_IN_DECLARED_WP_SCOPES; NOT_A_RULE_COVERAGE_PERCENTAGE	-	-	GIR-FD82-A020
F06-05	D06	HP、状态与恢复	WP20	specs/creature-rpg/wp20-hp-status-moves-helditem.md	deliverables/final-specification-set/creature-rpg/wp20-hp-status-moves-helditem.md	-	MAPPED_AND_REVIEWED_IN_DECLARED_WP_SCOPES; NOT_A_RULE_COVERAGE_PERCENTAGE	-	-	-
F06-06	D06	已知招式与 PP	WP20	specs/creature-rpg/wp20-hp-status-moves-helditem.md	deliverables/final-specification-set/creature-rpg/wp20-hp-status-moves-helditem.md	-	MAPPED_AND_REVIEWED_IN_DECLARED_WP_SCOPES; NOT_A_RULE_COVERAGE_PERCENTAGE	-	-	GIR-FD82-A023;GIR-FD82-A024;GIR-FD82-A025
F06-07	D06	动态形态和展示属性	WP21	specs/pokemon-rules/wp21-dynamic-forms-and-display.md	deliverables/final-specification-set/pokemon-rules/wp21-dynamic-forms-and-display.md	-	MAPPED_AND_REVIEWED_IN_DECLARED_WP_SCOPES; NOT_A_RULE_COVERAGE_PERCENTAGE	-	-	GIR-FD82-A026;GIR-FD82-A027
F06-08	D06	特殊变身与 Shadow 状态	WP22;WP23	specs/pokemon-rules/wp22-mega-and-primal-reversion.md;specs/pokemon-rules/wp22-transformation-data.md;specs/pokemon-rules/wp23-shadow-data-and-vectors.md;specs/pokemon-rules/wp23-shadow-hyper-and-purification.md	deliverables/final-specification-set/pokemon-rules/wp22-mega-and-primal-reversion.md;deliverables/final-specification-set/pokemon-rules/wp22-transformation-data.md;deliverables/final-specification-set/pokemon-rules/wp23-shadow-data-and-vectors.md;deliverables/final-specification-set/pokemon-rules/wp23-shadow-hyper-and-purification.md	-	MAPPED_AND_REVIEWED_IN_DECLARED_WP_SCOPES; NOT_A_RULE_COVERAGE_PERCENTAGE	-	-	GIR-FD82-A028;GIR-FD82-A029;GIR-FD82-A030;GIR-FD82-A031
F07-01	D07	拥有者与外来个体	WP18	specs/creature-rpg/wp18-creature-identity-species-ownership.md	deliverables/final-specification-set/creature-rpg/wp18-creature-identity-species-ownership.md	-	MAPPED_AND_REVIEWED_IN_DECLARED_WP_SCOPES; NOT_A_RULE_COVERAGE_PERCENTAGE	-	-	-
F07-02	D07	NPC 训练家与伙伴	WP24	specs/creature-rpg/wp24-player-trainers-partners.md	deliverables/final-specification-set/creature-rpg/wp24-player-trainers-partners.md	-	MAPPED_AND_REVIEWED_IN_DECLARED_WP_SCOPES; NOT_A_RULE_COVERAGE_PERCENTAGE	-	-	GIR-FD82-A033;GIR-FD82-A034
F07-03	D07	玩家资料、许可和货币	WP24	specs/creature-rpg/wp24-player-trainers-partners.md	deliverables/final-specification-set/creature-rpg/wp24-player-trainers-partners.md	-	MAPPED_AND_REVIEWED_IN_DECLARED_WP_SCOPES; NOT_A_RULE_COVERAGE_PERCENTAGE	-	-	GIR-FD82-A032
F07-04	D07	队伍与可用成员	WP25	specs/creature-rpg/wp25-party-and-storage.md	deliverables/final-specification-set/creature-rpg/wp25-party-and-storage.md	-	MAPPED_AND_REVIEWED_IN_DECLARED_WP_SCOPES; NOT_A_RULE_COVERAGE_PERCENTAGE	-	-	GIR-FD82-A035
F07-05	D07	生物储存	WP25	specs/creature-rpg/wp25-party-and-storage.md	deliverables/final-specification-set/creature-rpg/wp25-party-and-storage.md	-	MAPPED_AND_REVIEWED_IN_DECLARED_WP_SCOPES; NOT_A_RULE_COVERAGE_PERCENTAGE	-	-	GIR-FD82-A035;GIR-FD82-A036
F07-06	D07	脚本交换	WP26	specs/creature-rpg/wp26-acquisition-gifts-and-script-trade.md	deliverables/final-specification-set/creature-rpg/wp26-acquisition-gifts-and-script-trade.md	-	MAPPED_AND_REVIEWED_IN_DECLARED_WP_SCOPES; NOT_A_RULE_COVERAGE_PERCENTAGE	-	-	-
F08-01	D08	背包容量与数量	WP27	specs/creature-rpg/wp27-bag-and-item-storage.md	deliverables/final-specification-set/creature-rpg/wp27-bag-and-item-storage.md	-	MAPPED_AND_REVIEWED_IN_DECLARED_WP_SCOPES; NOT_A_RULE_COVERAGE_PERCENTAGE	-	-	GIR-FD82-A038
F08-02	D08	物品储存与快捷登记	WP27	specs/creature-rpg/wp27-bag-and-item-storage.md	deliverables/final-specification-set/creature-rpg/wp27-bag-and-item-storage.md	-	MAPPED_AND_REVIEWED_IN_DECLARED_WP_SCOPES; NOT_A_RULE_COVERAGE_PERCENTAGE	-	-	-
F08-03	D08	道具使用上下文	WP28	specs/creature-rpg/wp28-item-use-and-training.md	deliverables/final-specification-set/creature-rpg/wp28-item-use-and-training.md	-	MAPPED_AND_REVIEWED_IN_DECLARED_WP_SCOPES; NOT_A_RULE_COVERAGE_PERCENTAGE	-	-	GIR-FD82-A039;GIR-FD82-A041;GIR-FD82-B008;GIR-FD82-A045
F08-04	D08	治疗、培养和教学道具	WP28	specs/creature-rpg/wp28-item-use-and-training.md	deliverables/final-specification-set/creature-rpg/wp28-item-use-and-training.md	-	MAPPED_AND_REVIEWED_IN_DECLARED_WP_SCOPES; NOT_A_RULE_COVERAGE_PERCENTAGE	-	-	GIR-FD82-A039;GIR-FD82-A040;GIR-FD82-A041;GIR-FD82-A044;GIR-FD82-A045;GIR-FD82-A046
F08-05	D08	持有物与被动效果	WP20;WP47-B;WP50	specs/combat/wp47-b-control-items-coverage-data.md;specs/combat/wp47-b-switching-control-and-item-changes.md;specs/creature-rpg/wp20-hp-status-moves-helditem.md;specs/pokemon-rules/wp50-held-item-effect-coverage.md;specs/pokemon-rules/wp50-held-item-triggers-and-consumption.md	deliverables/final-specification-set/combat-requirements/wp47-b-control-items-coverage-data.md;deliverables/final-specification-set/combat-requirements/wp47-b-switching-control-and-item-changes.md;deliverables/final-specification-set/creature-rpg/wp20-hp-status-moves-helditem.md;deliverables/final-specification-set/pokemon-rules/wp50-held-item-effect-coverage.md;deliverables/final-specification-set/pokemon-rules/wp50-held-item-triggers-and-consumption.md	-	MAPPED_AND_REVIEWED_IN_DECLARED_WP_SCOPES; NOT_A_RULE_COVERAGE_PERCENTAGE	-	-	-
F08-06	D08	商店与资源交换	WP29	specs/creature-rpg/wp29-shops-and-exchanges.md	deliverables/final-specification-set/creature-rpg/wp29-shops-and-exchanges.md	-	MAPPED_AND_REVIEWED_IN_DECLARED_WP_SCOPES; NOT_A_RULE_COVERAGE_PERCENTAGE	-	-	GIR-FD82-A043
F09-01	D09	经验、等级、EV 与招式学习/替换	WP30	specs/creature-rpg/wp30-growth-learning-and-friendship.md	deliverables/final-specification-set/creature-rpg/wp30-growth-learning-and-friendship.md	-	MAPPED_AND_REVIEWED_IN_DECLARED_WP_SCOPES; NOT_A_RULE_COVERAGE_PERCENTAGE	-	-	GIR-FD82-A047;GIR-FD82-A048;GIR-FD82-A049
F09-02	D09	友好、亲密和相关培养	WP30	specs/creature-rpg/wp30-growth-learning-and-friendship.md	deliverables/final-specification-set/creature-rpg/wp30-growth-learning-and-friendship.md	-	MAPPED_AND_REVIEWED_IN_DECLARED_WP_SCOPES; NOT_A_RULE_COVERAGE_PERCENTAGE	-	-	-
F09-03	D09	升级及道具进化	WP31	specs/pokemon-rules/wp31-basic-evolution.md	deliverables/final-specification-set/pokemon-rules/wp31-basic-evolution.md	-	MAPPED_AND_REVIEWED_IN_DECLARED_WP_SCOPES; NOT_A_RULE_COVERAGE_PERCENTAGE	-	-	GIR-FD82-A050
F09-04	D09	情境、交换与战后进化	WP32	specs/pokemon-rules/wp32-context-inputs-and-scenarios.md;specs/pokemon-rules/wp32-contextual-trade-and-post-battle-evolution.md	deliverables/final-specification-set/pokemon-rules/wp32-context-inputs-and-scenarios.md;deliverables/final-specification-set/pokemon-rules/wp32-contextual-trade-and-post-battle-evolution.md	-	MAPPED_AND_REVIEWED_IN_DECLARED_WP_SCOPES; NOT_A_RULE_COVERAGE_PERCENTAGE	-	-	GIR-FD82-A051
F09-05	D09	寄养和繁殖资格	WP33	specs/creature-rpg/wp33-daycare-and-breeding-session.md	deliverables/final-specification-set/creature-rpg/wp33-daycare-and-breeding-session.md	-	MAPPED_AND_REVIEWED_IN_DECLARED_WP_SCOPES; NOT_A_RULE_COVERAGE_PERCENTAGE	-	-	GIR-FD82-A052
F09-06	D09	后代与遗传规则	WP34	specs/pokemon-rules/wp34-inheritance-and-offspring.md	deliverables/final-specification-set/pokemon-rules/wp34-inheritance-and-offspring.md	-	MAPPED_AND_REVIEWED_IN_DECLARED_WP_SCOPES; NOT_A_RULE_COVERAGE_PERCENTAGE	-	-	-
F09-07	D09	蛋与孵化	WP35	specs/creature-rpg/wp35-eggs-and-hatching.md	deliverables/final-specification-set/creature-rpg/wp35-eggs-and-hatching.md	-	MAPPED_AND_REVIEWED_IN_DECLARED_WP_SCOPES; NOT_A_RULE_COVERAGE_PERCENTAGE	-	-	GIR-FD82-A053
F10-01	D10	遭遇表与选择	WP36	specs/creature-rpg/wp36-wild-encounters-and-modifiers.md	deliverables/final-specification-set/creature-rpg/wp36-wild-encounters-and-modifiers.md	-	MAPPED_AND_REVIEWED_IN_DECLARED_WP_SCOPES; NOT_A_RULE_COVERAGE_PERCENTAGE	-	-	GIR-FD82-C079;GIR-FD82-C080;GIR-FD82-C081;GIR-FD82-C082;GIR-FD82-C083;GIR-FD82-C084;GIR-FD82-C096
F10-02	D10	遭遇触发和修正	WP36	specs/creature-rpg/wp36-wild-encounters-and-modifiers.md	deliverables/final-specification-set/creature-rpg/wp36-wild-encounters-and-modifiers.md	-	MAPPED_AND_REVIEWED_IN_DECLARED_WP_SCOPES; NOT_A_RULE_COVERAGE_PERCENTAGE	-	-	GIR-FD82-C079;GIR-FD82-C080;GIR-FD82-C081;GIR-FD82-C082;GIR-FD82-C083;GIR-FD82-C084;GIR-FD82-C096
F10-03	D10	漫游个体	WP37	specs/pokemon-rules/wp37-roaming-and-poke-radar.md	deliverables/final-specification-set/pokemon-rules/wp37-roaming-and-poke-radar.md	-	MAPPED_AND_REVIEWED_IN_DECLARED_WP_SCOPES; NOT_A_RULE_COVERAGE_PERCENTAGE	-	-	GIR-FD82-C084;GIR-FD82-C085
F10-04	D10	Poké Radar 连锁	WP37	specs/pokemon-rules/wp37-roaming-and-poke-radar.md	deliverables/final-specification-set/pokemon-rules/wp37-roaming-and-poke-radar.md	-	MAPPED_AND_REVIEWED_IN_DECLARED_WP_SCOPES; NOT_A_RULE_COVERAGE_PERCENTAGE	-	-	GIR-FD82-C084;GIR-FD82-C085
F10-05	D10	赠送与获得入口	WP26	specs/creature-rpg/wp26-acquisition-gifts-and-script-trade.md	deliverables/final-specification-set/creature-rpg/wp26-acquisition-gifts-and-script-trade.md	-	MAPPED_AND_REVIEWED_IN_DECLARED_WP_SCOPES; NOT_A_RULE_COVERAGE_PERCENTAGE	-	-	GIR-FD82-A037
F10-06	D10	球捕获与接收结果	WP38	specs/pokemon-rules/wp38-capture-and-receiving.md	deliverables/final-specification-set/pokemon-rules/wp38-capture-and-receiving.md	-	MAPPED_AND_REVIEWED_IN_DECLARED_WP_SCOPES; NOT_A_RULE_COVERAGE_PERCENTAGE	-	-	GIR-FD82-B005;GIR-FD82-B007;GIR-FD82-B013
F11-01	D11	战斗创建上下文	WP39	specs/combat/wp39-battle-context-and-participants.md	deliverables/final-specification-set/combat-requirements/wp39-battle-context-and-participants.md	-	MAPPED_AND_REVIEWED_IN_DECLARED_WP_SCOPES; NOT_A_RULE_COVERAGE_PERCENTAGE	-	-	GIR-FD82-B003;GIR-FD82-003;GIR-FD82-B009
F11-02	D11	参战者与布局	WP39	specs/combat/wp39-battle-context-and-participants.md	deliverables/final-specification-set/combat-requirements/wp39-battle-context-and-participants.md	-	MAPPED_AND_REVIEWED_IN_DECLARED_WP_SCOPES; NOT_A_RULE_COVERAGE_PERCENTAGE	-	-	GIR-FD82-B002;GIR-FD82-003;GIR-FD82-B005
F11-03	D11	命令、特殊动作与服从性	WP40	specs/combat/wp40-commands-obedience-and-action-order.md	deliverables/final-specification-set/combat-requirements/wp40-commands-obedience-and-action-order.md	-	MAPPED_AND_REVIEWED_IN_DECLARED_WP_SCOPES; NOT_A_RULE_COVERAGE_PERCENTAGE	-	-	GIR-FD82-B008;GIR-FD82-B001;GIR-FD82-003;GIR-FD82-B005;GIR-FD82-B006
F11-04	D11	优先级与行动顺序	WP40	specs/combat/wp40-commands-obedience-and-action-order.md	deliverables/final-specification-set/combat-requirements/wp40-commands-obedience-and-action-order.md	-	MAPPED_AND_REVIEWED_IN_DECLARED_WP_SCOPES; NOT_A_RULE_COVERAGE_PERCENTAGE	-	-	GIR-FD82-003;GIR-FD82-B005
F11-05	D11	换人、位置移动、逃跑与行动限制	WP41	specs/combat/wp41-switching-positioning-and-escape.md	deliverables/final-specification-set/combat-requirements/wp41-switching-positioning-and-escape.md	-	MAPPED_AND_REVIEWED_IN_DECLARED_WP_SCOPES; NOT_A_RULE_COVERAGE_PERCENTAGE	-	-	GIR-FD82-B012;GIR-FD82-B014
F11-06	D11	回合结束和状态期限	WP42	specs/combat/wp42-growth-end-of-round-and-battle-outcomes.md	deliverables/final-specification-set/combat-requirements/wp42-growth-end-of-round-and-battle-outcomes.md	-	MAPPED_AND_REVIEWED_IN_DECLARED_WP_SCOPES; NOT_A_RULE_COVERAGE_PERCENTAGE	-	-	GIR-FD82-B011;GIR-FD82-B015
F11-07	D11	战斗中成长交界与终局结算	WP42	specs/combat/wp42-growth-end-of-round-and-battle-outcomes.md	deliverables/final-specification-set/combat-requirements/wp42-growth-end-of-round-and-battle-outcomes.md	-	MAPPED_AND_REVIEWED_IN_DECLARED_WP_SCOPES; NOT_A_RULE_COVERAGE_PERCENTAGE	-	-	GIR-FD82-B013
F12-01	D12	属性、命中和伤害计算	WP43	specs/pokemon-rules/wp43-types-accuracy-and-damage.md	deliverables/final-specification-set/pokemon-rules/wp43-types-accuracy-and-damage.md	-	MAPPED_AND_REVIEWED_IN_DECLARED_WP_SCOPES; NOT_A_RULE_COVERAGE_PERCENTAGE	-	-	GIR-FD82-B010
F12-02	D12	异常、能力阶级和免疫	WP44	specs/pokemon-rules/wp44-effect-coverage.md;specs/pokemon-rules/wp44-statuses-stat-stages-and-immunities.md	deliverables/final-specification-set/pokemon-rules/wp44-effect-coverage.md;deliverables/final-specification-set/pokemon-rules/wp44-statuses-stat-stages-and-immunities.md	-	MAPPED_AND_REVIEWED_IN_DECLARED_WP_SCOPES; NOT_A_RULE_COVERAGE_PERCENTAGE	-	-	GIR-FD82-B016;GIR-FD82-B017;GIR-FD82-B018
F12-03	D12	全场、阵营与位置效果	WP45	specs/combat/wp45-weather-terrain-side-and-position-effects.md	deliverables/final-specification-set/combat-requirements/wp45-weather-terrain-side-and-position-effects.md	-	MAPPED_AND_REVIEWED_IN_DECLARED_WP_SCOPES; NOT_A_RULE_COVERAGE_PERCENTAGE	-	-	-
F12-04	D12	招式效果：伤害与恢复	WP46	specs/pokemon-rules/wp46-damage-healing-coverage.md;specs/pokemon-rules/wp46-damage-multihit-and-healing.md	deliverables/final-specification-set/pokemon-rules/wp46-damage-healing-coverage.md;deliverables/final-specification-set/pokemon-rules/wp46-damage-multihit-and-healing.md	-	MAPPED_AND_REVIEWED_IN_DECLARED_WP_SCOPES; NOT_A_RULE_COVERAGE_PERCENTAGE	-	-	GIR-FD82-B017;GIR-FD82-B018
F12-05	D12	招式效果：控制与变更	WP47-A;WP47-B	specs/combat/wp47-a-attributes-targeting-calling-data.md;specs/combat/wp47-a-move-attributes-targeting-and-calling.md;specs/combat/wp47-b-control-items-coverage-data.md;specs/combat/wp47-b-switching-control-and-item-changes.md	deliverables/final-specification-set/combat-requirements/wp47-a-attributes-targeting-calling-data.md;deliverables/final-specification-set/combat-requirements/wp47-a-move-attributes-targeting-and-calling.md;deliverables/final-specification-set/combat-requirements/wp47-b-control-items-coverage-data.md;deliverables/final-specification-set/combat-requirements/wp47-b-switching-control-and-item-changes.md	-	MAPPED_AND_REVIEWED_IN_DECLARED_WP_SCOPES; NOT_A_RULE_COVERAGE_PERCENTAGE	-	-	GIR-FD82-B019
F12-06	D12	特性效果与触发阶段	WP48;WP49	specs/combat/wp49-ability-phase-triggers.md;specs/pokemon-rules/wp48-ability-calculation-modifiers.md	deliverables/final-specification-set/combat-requirements/wp49-ability-phase-triggers.md;deliverables/final-specification-set/pokemon-rules/wp48-ability-calculation-modifiers.md	-	MAPPED_AND_REVIEWED_IN_DECLARED_WP_SCOPES; NOT_A_RULE_COVERAGE_PERCENTAGE	-	-	-
F12-07	D12	AI 行动策略与能力档	WP51	specs/combat/wp51-ai-action-selection-and-skill.md;specs/combat/wp51-ai-decision-defaults.md	deliverables/final-specification-set/combat-requirements/wp51-ai-action-selection-and-skill.md;deliverables/final-specification-set/combat-requirements/wp51-ai-decision-defaults.md	-	MAPPED_AND_REVIEWED_IN_DECLARED_WP_SCOPES; NOT_A_RULE_COVERAGE_PERCENTAGE	-	-	GIR-FD82-B020;GIR-FD82-B021
F12-08	D12	AI 效果评估	WP52-A;WP52-B;WP52-C	specs/combat/wp52-a-evaluation-coverage-and-data.md;specs/combat/wp52-a-generic-numerical-and-status-evaluation.md;specs/combat/wp52-b-effect-coverage.md;specs/combat/wp52-b-field-damage-healing-and-target-evaluation.md;specs/combat/wp52-c-item-control-coverage-and-data.md;specs/combat/wp52-c-items-calling-and-control-evaluation.md	deliverables/final-specification-set/combat-requirements/wp52-a-evaluation-coverage-and-data.md;deliverables/final-specification-set/combat-requirements/wp52-a-generic-numerical-and-status-evaluation.md;deliverables/final-specification-set/combat-requirements/wp52-b-effect-coverage.md;deliverables/final-specification-set/combat-requirements/wp52-b-field-damage-healing-and-target-evaluation.md;deliverables/final-specification-set/combat-requirements/wp52-c-item-control-coverage-and-data.md;deliverables/final-specification-set/combat-requirements/wp52-c-items-calling-and-control-evaluation.md	-	MAPPED_AND_REVIEWED_IN_DECLARED_WP_SCOPES; NOT_A_RULE_COVERAGE_PERCENTAGE	-	-	GIR-FD82-B022;GIR-FD82-B023;GIR-FD82-B024
F13-01	D13	Safari 会话与捕获战斗	WP53	specs/pokemon-rules/wp53-safari-and-bug-catching-contest.md	deliverables/final-specification-set/pokemon-rules/wp53-safari-and-bug-catching-contest.md	-	MAPPED_AND_REVIEWED_IN_DECLARED_WP_SCOPES; NOT_A_RULE_COVERAGE_PERCENTAGE	-	-	-
F13-02	D13	捕虫大会	WP53	specs/pokemon-rules/wp53-safari-and-bug-catching-contest.md	deliverables/final-specification-set/pokemon-rules/wp53-safari-and-bug-catching-contest.md	-	MAPPED_AND_REVIEWED_IN_DECLARED_WP_SCOPES; NOT_A_RULE_COVERAGE_PERCENTAGE	-	-	GIR-FD82-B026
F13-03	D13	参赛规则与杯赛	WP54	specs/combat/wp54-entry-eligibility-level-adjustment-and-clauses.md;specs/combat/wp54-entry-rules-and-cup-data.md	deliverables/final-specification-set/combat-requirements/wp54-entry-eligibility-level-adjustment-and-clauses.md;deliverables/final-specification-set/combat-requirements/wp54-entry-rules-and-cup-data.md	-	MAPPED_AND_REVIEWED_IN_DECLARED_WP_SCOPES; NOT_A_RULE_COVERAGE_PERCENTAGE	-	-	GIR-FD82-B025;GIR-FD82-B027
F13-04	D13	设施会话和特殊胜负	WP55;WP56	specs/combat/wp55-facility-session-and-restoration.md;specs/combat/wp56-palace-and-arena-variants.md	deliverables/final-specification-set/combat-requirements/wp55-facility-session-and-restoration.md;deliverables/final-specification-set/combat-requirements/wp56-palace-and-arena-variants.md	-	MAPPED_AND_REVIEWED_IN_DECLARED_WP_SCOPES; NOT_A_RULE_COVERAGE_PERCENTAGE	-	-	GIR-FD82-B027;GIR-FD82-B028
F13-05	D13	租借与交换队伍	WP57	specs/creature-rpg/wp57-factory-rentals-and-swaps.md	deliverables/final-specification-set/creature-rpg/wp57-factory-rentals-and-swaps.md	-	MAPPED_AND_REVIEWED_IN_DECLARED_WP_SCOPES; NOT_A_RULE_COVERAGE_PERCENTAGE	-	-	-
F13-06	D13	战斗记录与回放	WP58	specs/combat/wp58-battle-recording-and-playback.md	deliverables/final-specification-set/combat-requirements/wp58-battle-recording-and-playback.md	-	MAPPED_AND_REVIEWED_IN_DECLARED_WP_SCOPES; NOT_A_RULE_COVERAGE_PERCENTAGE	-	-	GIR-FD82-B029
F14-01	D14	世界时间、季节和天气	WP59	specs/overworld/wp59-world-time-weather-field-moves.md	deliverables/final-specification-set/engine-overworld/wp59-world-time-weather-field-moves.md	-	MAPPED_AND_REVIEWED_IN_DECLARED_WP_SCOPES; NOT_A_RULE_COVERAGE_PERCENTAGE	-	-	GIR-FD82-C007;GIR-FD82-C086;GIR-FD82-C087;GIR-FD82-C088;GIR-FD82-C089;GIR-FD82-C091;GIR-FD82-C092;GIR-FD82-C093;GIR-FD82-C094;GIR-FD82-C095;GIR-FD82-C097
F14-02	D14	场地招式与旅行能力	WP59	specs/overworld/wp59-world-time-weather-field-moves.md	deliverables/final-specification-set/engine-overworld/wp59-world-time-weather-field-moves.md	-	MAPPED_AND_REVIEWED_IN_DECLARED_WP_SCOPES; NOT_A_RULE_COVERAGE_PERCENTAGE	-	-	GIR-FD82-C007;GIR-FD82-C086;GIR-FD82-C087;GIR-FD82-C088;GIR-FD82-C089;GIR-FD82-C091;GIR-FD82-C092;GIR-FD82-C093;GIR-FD82-C094;GIR-FD82-C095;GIR-FD82-C097
F14-03	D14	树果种植	WP60	specs/overworld/wp60-fishing.md;specs/pokemon-rules/wp60-berry-plants.md	deliverables/final-specification-set/engine-overworld/wp60-fishing.md;deliverables/final-specification-set/pokemon-rules/wp60-berry-plants.md	-	MAPPED_AND_REVIEWED_IN_DECLARED_WP_SCOPES; NOT_A_RULE_COVERAGE_PERCENTAGE	specs/pokemon-rules/wp60-berry-plants.md	deliverables/final-specification-set/pokemon-rules/wp60-berry-plants.md	GIR-FD82-C100;GIR-FD82-C101;GIR-FD82-C102
F14-04	D14	钓鱼交互	WP60	specs/overworld/wp60-fishing.md;specs/pokemon-rules/wp60-berry-plants.md	deliverables/final-specification-set/engine-overworld/wp60-fishing.md;deliverables/final-specification-set/pokemon-rules/wp60-berry-plants.md	-	MAPPED_AND_REVIEWED_IN_DECLARED_WP_SCOPES; NOT_A_RULE_COVERAGE_PERCENTAGE	specs/overworld/wp60-fishing.md	deliverables/final-specification-set/engine-overworld/wp60-fishing.md	GIR-FD82-C098;GIR-FD82-C099
F14-05	D14	逐步效果、治疗与失败回程	WP61	specs/pokemon-rules/wp61-field-passive-effects-and-blackout.md	deliverables/final-specification-set/pokemon-rules/wp61-field-passive-effects-and-blackout.md	-	MAPPED_AND_REVIEWED_IN_DECLARED_WP_SCOPES; NOT_A_RULE_COVERAGE_PERCENTAGE	-	-	GIR-FD82-C103;GIR-FD82-C104;GIR-FD82-C105;GIR-FD82-C106
F15-01	D15	Pokédex 收集记录	WP62	specs/pokemon-rules/wp62-pokedex-records-regions-and-content.md	deliverables/final-specification-set/pokemon-rules/wp62-pokedex-records-regions-and-content.md	-	MAPPED_AND_REVIEWED_IN_DECLARED_WP_SCOPES; NOT_A_RULE_COVERAGE_PERCENTAGE	-	-	GIR-FD82-A054;GIR-FD82-A055;GIR-FD82-A056
F15-02	D15	Pokégear、区域地图与音乐	WP63	specs/ui/wp63-pokegear-map-music-and-phone.md	deliverables/final-specification-set/user-interface/wp63-pokegear-map-music-and-phone.md	-	MAPPED_AND_REVIEWED_IN_DECLARED_WP_SCOPES; NOT_A_RULE_COVERAGE_PERCENTAGE	-	-	GIR-FD82-C109;GIR-FD82-C110;GIR-FD82-C111;GIR-FD82-C113
F15-03	D15	电话、联系人和再战	WP63	specs/ui/wp63-pokegear-map-music-and-phone.md	deliverables/final-specification-set/user-interface/wp63-pokegear-map-music-and-phone.md	-	MAPPED_AND_REVIEWED_IN_DECLARED_WP_SCOPES; NOT_A_RULE_COVERAGE_PERCENTAGE	-	-	GIR-FD82-C107;GIR-FD82-C108;GIR-FD82-C112
F15-04	D15	游戏内邮件	WP64	specs/creature-rpg/wp64-mail-and-mystery-gift.md	deliverables/final-specification-set/creature-rpg/wp64-mail-and-mystery-gift.md	-	MAPPED_AND_REVIEWED_IN_DECLARED_WP_SCOPES; NOT_A_RULE_COVERAGE_PERCENTAGE	-	-	-
F15-05	D15	神秘礼物	WP64	specs/creature-rpg/wp64-mail-and-mystery-gift.md	deliverables/final-specification-set/creature-rpg/wp64-mail-and-mystery-gift.md	-	MAPPED_AND_REVIEWED_IN_DECLARED_WP_SCOPES; NOT_A_RULE_COVERAGE_PERCENTAGE	-	-	GIR-FD82-A057
F16-01	D16	标题、载入、选项和玩家设置	WP65	specs/ui/wp65-controls-help-appendix.md;specs/ui/wp65-title-load-options-pause-and-pc.md;specs/ui/wp65-trainer-card-appendix.md	deliverables/final-specification-set/user-interface/wp65-controls-help-appendix.md;deliverables/final-specification-set/user-interface/wp65-title-load-options-pause-and-pc.md;deliverables/final-specification-set/user-interface/wp65-trainer-card-appendix.md	-	MAPPED_AND_REVIEWED_IN_DECLARED_WP_SCOPES; NOT_A_RULE_COVERAGE_PERCENTAGE	-	-	GIR-FD82-A058;GIR-FD82-C114;GIR-FD82-C115
F16-02	D16	暂停、PC 与快捷菜单	WP65	specs/ui/wp65-controls-help-appendix.md;specs/ui/wp65-title-load-options-pause-and-pc.md;specs/ui/wp65-trainer-card-appendix.md	deliverables/final-specification-set/user-interface/wp65-controls-help-appendix.md;deliverables/final-specification-set/user-interface/wp65-title-load-options-pause-and-pc.md;deliverables/final-specification-set/user-interface/wp65-trainer-card-appendix.md	-	MAPPED_AND_REVIEWED_IN_DECLARED_WP_SCOPES; NOT_A_RULE_COVERAGE_PERCENTAGE	-	-	GIR-FD82-C114
F16-03	D16	队伍、摘要、图鉴与盒子界面	WP66-A;WP66-B	specs/ui/wp66-a-party-and-summary-ui.md;specs/ui/wp66-b-storage-and-pokedex-ui.md	deliverables/final-specification-set/user-interface/wp66-a-party-and-summary-ui.md;deliverables/final-specification-set/user-interface/wp66-b-storage-and-pokedex-ui.md	-	MAPPED_AND_REVIEWED_IN_DECLARED_WP_SCOPES; NOT_A_RULE_COVERAGE_PERCENTAGE	-	-	GIR-FD82-A048;GIR-FD82-C118;GIR-FD82-C120;GIR-FD82-C121;GIR-FD82-C122;GIR-FD82-C123;GIR-FD82-C124;GIR-FD82-C125;GIR-FD82-C126;GIR-FD82-004;GIR-FD82-006
F16-04	D16	背包、购物与数量选择	WP66-C	specs/ui/wp66-c-bag-item-storage-and-shop-ui.md	deliverables/final-specification-set/user-interface/wp66-c-bag-item-storage-and-shop-ui.md	-	MAPPED_AND_REVIEWED_IN_DECLARED_WP_SCOPES; NOT_A_RULE_COVERAGE_PERCENTAGE	-	-	GIR-FD82-B035;GIR-FD82-C117;GIR-FD82-C118;GIR-FD82-006
F16-05	D16	战斗命令和反馈	WP67-A	specs/ui/wp67-a-battle-interaction-and-presentation.md	deliverables/final-specification-set/user-interface/wp67-a-battle-interaction-and-presentation.md	-	MAPPED_AND_REVIEWED_IN_DECLARED_WP_SCOPES; NOT_A_RULE_COVERAGE_PERCENTAGE	-	-	GIR-FD82-A059;GIR-FD82-B031;GIR-FD82-B032;GIR-FD82-B033;GIR-FD82-B034;GIR-FD82-005
F16-06	D16	生命周期演出和历程展示	WP67-B	specs/ui/wp67-b-lifecycle-presentations-and-history.md	deliverables/final-specification-set/user-interface/wp67-b-lifecycle-presentations-and-history.md	-	MAPPED_AND_REVIEWED_IN_DECLARED_WP_SCOPES; NOT_A_RULE_COVERAGE_PERCENTAGE	-	-	GIR-FD82-C119
F17-01	D17	Duel	WP68	specs/creature-rpg/wp68-triple-triad.md;specs/ui/wp68-duel.md	deliverables/final-specification-set/creature-rpg/wp68-triple-triad.md;deliverables/final-specification-set/user-interface/wp68-duel.md	-	MAPPED_AND_REVIEWED_IN_DECLARED_WP_SCOPES; NOT_A_RULE_COVERAGE_PERCENTAGE	specs/ui/wp68-duel.md	deliverables/final-specification-set/user-interface/wp68-duel.md	WP80-INTAKE-R02;GIR-FD82-001
F17-02	D17	Triple Triad	WP68	specs/creature-rpg/wp68-triple-triad.md;specs/ui/wp68-duel.md	deliverables/final-specification-set/creature-rpg/wp68-triple-triad.md;deliverables/final-specification-set/user-interface/wp68-duel.md	-	MAPPED_AND_REVIEWED_IN_DECLARED_WP_SCOPES; NOT_A_RULE_COVERAGE_PERCENTAGE	specs/creature-rpg/wp68-triple-triad.md	deliverables/final-specification-set/creature-rpg/wp68-triple-triad.md	WP80-INTAKE-R02;GIR-FD82-001;GIR-FD82-C127;GIR-FD82-C128
F17-03	D17	Slot Machine	WP69	specs/pokemon-rules/wp69-voltorb-flip.md;specs/pokemon-rules/wp69-voltorb-layouts.md;specs/ui/wp69-slot-machine.md;specs/ui/wp69-slot-reels.md	deliverables/final-specification-set/pokemon-rules/wp69-voltorb-flip.md;deliverables/final-specification-set/pokemon-rules/wp69-voltorb-layouts.md;deliverables/final-specification-set/user-interface/wp69-slot-machine.md;deliverables/final-specification-set/user-interface/wp69-slot-reels.md	-	MAPPED_AND_REVIEWED_IN_DECLARED_WP_SCOPES; NOT_A_RULE_COVERAGE_PERCENTAGE	specs/ui/wp69-slot-machine.md;specs/ui/wp69-slot-reels.md	deliverables/final-specification-set/user-interface/wp69-slot-machine.md;deliverables/final-specification-set/user-interface/wp69-slot-reels.md	WP80-INTAKE-R02;GIR-FD82-001
F17-04	D17	Voltorb Flip	WP69	specs/pokemon-rules/wp69-voltorb-flip.md;specs/pokemon-rules/wp69-voltorb-layouts.md;specs/ui/wp69-slot-machine.md;specs/ui/wp69-slot-reels.md	deliverables/final-specification-set/pokemon-rules/wp69-voltorb-flip.md;deliverables/final-specification-set/pokemon-rules/wp69-voltorb-layouts.md;deliverables/final-specification-set/user-interface/wp69-slot-machine.md;deliverables/final-specification-set/user-interface/wp69-slot-reels.md	-	MAPPED_AND_REVIEWED_IN_DECLARED_WP_SCOPES; NOT_A_RULE_COVERAGE_PERCENTAGE	specs/pokemon-rules/wp69-voltorb-flip.md;specs/pokemon-rules/wp69-voltorb-layouts.md	deliverables/final-specification-set/pokemon-rules/wp69-voltorb-flip.md;deliverables/final-specification-set/pokemon-rules/wp69-voltorb-layouts.md	WP80-INTAKE-R02
F17-05	D17	Lottery	WP70	specs/pokemon-rules/wp70-lottery.md;specs/ui/wp70-mining-data.md;specs/ui/wp70-mining.md	deliverables/final-specification-set/pokemon-rules/wp70-lottery.md;deliverables/final-specification-set/user-interface/wp70-mining-data.md;deliverables/final-specification-set/user-interface/wp70-mining.md	-	MAPPED_AND_REVIEWED_IN_DECLARED_WP_SCOPES; NOT_A_RULE_COVERAGE_PERCENTAGE	specs/pokemon-rules/wp70-lottery.md	deliverables/final-specification-set/pokemon-rules/wp70-lottery.md	WP80-INTAKE-R02
F17-06	D17	Mining	WP70	specs/pokemon-rules/wp70-lottery.md;specs/ui/wp70-mining-data.md;specs/ui/wp70-mining.md	deliverables/final-specification-set/pokemon-rules/wp70-lottery.md;deliverables/final-specification-set/user-interface/wp70-mining-data.md;deliverables/final-specification-set/user-interface/wp70-mining.md	-	MAPPED_AND_REVIEWED_IN_DECLARED_WP_SCOPES; NOT_A_RULE_COVERAGE_PERCENTAGE	specs/ui/wp70-mining.md;specs/ui/wp70-mining-data.md	deliverables/final-specification-set/user-interface/wp70-mining-data.md;deliverables/final-specification-set/user-interface/wp70-mining.md	WP80-INTAKE-R02;GIR-FD82-001
F17-07	D17	Tile Puzzles	WP71	specs/ui/wp71-tile-puzzles.md	deliverables/final-specification-set/user-interface/wp71-tile-puzzles.md	-	MAPPED_AND_REVIEWED_IN_DECLARED_WP_SCOPES; NOT_A_RULE_COVERAGE_PERCENTAGE	-	-	GIR-FD82-001;GIR-FD82-C129;GIR-FD82-C130;GIR-FD82-C131
F18-01	D18	调试与情境构造	WP72	specs/demo/wp72-debug-contexts-and-controls.md	deliverables/final-specification-set/demo-dx/wp72-debug-contexts-and-controls.md	-	MAPPED_AND_REVIEWED_IN_DECLARED_WP_SCOPES; NOT_A_RULE_COVERAGE_PERCENTAGE	-	-	WP80-INTAKE-R01;GIR-FD82-003;GIR-FD82-C002;GIR-FD82-C005;GIR-FD82-C007;GIR-FD82-C008;GIR-FD82-C009;GIR-FD82-C010;GIR-FD82-C011;GIR-FD82-C012;GIR-FD82-C013;GIR-FD82-C014;GIR-FD82-C015
F18-02	D18	数据和世界编辑器	WP73-A;WP73-B	specs/demo/wp73-a-content-editors.md;specs/demo/wp73-b-world-editors.md	deliverables/final-specification-set/demo-dx/wp73-a-content-editors.md;deliverables/final-specification-set/demo-dx/wp73-b-world-editors.md	-	MAPPED_AND_REVIEWED_IN_DECLARED_WP_SCOPES; NOT_A_RULE_COVERAGE_PERCENTAGE	-	-	GIR-FD82-003;GIR-FD82-C003;GIR-FD82-C004;GIR-FD82-C005;GIR-FD82-C016;GIR-FD82-C017;GIR-FD82-C018;GIR-FD82-C019;GIR-FD82-C020;GIR-FD82-C021;GIR-FD82-C022;GIR-FD82-C023
F18-03	D18	战斗动画制作	WP74	specs/demo/wp74-battle-animation-authoring-and-exchange.md	deliverables/final-specification-set/demo-dx/wp74-battle-animation-authoring-and-exchange.md	-	MAPPED_AND_REVIEWED_IN_DECLARED_WP_SCOPES; NOT_A_RULE_COVERAGE_PERCENTAGE	-	-	GIR-FD82-C025;GIR-FD82-C026;GIR-FD82-C031;GIR-FD82-C032;GIR-FD82-C033
F18-04	D18	工程转换与外围制作工具	WP75	specs/demo/wp75-project-conversion-and-authoring-tools.md	deliverables/final-specification-set/demo-dx/wp75-project-conversion-and-authoring-tools.md	-	MAPPED_AND_REVIEWED_IN_DECLARED_WP_SCOPES; NOT_A_RULE_COVERAGE_PERCENTAGE	-	-	GIR-FD82-C024;GIR-FD82-C027;GIR-FD82-C030;GIR-FD82-C034;GIR-FD82-C051
F18-05	D18	挑战内容生成与评估	WP76	specs/demo/wp76-facility-content-generation-and-simulation.md	deliverables/final-specification-set/demo-dx/wp76-facility-content-generation-and-simulation.md	-	MAPPED_AND_REVIEWED_IN_DECLARED_WP_SCOPES; NOT_A_RULE_COVERAGE_PERCENTAGE	-	-	GIR-FD82-B034
F18-06	D18	demo 场景与能力示例	WP77	specs/demo/wp77-demo-evidence-and-capability-coverage.md	deliverables/final-specification-set/demo-dx/wp77-demo-evidence-and-capability-coverage.md	-	MAPPED_AND_REVIEWED_IN_DECLARED_WP_SCOPES; NOT_A_RULE_COVERAGE_PERCENTAGE	-	-	GIR-FD82-C028;GIR-FD82-C029;GIR-FD82-C083
F18-07	D18	基线、缺失材料与兼容范围	WP01;WP77	specs/demo/wp01-baseline-and-evidence-scope.md;specs/demo/wp77-demo-evidence-and-capability-coverage.md	deliverables/final-specification-set/demo-dx/wp77-demo-evidence-and-capability-coverage.md;deliverables/final-specification-set/scope-statement.md	-	MAPPED_AND_REVIEWED_IN_DECLARED_WP_SCOPES; NOT_A_RULE_COVERAGE_PERCENTAGE	-	-	GIR-FD82-001
