repository	commit	path	mode	read_ranges	scope
project	e1e01bb18d824931e54f182dd61af5a9f908ba85	specs/combat/wp40-commands-obedience-and-action-order.md	TARGETED_SECOND_REVIEW	132-134	RUN-B-001 direct recheck; source text only
project	e1e01bb18d824931e54f182dd61af5a9f908ba85	deliverables/final-specification-set/combat-requirements/wp40-commands-obedience-and-action-order.md	TARGETED_SECOND_REVIEW	144-146	RUN-B-001 direct recheck; source text only
reference	8c5911e4a4b07b07e832e4bb0d5d8859e88b4a9b	Data/Scripts/011_Battle/002_Battler/007_Battler_UseMove.rb	TARGETED_SECOND_REVIEW	136-148;154-193	RUN-B-001 direct recheck; source text only
reference	8c5911e4a4b07b07e832e4bb0d5d8859e88b4a9b	Data/Scripts/011_Battle/002_Battler/009_Battler_UseMoveSuccessChecks.rb	TARGETED_SECOND_REVIEW	19-25;183-190	RUN-B-001 direct recheck; source text only
project	e1e01bb18d824931e54f182dd61af5a9f908ba85	specs/combat/wp39-battle-context-and-participants.md	TARGETED_SECOND_REVIEW	143-149;243-247	RUN-B-002 direct recheck; source text only
project	e1e01bb18d824931e54f182dd61af5a9f908ba85	deliverables/final-specification-set/combat-requirements/wp39-battle-context-and-participants.md	TARGETED_SECOND_REVIEW	159-165;267-271	RUN-B-002 direct recheck; source text only
reference	8c5911e4a4b07b07e832e4bb0d5d8859e88b4a9b	Data/Scripts/011_Battle/001_Battle/001_Battle.rb	TARGETED_SECOND_REVIEW	98-103;365-380	RUN-B-002 direct recheck; source text only
reference	8c5911e4a4b07b07e832e4bb0d5d8859e88b4a9b	Data/Scripts/011_Battle/001_Battle/002_Battle_StartAndEnd.rb	TARGETED_SECOND_REVIEW	16-104	RUN-B-002 direct recheck; source text only
reference	8c5911e4a4b07b07e832e4bb0d5d8859e88b4a9b	Data/Scripts/012_Overworld/002_Battle triggering/001_Overworld_BattleStarting.rb	TARGETED_SECOND_REVIEW	493-518;538-545	RUN-B-002 direct recheck; source text only
project	e1e01bb18d824931e54f182dd61af5a9f908ba85	specs/combat/wp39-battle-context-and-participants.md	TARGETED_SECOND_REVIEW	199-204	RUN-B-003 direct recheck; source text only
project	e1e01bb18d824931e54f182dd61af5a9f908ba85	deliverables/final-specification-set/combat-requirements/wp39-battle-context-and-participants.md	TARGETED_SECOND_REVIEW	221-226	RUN-B-003 direct recheck; source text only
project	e1e01bb18d824931e54f182dd61af5a9f908ba85	deliverables/final-specification-set/combat-requirements/wp54-entry-rules-and-cup-data.md	TARGETED_SECOND_REVIEW	88-107	RUN-B-003 direct recheck; source text only
reference	8c5911e4a4b07b07e832e4bb0d5d8859e88b4a9b	Data/Scripts/011_Battle/007_Other battle code/006_Battle_Clauses.rb	TARGETED_SECOND_REVIEW	11-49;66-90;112-117;146-168;197-268;280-304	RUN-B-003 direct recheck; source text only
reference	8c5911e4a4b07b07e832e4bb0d5d8859e88b4a9b	Data/Scripts/018_Alternate battle modes/002_Battle Frontier rules/005_Challenge_BattleRules.rb	TARGETED_SECOND_REVIEW	1-5;31-103	RUN-B-003 direct recheck; source text only
project	e1e01bb18d824931e54f182dd61af5a9f908ba85	deliverables/final-specification-set/combat-requirements/wp39-battle-context-and-participants.md	TARGETED_SECOND_REVIEW	34-43;192-203	RUN-B-004 direct recheck; source text only
project	e1e01bb18d824931e54f182dd61af5a9f908ba85	deliverables/final-specification-set/combat-requirements/wp40-commands-obedience-and-action-order.md	TARGETED_SECOND_REVIEW	35-37;208-209	RUN-B-004 direct recheck; source text only
project	e1e01bb18d824931e54f182dd61af5a9f908ba85	deliverables/final-specification-set/scope-statement.md	TARGETED_SECOND_REVIEW	31-35	RUN-B-004 direct recheck; source text only
project	e1e01bb18d824931e54f182dd61af5a9f908ba85	AGENTS.md	TARGETED_SECOND_REVIEW	39-106	RUN-B-004 direct recheck; source text only
reference	8c5911e4a4b07b07e832e4bb0d5d8859e88b4a9b	Data/Scripts/011_Battle/001_Battle/001_Battle.rb	TARGETED_SECOND_REVIEW	104-173	RUN-B-004 direct recheck; source text only
reference	8c5911e4a4b07b07e832e4bb0d5d8859e88b4a9b	Data/Scripts/011_Battle/001_Battle/002_Battle_StartAndEnd.rb	TARGETED_SECOND_REVIEW	109-117	RUN-B-004 direct recheck; source text only
reference	8c5911e4a4b07b07e832e4bb0d5d8859e88b4a9b	Data/Scripts/011_Battle/002_Battler/002_Battler_Initialize.rb	TARGETED_SECOND_REVIEW	60-90	RUN-B-004 direct recheck; source text only
reference	8c5911e4a4b07b07e832e4bb0d5d8859e88b4a9b	Data/Scripts/011_Battle/001_Battle/009_Battle_CommandPhase.rb	TARGETED_SECOND_REVIEW	5-10	RUN-B-004 direct recheck; source text only
reference	8c5911e4a4b07b07e832e4bb0d5d8859e88b4a9b	Data/Scripts/011_Battle/001_Battle/004_Battle_ActionAttacksPriority.rb	TARGETED_SECOND_REVIEW	150-162	RUN-B-004 direct recheck; source text only
project	e1e01bb18d824931e54f182dd61af5a9f908ba85	deliverables/final-specification-set/test-catalog/pokemon-rules-wp31-32-37-38.md	TARGETED_SECOND_REVIEW	129	RUN-B-005 direct recheck; source text only
project	e1e01bb18d824931e54f182dd61af5a9f908ba85	deliverables/final-specification-set/test-catalog/combat-requirements-wp39-40-41-42-45.md	TARGETED_SECOND_REVIEW	20;36;39;43	RUN-B-005 direct recheck; source text only
project	e1e01bb18d824931e54f182dd61af5a9f908ba85	specs/pokemon-rules/wp38-capture-and-receiving.md	TARGETED_SECOND_REVIEW	151	RUN-B-005 direct recheck; source text only
project	e1e01bb18d824931e54f182dd61af5a9f908ba85	specs/combat/wp39-battle-context-and-participants.md	TARGETED_SECOND_REVIEW	305	RUN-B-005 direct recheck; source text only
project	e1e01bb18d824931e54f182dd61af5a9f908ba85	specs/combat/wp40-commands-obedience-and-action-order.md	TARGETED_SECOND_REVIEW	310;313;317	RUN-B-005 direct recheck; source text only
reference	8c5911e4a4b07b07e832e4bb0d5d8859e88b4a9b	Data/Scripts/011_Battle/007_Other battle code/005_Battle_CatchAndStoreMixin.rb	TARGETED_SECOND_REVIEW	229-260	RUN-B-005 direct recheck; source text only
reference	8c5911e4a4b07b07e832e4bb0d5d8859e88b4a9b	Data/Scripts/012_Overworld/002_Battle triggering/001_Overworld_BattleStarting.rb	TARGETED_SECOND_REVIEW	171-179	RUN-B-005 direct recheck; source text only
reference	8c5911e4a4b07b07e832e4bb0d5d8859e88b4a9b	Data/Scripts/011_Battle/002_Battler/009_Battler_UseMoveSuccessChecks.rb	TARGETED_SECOND_REVIEW	155-166	RUN-B-005 direct recheck; source text only
reference	8c5911e4a4b07b07e832e4bb0d5d8859e88b4a9b	Data/Scripts/011_Battle/001_Battle/004_Battle_ActionAttacksPriority.rb	TARGETED_SECOND_REVIEW	235-250	RUN-B-005 direct recheck; source text only
reference	8c5911e4a4b07b07e832e4bb0d5d8859e88b4a9b	Data/Scripts/011_Battle/001_Battle/008_Battle_ActionOther.rb	TARGETED_SECOND_REVIEW	180-199	RUN-B-005 direct recheck; source text only
project	e1e01bb18d824931e54f182dd61af5a9f908ba85	specs/combat/wp40-commands-obedience-and-action-order.md	TARGETED_SECOND_REVIEW	180-183;274;306-307	RUN-B-006 direct recheck; source text only
project	e1e01bb18d824931e54f182dd61af5a9f908ba85	deliverables/final-specification-set/combat-requirements/wp40-commands-obedience-and-action-order.md	TARGETED_SECOND_REVIEW	193-194;291	RUN-B-006 direct recheck; source text only
project	e1e01bb18d824931e54f182dd61af5a9f908ba85	deliverables/final-specification-set/test-catalog/combat-requirements-wp39-40-41-42-45.md	TARGETED_SECOND_REVIEW	32-33	RUN-B-006 direct recheck; source text only
reference	8c5911e4a4b07b07e832e4bb0d5d8859e88b4a9b	Data/Scripts/002_BattleSettings.rb	TARGETED_SECOND_REVIEW	13-19	RUN-B-006 direct recheck; source text only
reference	8c5911e4a4b07b07e832e4bb0d5d8859e88b4a9b	Data/Scripts/011_Battle/002_Battler/009_Battler_UseMoveSuccessChecks.rb	TARGETED_SECOND_REVIEW	107-126	RUN-B-006 direct recheck; source text only
project	e1e01bb18d824931e54f182dd61af5a9f908ba85	specs/pokemon-rules/wp38-capture-and-receiving.md	TARGETED_SECOND_REVIEW	33;69;160	RUN-B-007 direct recheck; source text only
project	e1e01bb18d824931e54f182dd61af5a9f908ba85	deliverables/final-specification-set/pokemon-rules/wp38-capture-and-receiving.md	TARGETED_SECOND_REVIEW	33;69	RUN-B-007 direct recheck; source text only
project	e1e01bb18d824931e54f182dd61af5a9f908ba85	deliverables/final-specification-set/test-catalog/pokemon-rules-wp31-32-37-38.md	TARGETED_SECOND_REVIEW	138	RUN-B-007 direct recheck; source text only
project	e1e01bb18d824931e54f182dd61af5a9f908ba85	deliverables/final-specification-set/pokemon-rules/wp48-ability-calculation-modifiers.md	TARGETED_SECOND_REVIEW	22;45	RUN-B-007 direct recheck; source text only
project	e1e01bb18d824931e54f182dd61af5a9f908ba85	deliverables/final-specification-set/pokemon-rules/wp50-held-item-triggers-and-consumption.md	TARGETED_SECOND_REVIEW	17;42	RUN-B-007 direct recheck; source text only
reference	8c5911e4a4b07b07e832e4bb0d5d8859e88b4a9b	Data/Scripts/011_Battle/007_Other battle code/010_Battle_PokeBallEffects.rb	TARGETED_SECOND_REVIEW	125-147	RUN-B-007 direct recheck; source text only
reference	8c5911e4a4b07b07e832e4bb0d5d8859e88b4a9b	Data/Scripts/011_Battle/002_Battler/001_Battle_Battler.rb	TARGETED_SECOND_REVIEW	277-287	RUN-B-007 direct recheck; source text only
reference	8c5911e4a4b07b07e832e4bb0d5d8859e88b4a9b	Data/Scripts/014_Pokemon/001_Pokemon.rb	TARGETED_SECOND_REVIEW	903-905	RUN-B-007 direct recheck; source text only
reference	8c5911e4a4b07b07e832e4bb0d5d8859e88b4a9b	Data/Scripts/011_Battle/007_Other battle code/008_Battle_AbilityEffects.rb	TARGETED_SECOND_REVIEW	351-360	RUN-B-007 direct recheck; source text only
reference	8c5911e4a4b07b07e832e4bb0d5d8859e88b4a9b	Data/Scripts/011_Battle/007_Other battle code/009_Battle_ItemEffects.rb	TARGETED_SECOND_REVIEW	253-256	RUN-B-007 direct recheck; source text only
project	e1e01bb18d824931e54f182dd61af5a9f908ba85	specs/combat/wp40-commands-obedience-and-action-order.md	TARGETED_SECOND_REVIEW	90-94	RUN-B-008 direct recheck; source text only
project	e1e01bb18d824931e54f182dd61af5a9f908ba85	deliverables/final-specification-set/combat-requirements/wp40-commands-obedience-and-action-order.md	TARGETED_SECOND_REVIEW	99-103	RUN-B-008 direct recheck; source text only
project	e1e01bb18d824931e54f182dd61af5a9f908ba85	deliverables/final-specification-set/creature-rpg/wp28-item-use-and-training.md	TARGETED_SECOND_REVIEW	94-99	RUN-B-008 direct recheck; source text only
reference	8c5911e4a4b07b07e832e4bb0d5d8859e88b4a9b	Data/Scripts/011_Battle/001_Battle/009_Battle_CommandPhase.rb	TARGETED_SECOND_REVIEW	100-136	RUN-B-008 direct recheck; source text only
reference	8c5911e4a4b07b07e832e4bb0d5d8859e88b4a9b	Data/Scripts/011_Battle/004_Scene/003_Scene_ChooseCommands.rb	TARGETED_SECOND_REVIEW	208-230;312-314	RUN-B-008 direct recheck; source text only
reference	8c5911e4a4b07b07e832e4bb0d5d8859e88b4a9b	Data/Scripts/013_Items/001_Item_Utilities.rb	TARGETED_SECOND_REVIEW	96-114	RUN-B-008 direct recheck; source text only
reference	8c5911e4a4b07b07e832e4bb0d5d8859e88b4a9b	Data/Scripts/003_Game processing/005_Event_Handlers.rb	TARGETED_SECOND_REVIEW	154-160;192-195;294-295	RUN-B-008 direct recheck; source text only
reference	8c5911e4a4b07b07e832e4bb0d5d8859e88b4a9b	Data/Scripts/011_Battle/001_Battle/006_Battle_ActionUseItem.rb	TARGETED_SECOND_REVIEW	34-59;133-147	RUN-B-008 direct recheck; source text only
reference	8c5911e4a4b07b07e832e4bb0d5d8859e88b4a9b	Data/Scripts/010_Data/002_PBS data/006_Item.rb	TARGETED_SECOND_REVIEW	37-38;129-133;196-197	RUN-B-008 direct recheck; source text only
project	e1e01bb18d824931e54f182dd61af5a9f908ba85	specs/combat/wp39-battle-context-and-participants.md	TARGETED_SECOND_REVIEW	69-74	RUN-B-009 direct recheck; source text only
project	e1e01bb18d824931e54f182dd61af5a9f908ba85	deliverables/final-specification-set/combat-requirements/wp39-battle-context-and-participants.md	TARGETED_SECOND_REVIEW	76-82	RUN-B-009 direct recheck; source text only
reference	8c5911e4a4b07b07e832e4bb0d5d8859e88b4a9b	Data/Scripts/012_Overworld/002_Battle triggering/001_Overworld_BattleStarting.rb	TARGETED_SECOND_REVIEW	458-476	RUN-B-009 direct recheck; source text only
reference	8c5911e4a4b07b07e832e4bb0d5d8859e88b4a9b	Data/Scripts/004_Game classes/008_Game_Player.rb	TARGETED_SECOND_REVIEW	284-297	RUN-B-009 direct recheck; source text only
reference	8c5911e4a4b07b07e832e4bb0d5d8859e88b4a9b	Data/Scripts/004_Game classes/007_Game_Event.rb	TARGETED_SECOND_REVIEW	142-162	RUN-B-009 direct recheck; source text only
project	e1e01bb18d824931e54f182dd61af5a9f908ba85	specs/pokemon-rules/wp43-types-accuracy-and-damage.md	TARGETED_SECOND_REVIEW	85-89	RUN-B-010 direct recheck; static only
project	e1e01bb18d824931e54f182dd61af5a9f908ba85	deliverables/final-specification-set/pokemon-rules/wp43-types-accuracy-and-damage.md	TARGETED_SECOND_REVIEW	76-80	RUN-B-010 direct recheck; static only
project	e1e01bb18d824931e54f182dd61af5a9f908ba85	deliverables/final-specification-set/pokemon-rules/wp46-damage-multihit-and-healing.md	TARGETED_SECOND_REVIEW	97	RUN-B-010 direct recheck; static only
project	e1e01bb18d824931e54f182dd61af5a9f908ba85	deliverables/final-specification-set/combat-requirements/wp54-entry-eligibility-level-adjustment-and-clauses.md	TARGETED_SECOND_REVIEW	136-142	RUN-B-010 direct recheck; static only
reference	8c5911e4a4b07b07e832e4bb0d5d8859e88b4a9b	Data/Scripts/011_Battle/003_Move/008_MoveEffects_MoveAttributes.rb	TARGETED_SECOND_REVIEW	70-126	RUN-B-010 direct recheck; static only
reference	8c5911e4a4b07b07e832e4bb0d5d8859e88b4a9b	Data/Scripts/011_Battle/007_Other battle code/006_Battle_Clauses.rb	TARGETED_SECOND_REVIEW	192-220	RUN-B-010 direct recheck; static only
reference	8c5911e4a4b07b07e832e4bb0d5d8859e88b4a9b	PBS/moves.txt	TARGETED_SECOND_REVIEW	4562-4572	RUN-B-010 direct recheck; static only
project	e1e01bb18d824931e54f182dd61af5a9f908ba85	specs/combat/wp42-growth-end-of-round-and-battle-outcomes.md	TARGETED_SECOND_REVIEW	125-142;276	RUN-B-011 direct recheck; static only
project	e1e01bb18d824931e54f182dd61af5a9f908ba85	deliverables/final-specification-set/combat-requirements/wp42-growth-end-of-round-and-battle-outcomes.md	TARGETED_SECOND_REVIEW	119-120;141;147-154	RUN-B-011 direct recheck; static only
project	e1e01bb18d824931e54f182dd61af5a9f908ba85	deliverables/final-specification-set/test-catalog/combat-requirements-wp39-40-41-42-45.md	TARGETED_SECOND_REVIEW	116	RUN-B-011 direct recheck; static only
reference	8c5911e4a4b07b07e832e4bb0d5d8859e88b4a9b	Data/Scripts/011_Battle/001_Battle/011_Battle_EndOfRoundPhase.rb	TARGETED_SECOND_REVIEW	370-389;671-676	RUN-B-011 direct recheck; static only
reference	8c5911e4a4b07b07e832e4bb0d5d8859e88b4a9b	Data/Scripts/011_Battle/002_Battler/003_Battler_ChangeSelf.rb	TARGETED_SECOND_REVIEW	64-88	RUN-B-011 direct recheck; static only
reference	8c5911e4a4b07b07e832e4bb0d5d8859e88b4a9b	Data/Scripts/011_Battle/002_Battler/002_Battler_Initialize.rb	TARGETED_SECOND_REVIEW	128-178	RUN-B-011 direct recheck; static only
reference	8c5911e4a4b07b07e832e4bb0d5d8859e88b4a9b	Data/Scripts/011_Battle/007_Other battle code/006_Battle_Clauses.rb	TARGETED_SECOND_REVIEW	25-37	RUN-B-011 direct recheck; static only
project	e1e01bb18d824931e54f182dd61af5a9f908ba85	specs/combat/wp41-switching-positioning-and-escape.md	TARGETED_SECOND_REVIEW	116-124	RUN-B-012 direct recheck; static only
project	e1e01bb18d824931e54f182dd61af5a9f908ba85	deliverables/final-specification-set/combat-requirements/wp41-switching-positioning-and-escape.md	TARGETED_SECOND_REVIEW	130-138	RUN-B-012 direct recheck; static only
reference	8c5911e4a4b07b07e832e4bb0d5d8859e88b4a9b	Data/Scripts/011_Battle/002_Battler/007_Battler_UseMove.rb	TARGETED_SECOND_REVIEW	17-40;61-95	RUN-B-012 direct recheck; static only
reference	8c5911e4a4b07b07e832e4bb0d5d8859e88b4a9b	Data/Scripts/011_Battle/001_Battle/001_Battle.rb	TARGETED_SECOND_REVIEW	602-634	RUN-B-012 direct recheck; static only
reference	8c5911e4a4b07b07e832e4bb0d5d8859e88b4a9b	Data/Scripts/011_Battle/001_Battle/011_Battle_EndOfRoundPhase.rb	TARGETED_SECOND_REVIEW	713-735	RUN-B-012 direct recheck; static only
project	e1e01bb18d824931e54f182dd61af5a9f908ba85	specs/combat/wp41-switching-positioning-and-escape.md	TARGETED_SECOND_REVIEW	153-154	RUN-B-014 direct recheck; static only
project	e1e01bb18d824931e54f182dd61af5a9f908ba85	deliverables/final-specification-set/combat-requirements/wp41-switching-positioning-and-escape.md	TARGETED_SECOND_REVIEW	172-173	RUN-B-014 direct recheck; static only
project	e1e01bb18d824931e54f182dd61af5a9f908ba85	deliverables/final-specification-set/combat-requirements/wp47-b-switching-control-and-item-changes.md	TARGETED_SECOND_REVIEW	29-35	RUN-B-014 direct recheck; static only
reference	8c5911e4a4b07b07e832e4bb0d5d8859e88b4a9b	Data/Scripts/011_Battle/003_Move/013_MoveEffects_SwitchingActing.rb	TARGETED_SECOND_REVIEW	64-84	RUN-B-014 direct recheck; static only
reference	8c5911e4a4b07b07e832e4bb0d5d8859e88b4a9b	Data/Scripts/011_Battle/002_Battler/007_Battler_UseMove.rb	TARGETED_SECOND_REVIEW	403-428;499-505;583-637;752-760	RUN-B-014 direct recheck; static only
reference	8c5911e4a4b07b07e832e4bb0d5d8859e88b4a9b	Data/Scripts/011_Battle/002_Battler/010_Battler_UseMoveTriggerEffects.rb	TARGETED_SECOND_REVIEW	154-166	RUN-B-014 direct recheck; static only
reference	8c5911e4a4b07b07e832e4bb0d5d8859e88b4a9b	Data/Scripts/011_Battle/003_Move/002_Move_Usage.rb	TARGETED_SECOND_REVIEW	163-194;328-345	RUN-B-014 direct recheck; static only
reference	8c5911e4a4b07b07e832e4bb0d5d8859e88b4a9b	Data/Scripts/011_Battle/003_Move/003_Move_UsageCalculations.rb	TARGETED_SECOND_REVIEW	239-243	RUN-B-014 direct recheck; static only
reference	8c5911e4a4b07b07e832e4bb0d5d8859e88b4a9b	PBS/moves.txt	TARGETED_SECOND_REVIEW	128-137	RUN-B-014 direct recheck; static only
project	e1e01bb18d824931e54f182dd61af5a9f908ba85	specs/combat/wp42-growth-end-of-round-and-battle-outcomes.md	TARGETED_SECOND_REVIEW	95-96	RUN-B-015 direct recheck; static only
project	e1e01bb18d824931e54f182dd61af5a9f908ba85	deliverables/final-specification-set/combat-requirements/wp42-growth-end-of-round-and-battle-outcomes.md	TARGETED_SECOND_REVIEW	107-108	RUN-B-015 direct recheck; static only
project	e1e01bb18d824931e54f182dd61af5a9f908ba85	specs/combat/wp45-weather-terrain-side-and-position-effects.md	TARGETED_SECOND_REVIEW	172-176	RUN-B-015 direct recheck; static only
project	e1e01bb18d824931e54f182dd61af5a9f908ba85	deliverables/final-specification-set/combat-requirements/wp45-weather-terrain-side-and-position-effects.md	TARGETED_SECOND_REVIEW	189-193	RUN-B-015 direct recheck; static only
project	e1e01bb18d824931e54f182dd61af5a9f908ba85	specs/combat/wp39-battle-context-and-participants.md	TARGETED_SECOND_REVIEW	176-177	RUN-B-015 direct recheck; static only
project	e1e01bb18d824931e54f182dd61af5a9f908ba85	deliverables/final-specification-set/combat-requirements/wp39-battle-context-and-participants.md	TARGETED_SECOND_REVIEW	196-197	RUN-B-015 direct recheck; static only
reference	8c5911e4a4b07b07e832e4bb0d5d8859e88b4a9b	Data/Scripts/011_Battle/001_Battle/011_Battle_EndOfRoundPhase.rb	TARGETED_SECOND_REVIEW	78-114	RUN-B-015 direct recheck; static only
reference	8c5911e4a4b07b07e832e4bb0d5d8859e88b4a9b	Data/Scripts/011_Battle/002_Battler/002_Battler_Initialize.rb	TARGETED_SECOND_REVIEW	5-14;35-58;150-153;197-212;226-249;268-272	RUN-B-015 direct recheck; static only
reference	8c5911e4a4b07b07e832e4bb0d5d8859e88b4a9b	Data/Scripts/011_Battle/003_Move/013_MoveEffects_SwitchingActing.rb	TARGETED_SECOND_REVIEW	316-343	RUN-B-015 direct recheck; static only
reference	8c5911e4a4b07b07e832e4bb0d5d8859e88b4a9b	Data/Scripts/011_Battle/003_Move/005_MoveEffects_Misc.rb	TARGETED_SECOND_REVIEW	631-637	RUN-B-015 direct recheck; static only
reference	8c5911e4a4b07b07e832e4bb0d5d8859e88b4a9b	Data/Scripts/011_Battle/001_Battle/001_Battle.rb	TARGETED_SECOND_REVIEW	440-464	B015 living-battler iterator
reference	8c5911e4a4b07b07e832e4bb0d5d8859e88b4a9b	Data/Scripts/011_Battle/002_Battler/007_Battler_UseMove.rb	TARGETED_SECOND_REVIEW	97-128	B001 end-turn does not restore cleared history
project	e1e01bb18d824931e54f182dd61af5a9f908ba85	specs/pokemon-rules/wp19-attributes-ability-and-stats.md	TARGETED_SECOND_REVIEW	102-108	RUN-A-020 direct recheck
project	e1e01bb18d824931e54f182dd61af5a9f908ba85	specs/pokemon-rules/wp19-attributes-ability-and-stats.md	TARGETED_SECOND_REVIEW	173-173	RUN-A-020 direct recheck
project	e1e01bb18d824931e54f182dd61af5a9f908ba85	deliverables/final-specification-set/pokemon-rules/wp19-attributes-ability-and-stats.md	TARGETED_SECOND_REVIEW	77-83	RUN-A-020 direct recheck
project	e1e01bb18d824931e54f182dd61af5a9f908ba85	deliverables/final-specification-set/pokemon-rules/wp19-attributes-ability-and-stats.md	TARGETED_SECOND_REVIEW	147-147	RUN-A-020 direct recheck
project	e1e01bb18d824931e54f182dd61af5a9f908ba85	deliverables/final-specification-set/test-catalog/pokemon-rules-wp19-21-22-23-34.md	TARGETED_SECOND_REVIEW	17-25	RUN-A-020 direct recheck
project	e1e01bb18d824931e54f182dd61af5a9f908ba85	deliverables/final-specification-set/test-catalog/pokemon-rules-wp19-21-22-23-34.md	TARGETED_SECOND_REVIEW	37-37	RUN-A-020 direct recheck
project	e1e01bb18d824931e54f182dd61af5a9f908ba85	deliverables/final-specification-set/creature-rpg/wp28-item-use-and-training.md	TARGETED_SECOND_REVIEW	154-161	RUN-A-020 direct recheck
reference	8c5911e4a4b07b07e832e4bb0d5d8859e88b4a9b	Data/Scripts/010_Data/001_Hardcoded data/009_Nature.rb	TARGETED_SECOND_REVIEW	30-173	RUN-A-020 direct recheck
reference	8c5911e4a4b07b07e832e4bb0d5d8859e88b4a9b	Data/Scripts/014_Pokemon/001_Pokemon.rb	TARGETED_SECOND_REVIEW	496-503	RUN-A-020 direct recheck
reference	8c5911e4a4b07b07e832e4bb0d5d8859e88b4a9b	Data/Scripts/014_Pokemon/001_Pokemon.rb	TARGETED_SECOND_REVIEW	1099-1117	RUN-A-020 direct recheck
reference	8c5911e4a4b07b07e832e4bb0d5d8859e88b4a9b	PBS/pokemon.txt	TARGETED_SECOND_REVIEW	3-17	RUN-A-020 direct recheck
project	e1e01bb18d824931e54f182dd61af5a9f908ba85	specs/creature-rpg/wp18-creature-identity-species-ownership.md	TARGETED_SECOND_REVIEW	59-81	RUN-A-021 direct recheck
project	e1e01bb18d824931e54f182dd61af5a9f908ba85	deliverables/final-specification-set/creature-rpg/wp18-creature-identity-species-ownership.md	TARGETED_SECOND_REVIEW	58-80	RUN-A-021 direct recheck
reference	8c5911e4a4b07b07e832e4bb0d5d8859e88b4a9b	Data/Scripts/010_Data/002_PBS data/008_Species.rb	TARGETED_SECOND_REVIEW	175-220	RUN-A-021 direct recheck
project	e1e01bb18d824931e54f182dd61af5a9f908ba85	specs/creature-rpg/wp18-creature-identity-species-ownership.md	TARGETED_SECOND_REVIEW	164-168	RUN-A-022 direct recheck
project	e1e01bb18d824931e54f182dd61af5a9f908ba85	deliverables/final-specification-set/creature-rpg/wp18-creature-identity-species-ownership.md	TARGETED_SECOND_REVIEW	168-172	RUN-A-022 direct recheck
project	e1e01bb18d824931e54f182dd61af5a9f908ba85	deliverables/final-specification-set/pokemon-rules/wp21-dynamic-forms-and-display.md	TARGETED_SECOND_REVIEW	60-73	RUN-A-022 direct recheck
reference	8c5911e4a4b07b07e832e4bb0d5d8859e88b4a9b	Data/Scripts/014_Pokemon/001_Pokemon.rb	TARGETED_SECOND_REVIEW	1194-1197	RUN-A-022 direct recheck
reference	8c5911e4a4b07b07e832e4bb0d5d8859e88b4a9b	Data/Scripts/014_Pokemon/001_Pokemon.rb	TARGETED_SECOND_REVIEW	1215-1224	RUN-A-022 direct recheck
reference	8c5911e4a4b07b07e832e4bb0d5d8859e88b4a9b	Data/Scripts/014_Pokemon/001_Pokemon-related/001_FormHandlers.rb	TARGETED_SECOND_REVIEW	146-150	RUN-A-022 direct recheck
reference	8c5911e4a4b07b07e832e4bb0d5d8859e88b4a9b	Data/Scripts/014_Pokemon/001_Pokemon-related/001_FormHandlers.rb	TARGETED_SECOND_REVIEW	448-458	RUN-A-022 direct recheck
reference	8c5911e4a4b07b07e832e4bb0d5d8859e88b4a9b	PBS/pokemon.txt	TARGETED_SECOND_REVIEW	5299-5322	RUN-A-022 direct recheck
project	e1e01bb18d824931e54f182dd61af5a9f908ba85	specs/creature-rpg/wp20-hp-status-moves-helditem.md	TARGETED_SECOND_REVIEW	121-131	RUN-A-023 direct recheck
project	e1e01bb18d824931e54f182dd61af5a9f908ba85	specs/creature-rpg/wp20-hp-status-moves-helditem.md	TARGETED_SECOND_REVIEW	203-203	RUN-A-023 direct recheck
project	e1e01bb18d824931e54f182dd61af5a9f908ba85	deliverables/final-specification-set/creature-rpg/wp20-hp-status-moves-helditem.md	TARGETED_SECOND_REVIEW	123-133	RUN-A-023 direct recheck
project	e1e01bb18d824931e54f182dd61af5a9f908ba85	deliverables/final-specification-set/creature-rpg/wp20-hp-status-moves-helditem.md	TARGETED_SECOND_REVIEW	209-209	RUN-A-023 direct recheck
reference	8c5911e4a4b07b07e832e4bb0d5d8859e88b4a9b	Data/Scripts/014_Pokemon/001_Pokemon.rb	TARGETED_SECOND_REVIEW	29-32	RUN-A-023 direct recheck
reference	8c5911e4a4b07b07e832e4bb0d5d8859e88b4a9b	Data/Scripts/014_Pokemon/001_Pokemon.rb	TARGETED_SECOND_REVIEW	605-615	RUN-A-023 direct recheck
reference	8c5911e4a4b07b07e832e4bb0d5d8859e88b4a9b	Data/Scripts/014_Pokemon/001_Pokemon.rb	TARGETED_SECOND_REVIEW	625-660	RUN-A-023 direct recheck
reference	8c5911e4a4b07b07e832e4bb0d5d8859e88b4a9b	Data/Scripts/014_Pokemon/001_Pokemon.rb	TARGETED_SECOND_REVIEW	1145-1147	RUN-A-023 direct recheck
reference	8c5911e4a4b07b07e832e4bb0d5d8859e88b4a9b	PBS/moves.txt	TARGETED_SECOND_REVIEW	5289-5300	RUN-A-023 direct recheck
reference	8c5911e4a4b07b07e832e4bb0d5d8859e88b4a9b	PBS/moves.txt	TARGETED_SECOND_REVIEW	5314-5337	RUN-A-023 direct recheck
reference	8c5911e4a4b07b07e832e4bb0d5d8859e88b4a9b	PBS/moves.txt	TARGETED_SECOND_REVIEW	5961-5971	RUN-A-023 direct recheck
reference	8c5911e4a4b07b07e832e4bb0d5d8859e88b4a9b	PBS/moves.txt	TARGETED_SECOND_REVIEW	6055-6064	RUN-A-023 direct recheck
reference	8c5911e4a4b07b07e832e4bb0d5d8859e88b4a9b	PBS/moves.txt	TARGETED_SECOND_REVIEW	6552-6562	RUN-A-023 direct recheck
project	e1e01bb18d824931e54f182dd61af5a9f908ba85	specs/creature-rpg/wp20-hp-status-moves-helditem.md	TARGETED_SECOND_REVIEW	138-145	RUN-A-024 direct recheck
project	e1e01bb18d824931e54f182dd61af5a9f908ba85	specs/creature-rpg/wp20-hp-status-moves-helditem.md	TARGETED_SECOND_REVIEW	225-225	RUN-A-024 direct recheck
project	e1e01bb18d824931e54f182dd61af5a9f908ba85	deliverables/final-specification-set/creature-rpg/wp20-hp-status-moves-helditem.md	TARGETED_SECOND_REVIEW	140-147	RUN-A-024 direct recheck
project	e1e01bb18d824931e54f182dd61af5a9f908ba85	deliverables/final-specification-set/creature-rpg/wp20-hp-status-moves-helditem.md	TARGETED_SECOND_REVIEW	231-231	RUN-A-024 direct recheck
project	e1e01bb18d824931e54f182dd61af5a9f908ba85	deliverables/final-specification-set/creature-rpg/wp30-growth-learning-and-friendship.md	TARGETED_SECOND_REVIEW	163-169	RUN-A-024 direct recheck
reference	8c5911e4a4b07b07e832e4bb0d5d8859e88b4a9b	Data/Scripts/016_UI/022_UI_MoveRelearner.rb	TARGETED_SECOND_REVIEW	150-165	RUN-A-024 direct recheck
reference	8c5911e4a4b07b07e832e4bb0d5d8859e88b4a9b	Data/Scripts/014_Pokemon/001_Pokemon.rb	TARGETED_SECOND_REVIEW	717-723	RUN-A-024 direct recheck
reference	8c5911e4a4b07b07e832e4bb0d5d8859e88b4a9b	Data/Scripts/001_Settings.rb	TARGETED_SECOND_REVIEW	147-151	RUN-A-024 direct recheck
reference	8c5911e4a4b07b07e832e4bb0d5d8859e88b4a9b	PBS/pokemon.txt	TARGETED_SECOND_REVIEW	3-18	RUN-A-024 direct recheck
reference	8c5911e4a4b07b07e832e4bb0d5d8859e88b4a9b	PBS/moves.txt	TARGETED_SECOND_REVIEW	7324-7332	RUN-A-024 direct recheck
project	e1e01bb18d824931e54f182dd61af5a9f908ba85	specs/creature-rpg/wp20-hp-status-moves-helditem.md	TARGETED_SECOND_REVIEW	129-129	RUN-A-025 direct recheck
project	e1e01bb18d824931e54f182dd61af5a9f908ba85	deliverables/final-specification-set/creature-rpg/wp20-hp-status-moves-helditem.md	TARGETED_SECOND_REVIEW	131-131	RUN-A-025 direct recheck
reference	8c5911e4a4b07b07e832e4bb0d5d8859e88b4a9b	Data/Scripts/014_Pokemon/001_Pokemon.rb	TARGETED_SECOND_REVIEW	670-674	RUN-A-025 direct recheck
reference	8c5911e4a4b07b07e832e4bb0d5d8859e88b4a9b	Data/Scripts/020_Debug/003_Debug menus/007_Debug_PokemonCommands.rb	TARGETED_SECOND_REVIEW	473-483	RUN-A-025 direct recheck
reference	8c5911e4a4b07b07e832e4bb0d5d8859e88b4a9b	Data/Scripts/014_Pokemon/001_Pokemon.rb	TARGETED_SECOND_REVIEW	1055-1098	A020 fixed stat arithmetic source formula
project	e1e01bb18d824931e54f182dd61af5a9f908ba85	deliverables/final-specification-set/pokemon-rules/wp19-attributes-ability-and-stats.md	TARGETED_SECOND_REVIEW	127-152	A020 delivered formula
