junction	topic	original_line	work_packages	current_disposition	evidence	linked_findings
G1-1	普通 PBS 发现机制	15	WP02;WP04	PENDING_ALL_DEPENDENCY_REVIEW	old claim read in full; new primary/cross-review evidence to be adjudicated	-
G1-2	候选变体材料（备份目录）	16	WP01;WP02;WP23;WP77	PENDING_ALL_DEPENDENCY_REVIEW	old claim read in full; new primary/cross-review evidence to be adjudicated	-
G1-3	设施名单专用显式入口	17	WP04;WP54;WP76	PENDING_ALL_DEPENDENCY_REVIEW	old claim read in full; new primary/cross-review evidence to be adjudicated	-
G1-4	注册表默认契约与按类例外	18	WP03;WP24;WP36;WP63	PENDING_ALL_DEPENDENCY_REVIEW	old claim read in full; new primary/cross-review evidence to be adjudicated	-
G1-5	编译消费边界 vs 数据包编译声明	19	WP04;WP36;WP54;WP76	PENDING_ALL_DEPENDENCY_REVIEW	old claim read in full; new primary/cross-review evidence to be adjudicated	-
G2-1	计时来源	25	WP06;WP59;WP60;WP63;WP70	PENDING_ALL_DEPENDENCY_REVIEW	old claim read in full; new primary/cross-review evidence to be adjudicated	-
G2-2	离线追赶语义	26	WP06;WP60;WP63	PENDING_ALL_DEPENDENCY_REVIEW	old claim read in full; new primary/cross-review evidence to be adjudicated	-
G2-3	步进入口与计数	27	WP06;WP33;WP35;WP36;WP61;WP61-A;WP61-B	PENDING_ALL_DEPENDENCY_REVIEW	old claim read in full; new primary/cross-review evidence to be adjudicated	-
G2-4	行走友好度	28	WP30;WP61;WP61-B	PENDING_ALL_DEPENDENCY_REVIEW	old claim read in full; new primary/cross-review evidence to be adjudicated	-
G2-5	显式种子与有限可重现	29	WP06;WP14;WP58;WP70	PENDING_ALL_DEPENDENCY_REVIEW	old claim read in full; new primary/cross-review evidence to be adjudicated	-
G2-6	读档/暂停推进	30	WP06;WP53;WP63	PENDING_ALL_DEPENDENCY_REVIEW	old claim read in full; new primary/cross-review evidence to be adjudicated	-
G2-7	漫游/雷达随机	31	WP06;WP37	PENDING_ALL_DEPENDENCY_REVIEW	old claim read in full; new primary/cross-review evidence to be adjudicated	-
G2-8	世界天气显示管线	32	WP16;WP16-C;WP45;WP59;WP59-B	PENDING_ALL_DEPENDENCY_REVIEW	old claim read in full; new primary/cross-review evidence to be adjudicated	-
G3-1	捕获唯一主规格	38	WP20;WP25;WP27;WP38;WP62	PENDING_ALL_DEPENDENCY_REVIEW	old claim read in full; new primary/cross-review evidence to be adjudicated	-
G3-2	容量与部分写入	39	WP25;WP27	PENDING_ALL_DEPENDENCY_REVIEW	old claim read in full; new primary/cross-review evidence to be adjudicated	-
G3-3	租借个体所有权	40	WP25;WP54;WP55;WP57	PENDING_ALL_DEPENDENCY_REVIEW	old claim read in full; new primary/cross-review evidence to be adjudicated	-
G3-4	图鉴写入门与公开清理	41	WP26;WP35;WP38;WP57;WP62	PENDING_ALL_DEPENDENCY_REVIEW	old claim read in full; new primary/cross-review evidence to be adjudicated	-
G3-5	给予链部分提交	42	WP25;WP27;WP64;WP66-A	PENDING_ALL_DEPENDENCY_REVIEW	old claim read in full; new primary/cross-review evidence to be adjudicated	-
G3-6	拥有者/外来判定结构	43	WP18;WP24;WP26;WP38;WP57	PENDING_ALL_DEPENDENCY_REVIEW	old claim read in full; new primary/cross-review evidence to be adjudicated	-
G4-1	临时等级与还原	49	WP54;WP55;WP56	PENDING_ALL_DEPENDENCY_REVIEW	old claim read in full; new primary/cross-review evidence to be adjudicated	-
G4-2	会话状态机与队伍引用	50	WP54;WP55;WP57;WP58	PENDING_ALL_DEPENDENCY_REVIEW	old claim read in full; new primary/cross-review evidence to be adjudicated	-
G4-3	Mega/Primal 分入口还原	51	WP22;WP38;WP40;WP41;WP42;WP54;WP55;WP58	PENDING_ALL_DEPENDENCY_REVIEW	old claim read in full; new primary/cross-review evidence to be adjudicated	-
G4-4	Shadow 状态	52	WP23;WP38;WP61;WP62	PENDING_ALL_DEPENDENCY_REVIEW	old claim read in full; new primary/cross-review evidence to be adjudicated	-
G4-5	参战标记下标口径（真实参考缺陷）	53	WP41;WP42;WP58	PENDING_ALL_DEPENDENCY_REVIEW	old claim read in full; new primary/cross-review evidence to be adjudicated	-
G4-6	参战者初始化与持久字段	54	WP20;WP39;WP40;WP41;WP42	PENDING_ALL_DEPENDENCY_REVIEW	old claim read in full; new primary/cross-review evidence to be adjudicated	-
G4-7	异常/阶级的持久与临时层	55	WP20;WP42;WP44;WP44-A;WP45	PENDING_ALL_DEPENDENCY_REVIEW	old claim read in full; new primary/cross-review evidence to be adjudicated	-
G4-8	形态提交副作用链	56	WP18;WP19;WP20;WP21;WP30;WP62	PENDING_ALL_DEPENDENCY_REVIEW	old claim read in full; new primary/cross-review evidence to be adjudicated	-
G4-9	伤害核心数值输入与效果族修正管道	57	WP19;WP43;WP46;WP48;WP50	PENDING_ALL_DEPENDENCY_REVIEW	old claim read in full; new primary/cross-review evidence to be adjudicated	-
G5-1	战斗成长调用与门	63	WP19;WP30;WP42;WP42-B;WP44;WP45	PENDING_ALL_DEPENDENCY_REVIEW	old claim read in full; new primary/cross-review evidence to be adjudicated	-
G5-2	战后进化时序	64	WP31;WP32;WP42;WP67-B	PENDING_ALL_DEPENDENCY_REVIEW	old claim read in full; new primary/cross-review evidence to be adjudicated	-
G5-3	进化提交主流程	65	WP28;WP31;WP31-C;WP32;WP62;WP67-B	PENDING_ALL_DEPENDENCY_REVIEW	old claim read in full; new primary/cross-review evidence to be adjudicated	-
G5-4	孵化提交	66	WP33;WP34;WP35;WP35-C;WP62;WP67-B	PENDING_ALL_DEPENDENCY_REVIEW	old claim read in full; new primary/cross-review evidence to be adjudicated	-
G5-5	寄养蛋三具名入口（v3 R09 更正）	67	WP33;WP34;WP35	PENDING_ALL_DEPENDENCY_REVIEW	old claim read in full; new primary/cross-review evidence to be adjudicated	-
G5-6	继承通道的随机与顺序	68	WP19;WP33;WP34	PENDING_ALL_DEPENDENCY_REVIEW	old claim read in full; new primary/cross-review evidence to be adjudicated	-
G6-1	资源域与交易层	74	WP24;WP29	PENDING_ALL_DEPENDENCY_REVIEW	old claim read in full; new primary/cross-review evidence to be adjudicated	-
G6-2	扣除与不退	75	WP27;WP28;WP38;WP66-C	PENDING_ALL_DEPENDENCY_REVIEW	old claim read in full; new primary/cross-review evidence to be adjudicated	-
G6-3	持物消费与还原	76	WP38;WP42;WP50;WP54	REQUIRES_REVISION	ROOT capture-partner recheck + A independent peer + B-02; partner participation retains boxed object in old participant list	RUN-B-013
G6-4	小游戏支付/结算与代币	77	WP06;WP24;WP27;WP68;WP69;WP70;WP71	PENDING_ALL_DEPENDENCY_REVIEW	old claim read in full; new primary/cross-review evidence to be adjudicated	-
G6-5	树果产量与背包容积	78	WP06;WP27;WP60;WP60-B	PENDING_ALL_DEPENDENCY_REVIEW	old claim read in full; new primary/cross-review evidence to be adjudicated	-
G7-1	交互合同主责任与消费者处置（v4 收尾）	84	WP13;WP17;WP28;WP29;WP53;WP65;WP66-B;WP66-C;WP67-A;WP67-B	PENDING_ALL_DEPENDENCY_REVIEW	old claim read in full; new primary/cross-review evidence to be adjudicated	-
G7-2	主导航状态分层	85	WP65;WP66-A;WP67-A	PENDING_ALL_DEPENDENCY_REVIEW	old claim read in full; new primary/cross-review evidence to be adjudicated	-
G7-3	领域守卫与 UI 消费	86	WP25;WP28;WP66-B;WP66-C	PENDING_ALL_DEPENDENCY_REVIEW	old claim read in full; new primary/cross-review evidence to be adjudicated	-
G7-4	错误阶段与失败分层	87	WP04;WP05;WP07;WP64;WP73-A;WP75	PENDING_ALL_DEPENDENCY_REVIEW	old claim read in full; new primary/cross-review evidence to be adjudicated	-
G7-5	战斗命令 UI 与选择期合法性	88	WP40;WP40-B;WP67-A	PENDING_ALL_DEPENDENCY_REVIEW	old claim read in full; new primary/cross-review evidence to be adjudicated	-
G8-1	插件/扩展机制主责任与消费者处置（v4 收尾）	94	WP04;WP05;WP06;WP21;WP21-A;WP36;WP61;WP65;WP72	PENDING_ALL_DEPENDENCY_REVIEW	old claim read in full; new primary/cross-review evidence to be adjudicated	-
G8-2	编译/反写/编辑器/生成器时序（按具名入口，非自动链）	95	WP04;WP73-A;WP75;WP76	PENDING_ALL_DEPENDENCY_REVIEW	old claim read in full; new primary/cross-review evidence to be adjudicated	-
G8-3	作者入口 vs 玩家事件入口	96	WP72;WP75;WP76;WP77	PENDING_ALL_DEPENDENCY_REVIEW	old claim read in full; new primary/cross-review evidence to be adjudicated	-
G8-4	调试直接写入 vs 领域所有权	97	WP09;WP61;WP72	PENDING_ALL_DEPENDENCY_REVIEW	old claim read in full; new primary/cross-review evidence to be adjudicated	-
G9-1	两套证据分类与批准状态（v3 R07 改写为多对多条件说明）	103	WP01;WP77	PENDING_ALL_DEPENDENCY_REVIEW	old claim read in full; new primary/cross-review evidence to be adjudicated	-
G9-2	WP77 引用合同 vs WP11–17/WP36/WP61/WP63/WP64 当前声明	104	WP14;WP61;WP63;WP77	PENDING_ALL_DEPENDENCY_REVIEW	old claim read in full; new primary/cross-review evidence to be adjudicated	-
G9-3	管理状态三层（矩阵/manifest/规格头部）	105		PENDING_ALL_DEPENDENCY_REVIEW	old claim read in full; new primary/cross-review evidence to be adjudicated	-
G9-4	缺失素材与资源回退	106	WP01;WP15;WP77	PENDING_ALL_DEPENDENCY_REVIEW	old claim read in full; new primary/cross-review evidence to be adjudicated	-
G9-5	场地能力资格 vs 地形/通行	107	WP12;WP20;WP24;WP59;WP59-C	PENDING_ALL_DEPENDENCY_REVIEW	old claim read in full; new primary/cross-review evidence to be adjudicated	-
G9-6	保存 UI 交接 vs 存档机制	108	WP09;WP10;WP65;WP65-B	PENDING_ALL_DEPENDENCY_REVIEW	old claim read in full; new primary/cross-review evidence to be adjudicated	-
