canonical_id	review_observation	current_clauses	static_design_ids	current_state
GIR-FD82-002		deliverables/final-specification-set/engine-overworld/wp16-world-rendering-and-visual-transitions.md:184§5.4;deliverables/final-specification-set/engine-overworld/wp16-world-rendering-and-visual-transitions.md:193§5.5	XC-L01;XC-L02;XC-L03;XC-L04;XC-L05;XC-L06;XC-L07;XC-L08;XC-L09;XC-L10;XC-B01;XC-B02;XC-B03;XC-B04;XC-B05;XC-D01;XC-D02;XC-D03;XC-D04;XC-D05;XC-D06;XC-P01;XC-P02;XC-P03;XC-P04;XC-P05;XC-P06;XC-P07;XC-P08;XC-T01;XC-T02;XC-T03;XC-T04;XC-T05	AUTHOR_ROUND2_CANDIDATE_UNREVIEWED
GIR-FD82-003		deliverables/final-specification-set/engine-overworld/wp15-resource-matching-and-audio.md:71§5;deliverables/final-specification-set/engine-overworld/wp15-resource-matching-and-audio.md:102§6.1	B04-R21	AUTHOR_ROUND2_CANDIDATE_UNREVIEWED
GIR-FD82-006		deliverables/final-specification-set/user-interface/wp17-messages-windows-input.md:59§3.3	B04-M15	AUTHOR_ROUND2_CANDIDATE_UNREVIEWED
GIR-FD82-A058		deliverables/final-specification-set/user-interface/wp17-messages-windows-input.md:181§6.2.3	B04-M17	AUTHOR_ROUND2_CANDIDATE_UNREVIEWED
GIR-FD82-A059		deliverables/final-specification-set/engine-overworld/wp15-resource-matching-and-audio.md:131§6.4;deliverables/final-specification-set/engine-overworld/wp16-pre-battle-transitions.md:106§7.1	B04-R22;B04-R23;B04-R24	AUTHOR_ROUND2_CANDIDATE_UNREVIEWED
GIR-FD82-C003		deliverables/final-specification-set/user-interface/wp17-messages-windows-input.md:240§9;deliverables/final-specification-set/user-interface/wp17-messages-windows-input.md:253§10;deliverables/final-specification-set/user-interface/wp17-draw-text-tags.md:46§2;deliverables/final-specification-set/engine-overworld/wp16-world-rendering-and-visual-transitions.md:91§4.3;deliverables/final-specification-set/engine-overworld/wp16-world-rendering-and-visual-transitions.md:99§4.4	MG28;DT03;WR06;WR12;B04-D04	AUTHOR_ROUND2_CANDIDATE_UNREVIEWED
GIR-FD82-C007		deliverables/final-specification-set/engine-overworld/wp15-resource-matching-and-audio.md:22§3.1;deliverables/final-specification-set/engine-overworld/wp15-resource-matching-and-audio.md:36§4.1;deliverables/final-specification-set/engine-overworld/wp15-resource-matching-and-audio.md:54§4.2;deliverables/final-specification-set/engine-overworld/wp15-resource-matching-and-audio.md:65§4.3;deliverables/final-specification-set/engine-overworld/wp16-pre-battle-transitions.md:30§3;deliverables/final-specification-set/user-interface/wp17-draw-text-tags.md:19§1.1;deliverables/final-specification-set/engine-overworld/wp16-world-rendering-and-visual-transitions.md:99§4.4	B04-R17;B04-R18;B04-R19;BT17;B04-D03;B04-W10;B04-W11	AUTHOR_ROUND2_CANDIDATE_UNREVIEWED
GIR-FD82-C053		deliverables/final-specification-set/user-interface/wp17-messages-windows-input.md:90§4;deliverables/final-specification-set/user-interface/wp17-messages-windows-input.md:191§6.4	MG13;MG14;MG15;B04-M18	AUTHOR_ROUND2_CANDIDATE_UNREVIEWED
GIR-FD82-C055		deliverables/final-specification-set/engine-overworld/wp15-resource-matching-and-audio.md:102§6.1	B04-R01	AUTHOR_ROUND2_CANDIDATE_UNREVIEWED
GIR-FD82-C056		deliverables/final-specification-set/engine-overworld/wp15-resource-matching-and-audio.md:102§6.1	B04-R02;B04-R03	AUTHOR_ROUND2_CANDIDATE_UNREVIEWED
GIR-FD82-C057		deliverables/final-specification-set/engine-overworld/wp15-resource-matching-and-audio.md:110§6.2	B04-R04;B04-R05;B04-R06	AUTHOR_ROUND2_CANDIDATE_UNREVIEWED
GIR-FD82-C058		deliverables/final-specification-set/engine-overworld/wp15-resource-matching-and-audio.md:110§6.2	B04-R07	AUTHOR_ROUND2_CANDIDATE_UNREVIEWED
GIR-FD82-C059		deliverables/final-specification-set/engine-overworld/wp15-resource-matching-and-audio.md:110§6.2	B04-R08;B04-R09;B04-R10	AUTHOR_ROUND2_CANDIDATE_UNREVIEWED
GIR-FD82-C060		deliverables/final-specification-set/engine-overworld/wp15-resource-matching-and-audio.md:131§6.4;deliverables/final-specification-set/engine-overworld/wp15-resource-matching-and-audio.md:138§6.4.1	B04-R11;B04-R12;B04-R20;B04-R25;B04-R26	AUTHOR_ROUND2_CANDIDATE_UNREVIEWED
GIR-FD82-C061	R-B04-1-002	deliverables/final-specification-set/engine-overworld/wp15-resource-matching-and-audio.md:81§5.1;deliverables/final-specification-set/user-interface/wp17-messages-windows-input.md:240§9;deliverables/final-specification-set/user-interface/wp17-draw-text-tags.md:76§4.1	B04-R13;B04-R14;B04-R15;B04-R16;B04-R27;B04-R28	AUTHOR_ROUND2_CANDIDATE_UNREVIEWED
GIR-FD82-C062	R-B04-1-001	deliverables/final-specification-set/engine-overworld/wp16-world-rendering-and-visual-transitions.md:31§3.2;deliverables/final-specification-set/engine-overworld/wp16-world-rendering-and-visual-transitions.md:50§3.2.1	B04-W01;B04-W02;B04-W03;B04-W24	AUTHOR_ROUND2_CANDIDATE_UNREVIEWED
GIR-FD82-C063		deliverables/final-specification-set/engine-overworld/wp16-world-rendering-and-visual-transitions.md:81§4.2	B04-W04	AUTHOR_ROUND2_CANDIDATE_UNREVIEWED
GIR-FD82-C064		deliverables/final-specification-set/engine-overworld/wp16-world-rendering-and-visual-transitions.md:91§4.3	B04-W07	AUTHOR_ROUND2_CANDIDATE_UNREVIEWED
GIR-FD82-C065		deliverables/final-specification-set/engine-overworld/wp16-world-rendering-and-visual-transitions.md:91§4.3	WR06;B04-W05;B04-W06	AUTHOR_ROUND2_CANDIDATE_UNREVIEWED
GIR-FD82-C066		deliverables/final-specification-set/engine-overworld/wp16-world-rendering-and-visual-transitions.md:91§4.3	B04-W08;B04-W09	AUTHOR_ROUND2_CANDIDATE_UNREVIEWED
GIR-FD82-C067		deliverables/final-specification-set/engine-overworld/wp16-world-rendering-and-visual-transitions.md:178§5.3.1	B04-W14;B04-W15;B04-W16;B04-W17	AUTHOR_ROUND2_CANDIDATE_UNREVIEWED
GIR-FD82-C068		deliverables/final-specification-set/engine-overworld/wp16-world-rendering-and-visual-transitions.md:69§4.1;deliverables/final-specification-set/engine-overworld/wp16-world-rendering-and-visual-transitions.md:184§5.4	B04-W18;XC-T05	AUTHOR_ROUND2_CANDIDATE_UNREVIEWED
GIR-FD82-C069		deliverables/final-specification-set/engine-overworld/wp16-world-rendering-and-visual-transitions.md:216§6.1;deliverables/final-specification-set/engine-overworld/wp16-pre-battle-transitions.md:106§7.1	B04-W19;BT10;BT11;BT14;BT15	AUTHOR_ROUND2_CANDIDATE_UNREVIEWED
GIR-FD82-C070		deliverables/final-specification-set/user-interface/wp17-messages-windows-input.md:59§3.3	B04-M14	AUTHOR_ROUND2_CANDIDATE_UNREVIEWED
GIR-FD82-C071		deliverables/final-specification-set/user-interface/wp17-messages-windows-input.md:103§5.1;deliverables/final-specification-set/user-interface/wp17-messages-windows-input.md:112§5.2	B04-M01;B04-M02	AUTHOR_ROUND2_CANDIDATE_UNREVIEWED
GIR-FD82-C072		deliverables/final-specification-set/user-interface/wp17-messages-windows-input.md:146§6.2.1	B04-M03;B04-M04;B04-M05;B04-M06;B04-M07;B04-M08;B04-M09	AUTHOR_ROUND2_CANDIDATE_UNREVIEWED
GIR-FD82-C073		deliverables/final-specification-set/user-interface/wp17-messages-windows-input.md:174§6.2.2;deliverables/final-specification-set/user-interface/wp17-messages-windows-input.md:185§6.3	B04-M10;B04-M11;B04-M12;B04-M13	AUTHOR_ROUND2_CANDIDATE_UNREVIEWED
GIR-FD82-C074		deliverables/final-specification-set/user-interface/wp17-draw-text-tags.md:69§4;deliverables/final-specification-set/user-interface/wp17-draw-text-tags.md:76§4.1	B04-D01;DT07	AUTHOR_ROUND2_CANDIDATE_UNREVIEWED
GIR-FD82-C075		deliverables/final-specification-set/user-interface/wp17-draw-text-tags.md:101§6.1;deliverables/final-specification-set/user-interface/wp17-messages-windows-input.md:25§3.1	B04-D02	AUTHOR_ROUND2_CANDIDATE_UNREVIEWED
GIR-FD82-C076		deliverables/final-specification-set/user-interface/wp17-messages-windows-input.md:25§3.1	B04-M16	AUTHOR_ROUND2_CANDIDATE_UNREVIEWED
GIR-FD82-C077		deliverables/final-specification-set/engine-overworld/wp16-world-rendering-and-visual-transitions.md:120§4.5	B04-W20;B04-W21	AUTHOR_ROUND2_CANDIDATE_UNREVIEWED
GIR-FD82-C078		deliverables/final-specification-set/engine-overworld/wp16-world-rendering-and-visual-transitions.md:178§5.3.1	B04-W22	AUTHOR_ROUND2_CANDIDATE_UNREVIEWED
GIR-FD82-C093		deliverables/final-specification-set/engine-overworld/wp16-world-rendering-and-visual-transitions.md:137§5.1;deliverables/final-specification-set/engine-overworld/wp16-world-rendering-and-visual-transitions.md:146§5.1.1	B04-W12;B04-W13	AUTHOR_ROUND2_CANDIDATE_UNREVIEWED
GIR-FD82-C106		deliverables/final-specification-set/engine-overworld/wp16-world-rendering-and-visual-transitions.md:240§6.2	B04-W23	AUTHOR_ROUND2_CANDIDATE_UNREVIEWED
GIR-FD82-C118		deliverables/final-specification-set/user-interface/wp17-messages-windows-input.md:198§6.5	B04-I01;B04-I02;B04-I03;B04-I04	AUTHOR_ROUND2_CANDIDATE_UNREVIEWED
