commit	path	actual_lines	first	last	full_blob	full_sha256	range_sha256
8c5911e4a4b07b07e832e4bb0d5d8859e88b4a9b	Data/Scripts/006_Map renderer/003_AutotileExpander.rb	72	1	65	731f9f6e6f912f6a5a82f2a3c2d677c3bcf739a6	51eac3a51d3984d8a1d989e49502a6bbe491be09221f8874f71eea4e58f2acbb	18e2ee28daee8741d583bcc8e3120b7dc88779823d2aae8db10d6f71434f1613
8c5911e4a4b07b07e832e4bb0d5d8859e88b4a9b	Data/Scripts/006_Map renderer/001_TilemapRenderer.rb	620	56	75	3d556b40dd6975da3392cd4afe3e5581a3eebb99	5ccca09476a6843bcda02bfd384b6d7efa9e101877541a0161a408c8a5cada01	4afc07351550fc56eee5ea05e1a1fff552b0ab4906d66376e30eb847a61843e5
8c5911e4a4b07b07e832e4bb0d5d8859e88b4a9b	Data/Scripts/006_Map renderer/001_TilemapRenderer.rb	620	125	230	3d556b40dd6975da3392cd4afe3e5581a3eebb99	5ccca09476a6843bcda02bfd384b6d7efa9e101877541a0161a408c8a5cada01	6db00ddef84c258da2af2bec02f285443caab274378af04c93dbe8dbba26d537
8c5911e4a4b07b07e832e4bb0d5d8859e88b4a9b	Data/Scripts/007_Objects and windows/001_RPG_Cache.rb	144	1	35	8cf7f91eb42940a6cef2c4b9da4818617c8575a2	ff92196fcc11f6d163d73d8f67a77d1858f0ea847b0097f867798c0b48612ca6	86e9970db2d78d61dbb163c48be8c80a6e12fd9a45084203114a350a10ba53b3
8c5911e4a4b07b07e832e4bb0d5d8859e88b4a9b	Data/Scripts/007_Objects and windows/001_RPG_Cache.rb	144	38	65	8cf7f91eb42940a6cef2c4b9da4818617c8575a2	ff92196fcc11f6d163d73d8f67a77d1858f0ea847b0097f867798c0b48612ca6	a2a96c0386af81957e3265bff6450d0db7284c1699e8b2bcd644f13acd99236b
8c5911e4a4b07b07e832e4bb0d5d8859e88b4a9b	Data/Scripts/007_Objects and windows/001_RPG_Cache.rb	144	89	94	8cf7f91eb42940a6cef2c4b9da4818617c8575a2	ff92196fcc11f6d163d73d8f67a77d1858f0ea847b0097f867798c0b48612ca6	de654b811f692bd9be83bfda625f70324f982a8b7293a52d64919194664a5805
8c5911e4a4b07b07e832e4bb0d5d8859e88b4a9b	Data/Scripts/007_Objects and windows/008_AnimatedBitmap.rb	228	1	22	9cdf1b3634c1b5b65c8a2680ecaac73d6a8296d1	3d1b0c8bd03b030eacf38d2ac84932746d510b5c156346ec1494cd199fc087b2	8b85babdad940e6deb24af3471556bcd2ed8f2c3c450b571eefd9aa1f406fe04
8c5911e4a4b07b07e832e4bb0d5d8859e88b4a9b	Data/Scripts/007_Objects and windows/008_AnimatedBitmap.rb	228	43	58	9cdf1b3634c1b5b65c8a2680ecaac73d6a8296d1	3d1b0c8bd03b030eacf38d2ac84932746d510b5c156346ec1494cd199fc087b2	278a2838e92afad2166d078421a220836aba292de9b0ab941ef92415caa75aca
8c5911e4a4b07b07e832e4bb0d5d8859e88b4a9b	Data/Scripts/007_Objects and windows/008_AnimatedBitmap.rb	228	130	153	9cdf1b3634c1b5b65c8a2680ecaac73d6a8296d1	3d1b0c8bd03b030eacf38d2ac84932746d510b5c156346ec1494cd199fc087b2	31522b105052c41b34b1972cb1b1d04203960ba400ca39effa5af4192587c7cf
8c5911e4a4b07b07e832e4bb0d5d8859e88b4a9b	Data/Scripts/009_Scenes/001_Transitions.rb	1929	450	485	b333aef333b5b9358c69c7ddef3690171e358bb9	eca459675787db25a5253bd147fc81d08930f31862d4e0372c73cfe614dda585	20f8561eecf71ae167717eee309de34b504363720c805fc09113589b5f7b26c8
8c5911e4a4b07b07e832e4bb0d5d8859e88b4a9b	Data/Scripts/006_Map renderer/001_TilemapRenderer.rb	620	1	55	3d556b40dd6975da3392cd4afe3e5581a3eebb99	5ccca09476a6843bcda02bfd384b6d7efa9e101877541a0161a408c8a5cada01	7714a1e33deed985c6078ff8ca86ce70249fb445c5d2ce2fb256985e8e664cac
8c5911e4a4b07b07e832e4bb0d5d8859e88b4a9b	Data/Scripts/009_Scenes/001_Transitions.rb	1929	1	129	b333aef333b5b9358c69c7ddef3690171e358bb9	eca459675787db25a5253bd147fc81d08930f31862d4e0372c73cfe614dda585	24923ed1fbad90429fc9bba65673c88f0f2f775551c1110d48e10cd92ad69fa6
