finding_id	formal_clauses	static_vectors	qualification_and_reverse_boundary
GIR-FD82-002	WP11 §5.3；矩阵124/231–235/§3.3	MP24–MP27, IM27–IM35	地点十场景与命令输入/业务时钟；显示像素、灯光、暗图、计时显示及图片银行消费者仍由B04/B14接续
GIR-FD82-C003	WP11 §4天气20；WP12 §4.1两格岩架；WP14 §3.3/4.1/4.2	MV03, DG01, DG23, DG25, MP22–MP23	仅C-03扩展的丢失值；其余七扩展及跨批缓存/时间/战斗/技能等仍保留原裁决
GIR-FD82-C007	路线§1、45、§3	MR08, MR10–MR16	仅C-03路线前缀扩展；其余四扩展及原35字面项跨批待承接，树果67表条件性保留
GIR-FD82-C035	§5.1目的地可骑行真假	MV42–MV43	原spec骑行谓词已正确，不建议倒置；修正式净化句双重否定，补OR/缺失/游泳独立门
GIR-FD82-C036	§3.2非玩家地图坐标与角色双端	MV11, MV13, MV44–MV47	无图块事件提前许可/through/调试/碰撞旁路的20×20人工前提，水陆/冰陆各双向；玩家与提前许可例外保留
GIR-FD82-C037	WP11§4；WP12§4.2/5.1；201	MP05, MP20–MP21, MV36	201排队与主/mini消费者(false)独立于直接默认true，同图无进入通知；不保证所有事件流程成功
GIR-FD82-C038	主文§5；矩阵314与28/2/66统计	IM01, IM09, EV20	只更正测试的闭区间误计；保留314参数0及储存自动治疗配置分流，非0不扩成RMXP任意角色
GIR-FD82-C039	矩阵101/413/§3.1，主文引用	IM13–IM15	固定四项、无插件indent提供者，失败在显示/等待前；直接413不同路径，不声称宿主崩溃
GIR-FD82-C040	111/411	IM16–IM18	脚本原值nil跳两支，false仅Else，真值Then；不改未支持条件默认false，不吞脚本异常
GIR-FD82-C041	106、路线15、时钟分列	IM19–IM20, MR17	0/1/20→0/0.05/1秒单调时钟；路线0时長仍结束本次帧，更新机会不固定帧数
GIR-FD82-C042	251	IM26	参数空/A/B同一无名请求；多通道最终宿主停止结果具名未知
GIR-FD82-C043	§3.3/4.2有向候选不放回	DG08	A→B/B→A可同时抽中同无向边；候选不足取全，不先去重，不承诺两条不同边
GIR-FD82-C044	§4.2起点失败/§8	DG26–DG28	2×2 antiring空可访问集合失败先于房间筛选，种子已消费、地图尚未重写；zero room不能救此门
GIR-FD82-C045	§4.2/4.4/6.1/8候选生命周期	DG02, DG07, DG28–DG29	初次小图/零房间只地面且候选空；绘制通过后事件100轮抛错/无事件玩家静默；重绘保留旧矩形不查当前地形，条件向量不虚构seed
GIR-FD82-C046	§6.1占格间距	DG11, DG30–DG31	每对占格Chebyshev≥2；(7,5)许可/(6,6)拒绝，多格逐对，不要求两轴都≥2
GIR-FD82-C047	§3.3/4.5/8四密度	DG32–DG33	PBS非负整数域允许0；对应映射存在/正面积/前阶段通过才到除零，未登记跳过；种子消费与地图重写失败点独立
GIR-FD82-C048	§4.1–4.5、§5.1/5.2独立公式和兼容表	DG01, DG23–DG25, DG34–DG43	9图样整数界/房间floor与cap/缓冲顺序/直输21/几何/装饰域/墙256压缩/编号与自动变体；12含4，不复制数组或方法结构
GIR-FD82-C049	WP12 §4.3，NPC/路线9–11具名引用	MV57–MV63	上下对角固定顺序、多格前缘、占格中心差/同幅各半/阻后备用轴、自主概率与20距离门；不是寻路
GIR-FD82-C050	§4.2/8冰滑三门	MV48–MV50	Ctrl仅调试、离冰或面向阻挡清冰滑/恢复动画，无清through；瀑布清理另外保留
GIR-FD82-C051	§6.3门跟随与包装	EV36–EV39	B03只写入门快照累计路线/隐藏/出门放到玩家/包装，编译为静态消费者；B20门页编译本体接续，demo链仍0
GIR-FD82-C052	WP11 §4跨界方向0；WP12层4引用	MP16–MP19, MV29–MV30	有效连接目标门先；没有原图源前向/目标反向方向检查；全向/地形/碰撞与穿透顺序保留，同图对照
GIR-FD82-C053	102/402/403/§3.2；WP17具名链接	IM21–IM25	同缩进边界、合并偏移、后组取消0/1/5、改名隐藏一次清空、可见→原索引；初始取消分支索引4不能误写成总数；B04 WP17接续
GIR-FD82-C054	§4.1输入与§4.3场景竞争	MV51–MV56	上一帧移动优先、静止同向0.075阈值、静止换向三分支，阻塞/自动移动和输入队列分阶段
GIR-FD82-C067	205/206/223/234、§3.3	IM27–IM29	B03命令合同四入口：0当前200不清旧任务，时间1回50/2回100；无旧任务对照；B04显示正文/目录保留待修
GIR-FD82-C094	§4边缘进入后天气20	MP22–MP23	固定边缘进入通知后写20，非20秒，类型差/进行中渐变优先门保留；B14天气正文WT07等不改
GIR-FD82-C095	§5.3上瀑运动激活	MV64–MV66	上+前瀑布/瀑顶才计数/置位，不当次移动；右向外层true可无运动，瀑顶直接/菜单/互动差异；B14完整三入口待修
WP80-INTAKE-R01	WP13§3.2、WP14§3.2/6.2 ASCII兼容	EV27–EV29, EV32–EV35, DG12	仅C-03感知与size(w,h)字面；正负ASCIIs/全角/内空格向量，保留s:；不替换普通中文标点、不扩大到其他WP
