# Independent fixed inputs; SHA-256	bytes	path
41cea9c6aa439dc70eaca2c26ce1f7967a887538c1aef25b9297c07b0437ff40	6328	AGENTS.md
f165b1cbb32a122100a9d9f844b1184a036ad908b845bae65ae8b0a758601e8e	16555	analysis/inventory/out/wp02-settings-inventory-appendix.md
8ce853cc28577ca3567407fe4b92d97e2f319835508834e5ae7cbd4151bdd05e	3323	analysis/inventory/wp02-regen-check-2026-09-19.md
7c965c9d36a7eccb039a703312aa10a6c418fc120db769b888666c03d73c03d6	12192	analysis/inventory/wp02_build_appendix.py
ba01d4d23f6f2eef42b123befc6809d09bfac282a7dd9f928aa6ac31427a868d	8231	analysis/inventory/wp02_settings_common.py
dfa38c407258607da467e6c609e0b75c78485dc974e85f387aa9cd12969c0ca3	1491	analysis/inventory/wp02_settings_inventory.py
1ca34f4442f4e997359addfb797ac209407a69ea6f3065740d65c75093b86e0e	29838	analysis/repository-overview.md
c173587708c9fcaaaaa1a4079bdedaa14d02405871b3fe3cd2ed6d16caeffd78	46915	planning/extraction-plan.md
529569423b895c73026c47d6eef6745dfb387b09d37859f1527cb47f8cd9276d	50343	planning/feature-matrix.md
32eab70d503be63ceba06287afb648ec0b1b5fe8ca6225aaab28975c67360352	17523	planning/module-map.md
31e3d802ebadc9c2e2102afdc8ac7bd777a134ee92a371a4270e306325a08f45	347731	planning/review-manifest-2026-09-19.md
f0e0029db9a1e17a9c650a5a936a4ed1dd700e580e78efd305b02d020adf9494	12253	review/joint-review-2026-09-19.md
e044597c5d3933d9376c42207da68351063806a285041785b383b877b5afe74b	11708	review/wp01-review-2026-09-19.md
5f9630118e9fbdda6578106b3ebb96b9db6777519650485d7569d5fb28c49d7d	10820	review/wp02-closure-review-2026-09-19.md
858adc69f6d525ac7e4107d9466d02d9e8143e1342dea1ec65652662eed3981a	14343	review/wp02-recheck-2026-09-19.md
b39230435fe4a6f1aaa83f68979c9c8a529cc6f176729801c2f1d3eb41e61151	18146	review/wp02-review-2026-09-19.md
a8fa4858089357ffe3a6003a1b82793879c84f654877fbdf85a00b09c97e617e	10093	review/wp03-closure-review-2026-09-19/next-batch-prompt.md
1544a1794074681b2f0df0e0995479ba76d42998e6e0c189d7600d43d11e9167	7778	review/wp03-closure-review-2026-09-19/report.md
799f7c0dfb8fe49add0c3a43659901b55821694d91338cfb6ce70a5ec906296d	14947	review/wp03-recheck-2026-09-19/report.md
3f2d9661cda4d3b96deef7b1bb88b0b30d3274131f8c0837352d5ae8623d3a3a	7776	review/wp03-recheck-v3-2026-09-19/report.md
6f5bd583ee53b017828f3f3060682b31cf99eb82b5f6a82c6bc74a7eadd88846	18612	review/wp03-review-2026-09-19/report.md
a416fcc2dae05a5e1e24e4d6280c89f0b551247222af3efa3073208264f290c4	10313	review/wp04-wp07-closure-review-2026-09-19/next-batch-prompt.md
1cc5e453a023fea7d0b7225e35895fc946637e04528d84172e0cb5ce3df3b9ce	7457	review/wp04-wp07-closure-review-2026-09-19/report.md
4c208ff8713bda3ea26a857422d420f04fd3f20b188f2c3bbeb0bc2559a33ed2	10897	review/wp04-wp07-recheck-v3-2026-09-19/report.md
4b247519f52a70b1439a70b61fe470058f1ab8e2d3863e2f33145e8e92fa2215	3983	review/wp04-wp07-recheck-v3-2026-09-19/revision-prompt.md
22fe65a9602b7a9d15cdfe0d52cc7d25c8f21d5a7060690371f1805bb22bec99	10818	review/wp08-wp10-closure-review-2026-09-19/next-batch-prompt.md
f414b7ff4232d6df892b8c90cc9c7ea0e43e2955546a01349b4bd24fda9c6150	7335	review/wp08-wp10-closure-review-2026-09-19/report.md
03ac20b4a64bdd868affe6ada45822f6580b2c23eaef108492701e4299251e62	10903	review/wp08-wp10-recheck-2026-09-19/report.md
facc4d4c9b17864b11ce2331e818eb9f75c5dea7202fcdcc1c1d1a0429f02b4c	4040	review/wp08-wp10-recheck-2026-09-19/revision-prompt.md
4e455ffc6295c470477653dc2aa6b3a24968e527904c3f9af154d0c3a254635b	21222	review/wp08-wp10-review-2026-09-19/report.md
ebfc287b9a61659b9a77da301c96bae21b65c8904fe1125f3435b9afb60fcd09	7637	review/wp08-wp10-review-2026-09-19/revision-prompt.md
8f22bbe0636f03eb6764cd3ca79482787a0534a56c161257711be106b98cd8f5	3645	review/wp11-wp13-closure-review-2026-09-23/next-batch-prompt.md
e84f45eaac4db2fa3d970ece6b794b60fe87b0a4b751bddf00674161a69ff0d4	6153	review/wp11-wp13-closure-review-2026-09-23/report.md
80d829f306e2aba9d19b25dfd89acb4ebe602b422bb2ce9e8ef8ea0f38ca5854	20746	review/wp11-wp13-recheck-2026-09-20/report.md
d82215d749cc1ab8b6215f174eb539c5730d6d688c174c94ba28b0b5a44f3af1	8713	review/wp11-wp13-recheck-2026-09-20/revision-diffs/wp11-map-topology-transfer.diff
407f47a7679e58a99fa76a9c30880825de41aea0a14d7cde1f03fe22c659bf8a	18060	review/wp11-wp13-recheck-2026-09-20/revision-diffs/wp12-terrain-movement-vehicles.diff
393b8c0cd21db2bf97b4e96d3e3fbab6dc92c85f48d444ed3f63613b46bff6d3	1621	review/wp11-wp13-recheck-2026-09-20/revision-diffs/wp13-interpreter-command-matrix.diff
995070d2cbe6ad4ad6e3bbb767b59e269eed77f2c29c6bde919d4e9d5ed981c2	17398	review/wp11-wp13-recheck-2026-09-20/revision-diffs/wp13-map-events-npc-followers.diff
355c9260e88b31af17e815cdce8074df32a67032e1bb292556c7b4fb15efcd47	5313	review/wp11-wp13-recheck-2026-09-20/revision-diffs/wp13-move-route-matrix.diff
5cf2dd7eda388586a035a8cc5f0c6e901597f3af723b356f3c3ba763fd686354	8784	review/wp11-wp13-recheck-2026-09-20/revision-prompt.md
afeca04a52f7b0a447fb68c51e876144e29a4e3abdb8a8c42a8828aa7bc2833a	9382	review/wp11-wp13-recheck-2026-09-20/revision-response.md
0d605917577f59aeb0667ba89b457346872912ab3e3d1e7c667a7c615ecf23ea	10497	review/wp11-wp13-recheck-v3-2026-09-22/report.md
3807b3268baba972c7137414929ad9622aee8247e181636d22baac736969d853	7594	review/wp11-wp13-recheck-v3-2026-09-22/revision-diffs/feature-matrix.diff
a73e1873d392c06904be0bdad742d8c6d522dcea212da3463c157b92c9f0ae67	2594	review/wp11-wp13-recheck-v3-2026-09-22/revision-diffs/wp11-map-topology-transfer.diff
573cc2122d2b210e44ce30dd892c8a7883f474adfa8be2fbb92a084bed73feda	3592	review/wp11-wp13-recheck-v3-2026-09-22/revision-diffs/wp12-terrain-movement-vehicles.diff
42c134f5d10759859ed5d535cc81b01d087ef8984dd659395cd85121e7ae0376	7887	review/wp11-wp13-recheck-v3-2026-09-22/revision-diffs/wp13-map-events-npc-followers.diff
932a4386ff352acc8e0f8fddd664db86981089df950155e4f92273dd3c41444c	3261	review/wp11-wp13-recheck-v3-2026-09-22/revision-prompt.md
ded1f0874f0e0fc1b5e4d499e35bafcff357759dc9fd0a5ac277e1df9e0e4830	3860	review/wp11-wp13-recheck-v3-2026-09-22/revision-response.md
490e02ac1030e11c869699bad9c8f402dcd9322a4d65d9df5ae71e39df40692d	21538	review/wp11-wp13-review-2026-09-19/report.md
031308f7ef3059cd02afd2b673cbea0e73ccc2c8d39e23a1bd4cbacc23f902a8	23168	review/wp11-wp13-review-2026-09-19/revision-diffs/wp11-map-topology-transfer.diff
5dd8b477ab85d0b013b757c40ac60ce84799f70c96cf0e3d73cce55e75419195	31633	review/wp11-wp13-review-2026-09-19/revision-diffs/wp12-terrain-movement-vehicles.diff
367d0e0c4f6e159d993e1147a6139bd05e44795bc53fcb8912b68e5411a4559c	23105	review/wp11-wp13-review-2026-09-19/revision-diffs/wp13-interpreter-command-matrix.diff
a5dc6d8f53a14ce0872e4a1c6cdabfbd7e893bb021efaf90521cb5cec3178681	28599	review/wp11-wp13-review-2026-09-19/revision-diffs/wp13-map-events-npc-followers.diff
bc6c9624c2fc941756080f0c2698d5b313688d66de4cae1ec227996c57c038f7	9769	review/wp11-wp13-review-2026-09-19/revision-prompt.md
048cf40b059647e3feed3a184ddeee4b46aa4334ec50f6a1dad4b910098f545d	12906	review/wp11-wp13-review-2026-09-19/revision-response.md
313a9434a91c8000b6493df31ad37cc25364ec5451b953318aefd2ad7e1d47a4	6917	review/wp14-wp16-closure-review-2026-09-23/next-batch-prompt.md
a2839f929fce00e3b039952c609a9943402a3d377a0628b41c0bae57155dcb07	7423	review/wp14-wp16-closure-review-2026-09-23/report.md
9d6bc1018da9de6000f28db140f6e2fb3a25e71eb5e55020e4d1b574402eac25	11764	review/wp14-wp16-recheck-2026-09-23/report.md
860dec6af0e8fa105a0692556195c3b875ff2f1c8e26cc4265c336fdb096c51d	6798	review/wp14-wp16-recheck-2026-09-23/revision-diffs/wp14-random-dungeons.diff
2a06fde4a331ecd14e46a703f7976cf8cc2b4a53999cf2c1f7a8aa91b6ef21fd	8800	review/wp14-wp16-recheck-2026-09-23/revision-diffs/wp15-resource-matching-and-audio.diff
4905328e34986a9682a24317983c4577bc86ccac7713846568a1ed60f2b9f7b4	9450	review/wp14-wp16-recheck-2026-09-23/revision-diffs/wp16-world-rendering-and-visual-transitions.diff
8c0f54f3c3f2de8f15e0622223f9bcd632ef0dd415433b03463a388f2ff3cd61	4909	review/wp14-wp16-recheck-2026-09-23/revision-prompt.md
92ebec7d281e86e497ae8ce63d0f32a8be23430de0b2ba284bbb3661a8691b45	5016	review/wp14-wp16-recheck-2026-09-23/revision-response.md
bd48bcb3bf8515910d2fd6e904c8607fe6aeebec7a8d7d8f62af7eb776994152	7978	review/wp14-wp16-review-2026-09-23/report.md
7d5a33d041d37e4177fae892ff6f37990ba911899e18c85eb9fd7d598af8d917	7302	review/wp14-wp16-review-2026-09-23/revision-diffs/wp14-random-dungeons.diff
36ecbfc2e847cc663b1ca816873b7215edccf03235183f6338c6b954fd436594	6286	review/wp14-wp16-review-2026-09-23/revision-diffs/wp15-resource-matching-and-audio.diff
fe718118533d22e77875157572a649ed7090208915cecde3aeaf18e44d74cf39	7626	review/wp14-wp16-review-2026-09-23/revision-diffs/wp16-world-rendering-and-visual-transitions.diff
7e1e709bcb1321b0c3088dd5e7a9a7a8a8e6a7da214e66a38b406d6cbe8aea23	3470	review/wp14-wp16-review-2026-09-23/revision-prompt.md
bc317dc4c244b6117503cc995278520c4c94cd31f5a37e0013bce45f30b3120c	5080	review/wp14-wp16-review-2026-09-23/revision-response.md
da7a0ed331c72e9f85b1b616895171a6d9f74383c4cff1e76ac831c7f48a10b2	10593	review/wp17-closure-review-2026-09-23/next-batch-prompt.md
8a36381baa4b3640409052fcead16676d573a2762aaa6b0b965c504f82576f11	10720	review/wp17-closure-review-2026-09-23/report.md
0c6bb45fa6282e66e4d9f0a70d5490643da3dd6fbe8b5d67b14312a587fb85ef	9033	review/wp17-recheck-2026-09-23/report.md
1ae1d131b4e2c78f3cfa69fd8eaee448da03603c00def96ef19b288940a44d84	6304	review/wp17-recheck-2026-09-23/revision-diffs/wp17-draw-text-tags.diff
7f3ab7390ed02c8edfddffb55e513c961414f4bb06f5d5ad4778e43d897d180d	7289	review/wp17-recheck-2026-09-23/revision-diffs/wp17-messages-windows-input.diff
d6159d83b8999b3d9953f933ec611d05facfb441e1142e0e40f78afd79ce571e	3387	review/wp17-recheck-2026-09-23/revision-prompt.md
01632506f5fc23773fab5db7a522b5503d5e24e8c299bec2756aa0f29964b418	3229	review/wp17-recheck-2026-09-23/revision-response.md
a94e8448b8389781f8d89bb0407fd5061963b365d498e1f232f80700d7e51cc2	14508	review/wp17-review-2026-09-23/report.md
89db47cab238234ca9358220255b74efd6de0067ed138e5b2c99dace9e4c27bb	38511	review/wp17-review-2026-09-23/revision-diffs/wp17-messages-windows-input.diff
f117f89cd379902d86707e8f7268ac83223b3af938ec0b975190ee90d799599a	5917	review/wp17-review-2026-09-23/revision-prompt.md
852993f729e827dd38e120b4e7ac7a76db6bb424260ec66649652b13e0470fbf	5856	review/wp17-review-2026-09-23/revision-response.md
cd213c33479a77842faec025f68eeecd6a665018af9b95f975a088be6a1a9453	10450	review/wp18-wp20-closure-review-2026-09-26/next-batch-prompt.md
93f1de1c669e3410304511b1e18c695278779a9943eea4b5e70c50d736d634ef	8748	review/wp18-wp20-closure-review-2026-09-26/report.md
7e8467f5d58101757ff7c29c6ec8d9a2ca2f1381a8135b498b677930f7df7963	74801	review/wp18-wp20-delivery-2026-09-26/current-hashes.tsv
5118e628da49cec0917ad7bab48f135d91e78104fb108f785d28d7d54ffcca67	12099	review/wp18-wp20-delivery-2026-09-26/delivery-summary.md
bcd3d0e4e86cb07911790daa8b9773893c4ee47f880944f6433fcb49ddd57707	11774	review/wp18-wp20-delivery-2026-09-26/feature-matrix-diff-from-review.diff
7d04f96424cd7e8427eb819ce2e83b9fbacc674258ccd9ddefe3be0aeab91fda	3301	review/wp18-wp20-delivery-2026-09-26/wp17-backfill.diff
1835691740ada23333e8d5ea7b05463de46671f2352085c28c3597400b328542	11643	review/wp18-wp20-recheck-2026-09-26/report.md
8c15d66d32329f83cb312a11e05ad4a9ba37e37883715b28fb2491fa2b8d7a2c	11664	review/wp18-wp20-recheck-2026-09-26/revision-diffs/delivery-summary.diff
113a1fbeed89a43443dca3b8f0743bc7c6f308405cea73fd198753ead9155774	12689	review/wp18-wp20-recheck-2026-09-26/revision-diffs/feature-matrix.diff
709c73f91f81925f541a0076b3b7cfa2cc57d33a7a6ddc6c329e8d1003c34d9b	7475	review/wp18-wp20-recheck-2026-09-26/revision-diffs/wp18-creature-identity-species-ownership.diff
d299a14bedc75bc036ddc75ee25877bb1ab4b11d0ce0e6119796429859dc0e7e	8249	review/wp18-wp20-recheck-2026-09-26/revision-diffs/wp19-attributes-ability-and-stats.diff
5aa23ca038c30084d023ba5b9e742897ef3d1d67e8ba3d7c2afe273142797ae0	7947	review/wp18-wp20-recheck-2026-09-26/revision-diffs/wp20-hp-status-moves-helditem.diff
e67680a74859913ee072114d4c255d9eced34d400490138e59bd22e09b1f3de4	4890	review/wp18-wp20-recheck-2026-09-26/revision-prompt.md
07a481ab7774d9b5ad5ccb0c0f2a90fd083fa29739bee3ba5bafa5d46deec97a	6501	review/wp18-wp20-recheck-2026-09-26/revision-response.md
2f8b22e308e33e2ce3c332b21e3a6f735dc78e53b766bf105afdc48deafe4c16	19173	review/wp18-wp20-review-2026-09-26/report.md
26aa590645a3dd3dc914c9492ad14683dc73aa81728fb1a194139b528ab6b823	9447	review/wp18-wp20-review-2026-09-26/revision-diffs/delivery-summary.diff
090149517a9fe65bece87232471200c52307f3e1c11189edd6a11fd365b45d70	12426	review/wp18-wp20-review-2026-09-26/revision-diffs/feature-matrix.diff
a5f7283d9309c38c14429af8b7f771f4c9eb8ef3cd5b1c281e28c5be020acc15	12875	review/wp18-wp20-review-2026-09-26/revision-diffs/wp18-creature-identity-species-ownership.diff
fe6c4de94c90122a9569febcc3acd300321d918533e331e85a9b02c88fa6dbaa	23608	review/wp18-wp20-review-2026-09-26/revision-diffs/wp19-attributes-ability-and-stats.diff
e8ba1b68d442f7c32054200f5187c94c076e8c9dd389b44c5a6b75d7cb67e002	30733	review/wp18-wp20-review-2026-09-26/revision-diffs/wp20-hp-status-moves-helditem.diff
44cccbcae8d0cfcff015103388136d599cd5e8ec4fb7d5521a39835f1ab991a1	8697	review/wp18-wp20-review-2026-09-26/revision-prompt.md
aea5c122fe64e145d471a80cfcb5e0a871b69154dd804b2f3e4e0c378b13c374	12269	review/wp18-wp20-review-2026-09-26/revision-response.md
f09c5a8a4cdab1c1f059386513fab4191d32502c8e3e9f4f11a244bd91867bd4	10380	review/wp21-wp25-closure-review-2026-09-26/next-batch-prompt.md
12e283ae0cfb665452c3a89fc73ecc21e26fbdff29a73d3613974f99a5d141f0	8339	review/wp21-wp25-closure-review-2026-09-26/report.md
b5aa766b55156f1cdf2d8dc1799a1e976c08e4451d90817dc4b1d714e3637734	14888	review/wp21-wp25-closure-review-2026-09-26/revision-diffs/delivery-summary.diff
118a8d314c5870684e900624be3ac6affde0028e3d77d60308dda748dc936820	4133	review/wp21-wp25-closure-review-2026-09-26/revision-diffs/feature-matrix.diff
4f7542547b81da9e7725019c67bde4f9779430c71ec17eb51698cb8a0b064e65	1458	review/wp21-wp25-closure-review-2026-09-26/revision-diffs/wp18-creature-identity-species-ownership.diff
7958529bf3c2740b08c2da3fb1d078042ddd094e7c4990d95a286f602d74634d	1073	review/wp21-wp25-closure-review-2026-09-26/revision-diffs/wp19-attributes-ability-and-stats.diff
a492601961e08a8fb2d6c8dc0128ed75ab9f0896e7ed64163cf94cde9595243b	3516	review/wp21-wp25-closure-review-2026-09-26/revision-diffs/wp21-dynamic-forms-and-display.diff
1369e8b96d216e7f38cf9c5d5140f36eadc3f0f81dabf9b5b4a5e310f66b2b38	913	review/wp21-wp25-closure-review-2026-09-26/revision-diffs/wp25-party-and-storage.diff
90961bb019ee40f8ae023476594d4f2ceeef9ce237dfa55de6e8935eb8e09123	3590	review/wp21-wp25-closure-review-2026-09-26/revision-response.md
8d8b7e5d06234285efc16707af254991881d25d871c6589c07620f09ade13bb2	13976	review/wp21-wp25-delivery-2026-09-26/delivery-summary.md
278faedafc01d8e5da5a026675f105cf7669866da909b5032e0f0b58aca70591	3153	review/wp21-wp25-delivery-2026-09-26/wp18-backfill.diff
5b760f9c9de0d200acea6ccfc0dc345de1c03c61e6857b73b0f85d36de3ab071	3356	review/wp21-wp25-delivery-2026-09-26/wp19-backfill.diff
98cb92a4b05c25b31eb3bc8fb04a3ed34830047e13def14561a3bffea5550187	3374	review/wp21-wp25-delivery-2026-09-26/wp20-refsync.diff
f2dc78d21de9982c71677f80e8a0b109a27870c2602a0b728de7b85aa43ea6fa	11521	review/wp21-wp25-recheck-2026-09-26/report.md
30f62f8b33ae8258fcdd65b72f719ee6161f1c1ec32fe47125ddb45b2fd050eb	13797	review/wp21-wp25-recheck-2026-09-26/revision-diffs/delivery-summary.diff
a82406ba28c683a74bbc7db834512f42e382908df57399010896d3603669c9ae	8017	review/wp21-wp25-recheck-2026-09-26/revision-diffs/feature-matrix.diff
d812eabe2ef3c51c414617da8bd83d356ea08169ebb45b529cd4c6cde7a3e8f3	12874	review/wp21-wp25-recheck-2026-09-26/revision-diffs/wp21-dynamic-forms-and-display.diff
91b61274a48ded0385644e0a3f390a6e91a18d48c490f69fd007c19df9231992	6861	review/wp21-wp25-recheck-2026-09-26/revision-diffs/wp24-player-trainers-partners.diff
96c2046a01cfa93a17c88029bcfcea9052cb6463e192fab44bd2b344bc1c7650	9168	review/wp21-wp25-recheck-2026-09-26/revision-diffs/wp25-party-and-storage.diff
6e6fc526fde90d964c56ea31222cdb81acee3db9f2ab17466c4c9080d343faa7	4550	review/wp21-wp25-recheck-2026-09-26/revision-prompt.md
7b5d3775390c200cde13ded556be5eb6f7d99b4f0941186de37bb3522a46f4cc	6023	review/wp21-wp25-recheck-2026-09-26/revision-response.md
a6354444fc83f38724d1112cb236ac4c3f14e09fb1fe3ed16025870b43a44577	18772	review/wp21-wp25-review-2026-09-26/report.md
0f822f78b4b6233f7b0383e29f42929c18d9dcdee9874721137deb7ae3ee3f74	8922	review/wp21-wp25-review-2026-09-26/revision-diffs/delivery-summary.diff
991e2b8f0b04a27e83ba97e7dbdc52abdeb14ba00ef758ed5f115a632d9cce08	7882	review/wp21-wp25-review-2026-09-26/revision-diffs/feature-matrix.diff
68debf8bf0df649833444d30f1e0c4c11f4e175d53eb592464fd14591e870539	3427	review/wp21-wp25-review-2026-09-26/revision-diffs/wp19-attributes-ability-and-stats.diff
7b8eb22aee4785902ab76cb2b40c504ab30415697e859e4904278a73c1dd8d42	41319	review/wp21-wp25-review-2026-09-26/revision-diffs/wp21-dynamic-forms-and-display.diff
cf748fc86b35fe1d0105ef5dc36ff354f1b0894c8984d92178f3871831650e56	21841	review/wp21-wp25-review-2026-09-26/revision-diffs/wp24-player-trainers-partners.diff
3b15e838c3219c0e8fe976485c541172f5de3a850d43777eaaf68382355e1cb3	27331	review/wp21-wp25-review-2026-09-26/revision-diffs/wp25-party-and-storage.diff
2e8f5a67f8da408f969d129d71db7b6b79c8dc31824d428c93ac839b42dacf58	8164	review/wp21-wp25-review-2026-09-26/revision-prompt.md
34a3fb5ecb6ab9f59620610f18f30d4b82741fde39216c13a443aa72b781ebe9	9585	review/wp21-wp25-review-2026-09-26/revision-response.md
23ad4a7cc7b21b32454fb71666093eefd97f66b636382df913c6b32b16a7298e	99411	review/wp26-wp27-wp30-closure-review-2026-09-26/changes-from-v2.diff
b2d4dc7fcad71a76b3b95a113abb7388df61b7b9890367bfb919028f5beeefd5	24945	review/wp26-wp27-wp30-closure-review-2026-09-26/current-hashes.tsv
0eb2cd90438e26190d6756c95ea226ae62a8b5f904261fb7891fcb6bbc9ce391	1674	review/wp26-wp27-wp30-closure-review-2026-09-26/diff-checks.json
dfcfad8acfaa9eb433bc8c84e16695a2c89b9e3bd77730e844927eac6beb3ecd	2354	review/wp26-wp27-wp30-closure-review-2026-09-26/final-checks.json
a7c303750debf8adb2c2f36f5d05516b3ce07c6bbd3adb623ac0942f608a9eb0	113632	review/wp26-wp27-wp30-closure-review-2026-09-26/input-manifest.json
8091fed24599616048b6b2ac83b25fba4bebc0070b96eed18e1c79d319e58fda	12982	review/wp26-wp27-wp30-closure-review-2026-09-26/next-batch-prompt.md
21712a5c8715b793e18f2426868685f6e83caccf4e3f59eee083daef7e6d6e29	11449	review/wp26-wp27-wp30-closure-review-2026-09-26/report.md
5edade54951848612ae8ac1cf3f2d42f9cfd91c7e1ea729e362ef0e6c281c7ed	8661	review/wp26-wp27-wp30-closure-review-2026-09-26/source-checks.json
155addb33407eca3c3c1fc156339c9ef8bc50882cdfec19c489febaef381debe	1937	review/wp26-wp27-wp30-closure-review-2026-09-26/static-checks.json
bdd353fdf5ab24efe6014c01f707e653998d61c60c9d39b1950bdd1b14bf93de	13366	review/wp26-wp27-wp30-delivery-2026-09-26/delivery-summary.md
c8b700944e511a503ddab985933e074e7ad86663a971b6c9e3e55381a4cd29a3	12628	review/wp26-wp27-wp30-delivery-2026-09-26/feature-matrix-diff-from-closure.diff
8c23dfa132760a3e90be87924e341d72c36fb263fdf8e42fe84df1aa645f80d7	16221	review/wp26-wp27-wp30-recheck-2026-09-26/report.md
fb5a69fda6d214080ad9b1cbb5d373b4057182c3312edb2e1d89711f39f698e7	13619	review/wp26-wp27-wp30-recheck-2026-09-26/revision-diffs/delivery-summary.diff
e3c3e2418cbbf3e8f7ea2f413e29477a056d9ae91ddfa0c4561be9b87a65a4fa	10789	review/wp26-wp27-wp30-recheck-2026-09-26/revision-diffs/feature-matrix.diff
237ae5f3380840f6c518ecc027043c4cef1892ae6c869de191724cc70aede927	17067	review/wp26-wp27-wp30-recheck-2026-09-26/revision-diffs/wp26-acquisition-gifts-and-script-trade.diff
5add2f96a33b1ed6a7419dd4942c111d3ef90226a60b58470f111191a7d13409	15481	review/wp26-wp27-wp30-recheck-2026-09-26/revision-diffs/wp27-bag-and-item-storage.diff
c684dcb193f6ef9cf562ec555413f5ee241fe0d8759eb9dce251e56114493804	11877	review/wp26-wp27-wp30-recheck-2026-09-26/revision-diffs/wp30-growth-learning-and-friendship.diff
4306637fc1a988c1859f06d147d43c8a563810583ea8fd6e31167ef980b6d006	7592	review/wp26-wp27-wp30-recheck-2026-09-26/revision-prompt.md
8a4ee7163c00da5f1a41de1a71de129f707ae49b6888496c1dd33f25840ea26b	6393	review/wp26-wp27-wp30-recheck-2026-09-26/revision-response.md
78a9ba42675f16cc8900dc434f97a6eaacb5c819c42b072aa38f538b0d7e9e23	25241	review/wp26-wp27-wp30-review-2026-09-26/report.md
097b56e4023111695c7c21ae10bc5b694622fbd9d8505cca3234cbf2b1121454	11638	review/wp26-wp27-wp30-review-2026-09-26/revision-diffs/delivery-summary.diff
edf6b1fb6c163c60b70fbcdbe034dc105653aeff0e4bf994dfdb53efc6982a6f	10401	review/wp26-wp27-wp30-review-2026-09-26/revision-diffs/feature-matrix.diff
a7855f91355185fc9d79d4bf87cc932d870a25720f1f863ab0a4ed8ed6d742d8	29067	review/wp26-wp27-wp30-review-2026-09-26/revision-diffs/wp26-acquisition-gifts-and-script-trade.diff
0a329ee2030a7c5168a573ab2cfcc67e8d4d54b47b7f9225ea3b19b62b711f93	21706	review/wp26-wp27-wp30-review-2026-09-26/revision-diffs/wp27-bag-and-item-storage.diff
4e89689cda3c04534651800ed859ca605a36a6904c38b68d7e2a2fd1d1c33364	28948	review/wp26-wp27-wp30-review-2026-09-26/revision-diffs/wp30-growth-learning-and-friendship.diff
5f48b43b17fd233cb3e9321208c4ba48e7a185b95747a84f5c274d4b96bf24a8	9590	review/wp26-wp27-wp30-review-2026-09-26/revision-prompt.md
2765129f9a94c5cc94e7ce731c9c84655943ccb5e5058728ac509aa4d16f5258	9462	review/wp26-wp27-wp30-review-2026-09-26/revision-response.md
e24903fa5dc7d52067e4d2631286f0545f104189070acc69f33ed1776d9f7b05	78281	review/wp31-wp28-wp29-closure-review-2026-09-27/changes-from-v2.diff
a2c2b170c8dcc45920e26e69f9371ba2d67c6076d72d34a3a4149c2f273d0fff	31972	review/wp31-wp28-wp29-closure-review-2026-09-27/current-hashes.tsv
f9d53111da584aff6b80fdbe549ed915100ab122585019891e8e911dc607f585	1785	review/wp31-wp28-wp29-closure-review-2026-09-27/diff-checks.json
0b7928e4211f181fbfb9d0033945d3e108df9e4bb7a1a509c5497314e3c4f1e5	2284	review/wp31-wp28-wp29-closure-review-2026-09-27/final-checks.json
95d2893698e5d7685690ed7713a8298d60b9af1fbf61f957fa0fcfde5e2dbe0c	152200	review/wp31-wp28-wp29-closure-review-2026-09-27/input-manifest.json
a9e31d54a7b096bc7849d8fd14f0f01063fdb98bd1815aeb166dca4cf41deb0e	12960	review/wp31-wp28-wp29-closure-review-2026-09-27/next-batch-prompt.md
8d56d23e3271907e3522557cbed6315c85f01f4503ccdeae824abf5cfc76c6e3	8920	review/wp31-wp28-wp29-closure-review-2026-09-27/report.md
1a106d3738f333838a7a7c27b7b811233540785d44e05347dfd610024caa9f8f	6844	review/wp31-wp28-wp29-closure-review-2026-09-27/source-checks.json
a34d677dbe5b4501e1f3fb6a31a1e7d254341c3d3dd33c2dadc3e48739083d3d	1213	review/wp31-wp28-wp29-closure-review-2026-09-27/static-checks.json
99700a02325b517e6e3c73051f81a7f35c486f01d2ea5e37ec6e1b0fc535b6ab	4208	review/wp31-wp28-wp29-delivery-2026-09-26/backfill-diffs/delivery-summary.diff
1204fc1b792f39a0a74981974c639d6900ed4ce1f6ca566c84c72511b4c50da9	12806	review/wp31-wp28-wp29-delivery-2026-09-26/backfill-diffs/feature-matrix.diff
7cda993cf38a4f52fa072d69c1a19241bcd5b179799f7fdbdeb5d6cf5ca3f516	1705	review/wp31-wp28-wp29-delivery-2026-09-26/backfill-diffs/wp18-refsync.diff
c0d9b8738e2c25759ba498dcd33b7efad2fa8e0a80ac48b6f89974e758571380	1272	review/wp31-wp28-wp29-delivery-2026-09-26/backfill-diffs/wp19-refsync.diff
9514fa6e43a60a982a2d1bd1f6c43eec0f9922fd2d3b86ba2752a05e66a93983	1206	review/wp31-wp28-wp29-delivery-2026-09-26/backfill-diffs/wp20-refsync.diff
7905061cb71ebaaacd77e790db2cfe719b03441705edc1d1932efc77d41d2896	1417	review/wp31-wp28-wp29-delivery-2026-09-26/backfill-diffs/wp21-refsync.diff
5725a497f03edec25d77c61cd625edd165f8fec4d569f6af9a227440d4dbaeeb	1175	review/wp31-wp28-wp29-delivery-2026-09-26/backfill-diffs/wp25-refsync.diff
1f290388f1e1616baac1be3dea65e4278cd99e3c9a160f8614b3866d75dc909d	3567	review/wp31-wp28-wp29-delivery-2026-09-26/backfill-diffs/wp26-backfill.diff
f2131aec5dfaaf55d359a73e1b7b5986d9a7227d9712d15035446a5e4a77ada5	3083	review/wp31-wp28-wp29-delivery-2026-09-26/backfill-diffs/wp27-backfill.diff
c6025a2d6bb1db8315a6f7562b8d2309cb3ba7728c9fa6a69ea667ddf757a12c	7784	review/wp31-wp28-wp29-delivery-2026-09-26/backfill-diffs/wp30-backfill.diff
fd800ef2534491eeaae1a8a7023f59fe185eb605a78d65849c2bd52cc56a7e56	6306	review/wp31-wp28-wp29-delivery-2026-09-26/backfill-response.md
63fb993be6c6a2c5f697a6324d24429b6a8caa3fd49391a96004729948d6a59b	3359	review/wp31-wp28-wp29-delivery-2026-09-26/boundary-checks.json
990f30b417e4d561a67530992df3428ea5fdae78c9f038f90a0c046e6cfa2109	14649	review/wp31-wp28-wp29-delivery-2026-09-26/delivery-summary.md
f22d8fdcf5c39c96d5507c66a49c373a7b8be768485898109b298f6dbeb702f6	7388	review/wp31-wp28-wp29-delivery-2026-09-26/self-checks.json
4000ff3757dc7a3d6d779926b58dda665be9a2593f55d6ed3bf5afbf9693b59c	129275	review/wp31-wp28-wp29-recheck-2026-09-27/changes-from-v1.diff
a4722cce0fd64a1b016401ac433737f848f1b6ab1821b5d62442c6447f7401c3	29782	review/wp31-wp28-wp29-recheck-2026-09-27/current-hashes.tsv
01e51ade9ecb3896a4d9acb9be0cbe3f28e404fb3b990c7ac81d50b6efbc9b44	1784	review/wp31-wp28-wp29-recheck-2026-09-27/diff-checks.json
46edc95f184c450e299d9f065366bbc59114373d356fa861b2f6edb992498200	2460	review/wp31-wp28-wp29-recheck-2026-09-27/final-checks.json
bf75dd051c96c655659cc5fb3b018783838dbd266ba457f1241a9ce42e4c323f	141309	review/wp31-wp28-wp29-recheck-2026-09-27/input-manifest.json
f6f2c70579b133446bd52ff1dc330e347b85ff0ec961a9d559f1b05d817dd220	12842	review/wp31-wp28-wp29-recheck-2026-09-27/report.md
08809ecdfa5afcd1147cd67e1ff2cf8a39baa792aad1424328519ee824dc6e3d	4762	review/wp31-wp28-wp29-recheck-2026-09-27/revision-diffs/delivery-summary.diff
2688d19727cbd579966f291efcabdaf0d1c9bea6a0670ba608521acf1da04082	7962	review/wp31-wp28-wp29-recheck-2026-09-27/revision-diffs/feature-matrix.diff
85df9c4cda371d6a528b851f32c10824fe82e2fd0b9e6aba37b833e72e0be9a7	19382	review/wp31-wp28-wp29-recheck-2026-09-27/revision-diffs/wp28-item-use-and-training.diff
f9930cb9191ef73c9bc1948b07e9fe77e12ff025f1a6df7bfb8be433739186d9	5613	review/wp31-wp28-wp29-recheck-2026-09-27/revision-diffs/wp29-shops-and-exchanges.diff
4d5e843dec5eae3765a2ad69e03ea441cc459a32380283a2de1fdfc0e22f02b7	3707	review/wp31-wp28-wp29-recheck-2026-09-27/revision-diffs/wp31-basic-evolution.diff
bcef7f4617d533b14dd43c724801894d03b52f1b4a8201ac37c68a8b6008c787	7465	review/wp31-wp28-wp29-recheck-2026-09-27/revision-prompt.md
73c9cab38496f5d60269bf479ce8a90f2a1e02b3a16b320ab7e4e05a8d08a851	7260	review/wp31-wp28-wp29-recheck-2026-09-27/revision-response.md
dd61fed947114faf1017d6ce92abf57dcb2bb08eb32aefab8aa55a280fce124f	6669	review/wp31-wp28-wp29-recheck-2026-09-27/source-checks.json
3cd7f2e0f23e1875bea7cfc7628b543c5f51e77f2bb464748c7dc25830f5e6f9	791	review/wp31-wp28-wp29-recheck-2026-09-27/static-checks.json
6928addb42c2e7ab674248dfd13574dcd4e664eea12d46bfdbfa07ef588584b9	2067	review/wp31-wp28-wp29-recheck-2026-09-27/static-vectors.json
8993e8eb0035f3fbd9a5b62167fb8d716102fe2221ab1e26a9ec9b81f8fbdc84	1927	review/wp31-wp28-wp29-review-2026-09-26/arithmetic-checks.json
1b8225b06f0644668f4155e7a039b7512602ad27486c410356325789e24f9611	87466	review/wp31-wp28-wp29-review-2026-09-26/changes-from-previous.diff
fd2b2230f2d472d2140e1ddc38bf4d717f4c3c5463d9ccafde26df477ac5191d	27618	review/wp31-wp28-wp29-review-2026-09-26/current-hashes.tsv
c2cde3fe996c130e60a2aa2f6973fb0030e0c55604e37dd62fe8d5f6349c6691	3756	review/wp31-wp28-wp29-review-2026-09-26/diff-checks.json
557270868915ff0d4e82bf8eb8578a2b2c3a21d6cd7b77a6b2e2ce4572d04637	2515	review/wp31-wp28-wp29-review-2026-09-26/final-checks.json
b2967d6e046928df485a0f53c2c4aefb30f2967de7fc689a0bae000a025dbf0e	131803	review/wp31-wp28-wp29-review-2026-09-26/input-manifest.json
5e34d822a9ef350dc4944ca5d505a749651cea6a807fc868e22ee860fbc0ed59	21709	review/wp31-wp28-wp29-review-2026-09-26/report.md
0db55cfc59424490dc5052c969b96638b298998923e654cc5cf7800e8ee8420c	4402	review/wp31-wp28-wp29-review-2026-09-26/revision-diffs/delivery-summary.diff
ce3183aceb80a7f3ffb62ea439581d85273774ace7ab34e38637b9d614a754e1	7711	review/wp31-wp28-wp29-review-2026-09-26/revision-diffs/feature-matrix.diff
30f91d9a37425778eec919b62fdd1977efc8de7bc183cc1d0cb6e95be5e43fbe	40003	review/wp31-wp28-wp29-review-2026-09-26/revision-diffs/wp28-item-use-and-training.diff
b5b287d9e5cc8d3218d9aedb276c06c9aaa0ec5107090d886d881fb9ad4c4769	19541	review/wp31-wp28-wp29-review-2026-09-26/revision-diffs/wp29-shops-and-exchanges.diff
1353e3c2a7b1c2262ee2321f55b37b0d90f9694734acb1a934910ce0558e68aa	22066	review/wp31-wp28-wp29-review-2026-09-26/revision-diffs/wp31-basic-evolution.diff
13d32a4b2fca619b0419f3cc3a49bd3f7b3d9836b39565dd75167346cfaab646	10673	review/wp31-wp28-wp29-review-2026-09-26/revision-prompt.md
e516ca699c06d41cf2414e5e3b5e897e3d6ba5c0c9b78084d940d6cf5e69fe2f	10646	review/wp31-wp28-wp29-review-2026-09-26/revision-response.md
efd7ea17a01f784ee6e59a103d06d8e14eb7cd9fb599107aee6f04c9fc1639f5	3019	review/wp31-wp28-wp29-review-2026-09-26/set-checks.json
433244929486aa477b8aae9c130218eec4ec338af8da3dfe4b33c1ba4f2a9c28	7270	review/wp31-wp28-wp29-review-2026-09-26/source-checks.json
395e757a630d6fb456a2703e995cdd1a7777cf1a28b5d2443abc656081bcf6b3	820	review/wp31-wp28-wp29-review-2026-09-26/static-checks.json
3055c6402be783edc4c25d029c91bff93cef464d06cd4717270a4dbdb5155d22	80015	review/wp33-wp35-closure-review-2026-09-27/changes-from-v2.diff
1927c42f72e3cf86544b49bc98c45a92149d26be09f850cf9d4d4aef24cc471f	40152	review/wp33-wp35-closure-review-2026-09-27/current-hashes.tsv
e3234e443edae9d20ecff77d042daa34aa7db8d2fa257d3c3a37181df27e888a	1914	review/wp33-wp35-closure-review-2026-09-27/diff-checks.json
f324cb58f8296edb8efa3ba90b5d0805bfadeeb3ddbed16928b329af56650a12	3030	review/wp33-wp35-closure-review-2026-09-27/final-checks.json
3237361aff6e4ecda14d29eaeeb9d65e0823c0f08ad91671312705c4da38958e	240408	review/wp33-wp35-closure-review-2026-09-27/input-manifest.json
f791c8c24800bdd12b43b9a8395a0a24ac399fdbc0c339a911e6fb6d00238f26	15325	review/wp33-wp35-closure-review-2026-09-27/next-batch-prompt.md
90c20faf02009ead5893c052bb64d9d260eb6562ec3d805a653032929fb06b5e	10068	review/wp33-wp35-closure-review-2026-09-27/report.md
3e3e2d3abffa798be7c443e6303965bd65430d0f6044ea5efb279139464a101b	4734	review/wp33-wp35-closure-review-2026-09-27/source-checks.json
1bc056620baba8926c147a37de8a728b54c1185af5ff64cc39c2bad5990fd9fb	1129	review/wp33-wp35-closure-review-2026-09-27/static-checks.json
625f9f0d10fc43e4ecbc50df3a65d15ccfb1beaebfa1528d24a25e9fa00140f2	3657	review/wp33-wp35-closure-review-2026-09-27/text-checks.json
7c1819067a1781e49847553f031780e7f140dd78146792795f8a017547ad81e1	2336	review/wp33-wp35-delivery-2026-09-27/backfill-diffs/delivery-summary.diff
e934aaf7bd6dab6a352f62ffe36e81715f723dbf42336bcb44867bccf19d50dd	9482	review/wp33-wp35-delivery-2026-09-27/backfill-diffs/feature-matrix.diff
a087b982530a191ee0398d83bc168f30be45fe9c9b86da045d4fc6de2bf15bef	1373	review/wp33-wp35-delivery-2026-09-27/backfill-diffs/wp18-refsync.diff
5d6430108358565fe7747079f11e231f93fcfcd861c0779a464480f599f7a8f3	1278	review/wp33-wp35-delivery-2026-09-27/backfill-diffs/wp19-refsync.diff
56327851b276aec966494faa3634bf89cda8d4b9fce7aa052ff90908133340bf	1320	review/wp33-wp35-delivery-2026-09-27/backfill-diffs/wp20-refsync.diff
12fcd499ad39288b6f00efe275a7d624b908358282edd96e4f3d2bc5a81383c5	1265	review/wp33-wp35-delivery-2026-09-27/backfill-diffs/wp27-refsync.diff
6d91006fe1df046e6ff80449d6f5ceda801ad1411ab2c0b3ed4460e8864ef0c0	3950	review/wp33-wp35-delivery-2026-09-27/backfill-diffs/wp28-backfill.diff
31d7a17f86e46b6f182eb857fadd47206584d58f615e28f3544964a845dcb0ed	3213	review/wp33-wp35-delivery-2026-09-27/backfill-diffs/wp29-backfill.diff
0e8df13967069ad899ab9618734abfaae4a9f0a8d42b50dd81b76bf34b09fc11	1249	review/wp33-wp35-delivery-2026-09-27/backfill-diffs/wp30-refsync.diff
bc5c732d1bddc1b84ce0353b791015736cc2b164ed27d2e23c94454f5aaa8d98	2175	review/wp33-wp35-delivery-2026-09-27/backfill-diffs/wp31-refsync.diff
64a8884ec9338f527d2eab58e5e38aef118c6f9342c22193517e2c559a1fce55	4445	review/wp33-wp35-delivery-2026-09-27/backfill-response.md
80dcc8aa76f9a96962ef401fba5a16a852ba9987a4388dc765af2b1efa0adeda	2877	review/wp33-wp35-delivery-2026-09-27/boundary-checks.json
6b1d9a1abf0d97193065ddb479a0a19a280ec4d7bfd5094ff0ea12354fef522b	9924	review/wp33-wp35-delivery-2026-09-27/delivery-summary.md
581b530ff7cc1ddf248dc0218efcc85c0f30f93ac00224c36a5256f60fabc5b7	6876	review/wp33-wp35-delivery-2026-09-27/self-checks.json
8bc81194f7950ebe421ea55e2863bdbd9db8de2a87d3d1fc80b06d4aa69fee45	124136	review/wp33-wp35-recheck-2026-09-27/changes-from-v1.diff
4b679142675b26c8d4efad93333e6eb196f2723f2aab4327cf46d1512b6d0ea2	37903	review/wp33-wp35-recheck-2026-09-27/current-hashes.tsv
26d7ae2325a810cde5227518a683f8a3b81105d27c37360981099a17428d5fb1	2801	review/wp33-wp35-recheck-2026-09-27/diff-checks.json
f2087c592018d2758228325f40047f77dd595474ab26ef3c49e77fd873ab8cd0	2640	review/wp33-wp35-recheck-2026-09-27/final-checks.json
50bb62ce8767cb31364b751deea29d0b801943678812c62bb278e7d4bb95d6ce	225008	review/wp33-wp35-recheck-2026-09-27/input-manifest.json
6314bd648edacaa8f898f1522dd33f8ef782df7586e09b136ac4d97b7a4380f0	13517	review/wp33-wp35-recheck-2026-09-27/report.md
82e5042e94aba8a34554af2bbb82cf271633a885272ab96dd1ce114ee8d56ba4	9027	review/wp33-wp35-recheck-2026-09-27/revision-diffs/delivery-summary.diff
46131c4f46a605c99ad81261f84d3c418fc03f9fd9ffc4ed7ebe39873aae4ba4	4878	review/wp33-wp35-recheck-2026-09-27/revision-diffs/feature-matrix.diff
7c957defc3da5c8edbc345a5b4e835432fff6c52653baf39f5ad6f562d4002ca	7713	review/wp33-wp35-recheck-2026-09-27/revision-diffs/wp33-daycare-and-breeding-session.diff
422f444696523f35cb7c5e493105fe66b2eb95ccf4fe271f3d34fe3d1f843b8c	12137	review/wp33-wp35-recheck-2026-09-27/revision-diffs/wp34-inheritance-and-offspring.diff
6b739e7f39bb814f747acc1ee472e8dd94cbdfad421dc074cab1c7cb82c58cc4	5481	review/wp33-wp35-recheck-2026-09-27/revision-diffs/wp35-eggs-and-hatching.diff
d83799909f9c0f98876ac41f60785ac72a4013f8c5df4a134da5c51d64a8ab90	8009	review/wp33-wp35-recheck-2026-09-27/revision-prompt.md
0188ef210477b3b864725dac9fb7d9fd2d663adcfb8d5c66571f5e3761533335	7329	review/wp33-wp35-recheck-2026-09-27/revision-response.md
ae6556431f3913690e0772e3acf9dec02d18a36711d06ed090aadb541a698a80	6634	review/wp33-wp35-recheck-2026-09-27/source-checks.json
9f26a12f51c4b1119fc665b05dbdfb128e5b9bab58eca0a387c0ae13daff8ee0	1075	review/wp33-wp35-recheck-2026-09-27/static-checks.json
fb2acc6e9e894f20dcc29091f2903db79915a54a62475363bcee0c7c9c06bff2	3086	review/wp33-wp35-recheck-2026-09-27/static-vectors.json
1ec44429770bed4942359792160213dff34e05b9bd3c8565b4734bb4d0d62c38	4351	review/wp33-wp35-recheck-2026-09-27/text-checks.json
dffcb2a40efb7145e594c1338315e06520b040cc6b99c9f8cb9770941485354d	85787	review/wp33-wp35-review-2026-09-27/changes-from-previous.diff
9c185e248b7bc586459b0e5548523d7d20f68963a26e9096de2724b9e455e94d	35486	review/wp33-wp35-review-2026-09-27/current-hashes.tsv
000a6b4e9dfd8cc61f135f9716a26834535795a23ef894bb11977b437b7c0123	3369	review/wp33-wp35-review-2026-09-27/diff-checks.json
5305985967a6dfc1674579a9a1b4e6546e798db2906a60fcf7f935616ee15373	2624	review/wp33-wp35-review-2026-09-27/final-checks.json
6b6eb0c70ec89efa67366c90bad03c357d075392d5233b73329ebcfc8b9581a6	171550	review/wp33-wp35-review-2026-09-27/input-manifest.json
7f61f821d8c40fad05ea37b6a3417cf5df7fffd8b04c7acc3c6041024def611f	19379	review/wp33-wp35-review-2026-09-27/report.md
a81c596f6628cc711417bfa41a33895159757c7c0c1e6ee108983b2dcf47ef8e	1414	review/wp33-wp35-review-2026-09-27/revision-diffs/boundary-checks-fix.diff
c05312176b0a1d3521722862340f8b3e64406f23fc344a10be94aca2d3b60480	7350	review/wp33-wp35-review-2026-09-27/revision-diffs/delivery-summary.diff
d134a2e5508ee2073f1f4a385f76c42cfa0af8aac13e066d8e707020e6de56c6	4771	review/wp33-wp35-review-2026-09-27/revision-diffs/feature-matrix.diff
cb3f73bcb3c36dae57ac1d10891873f7e604296ddff20b25a9a3792fbd4dd7d3	18932	review/wp33-wp35-review-2026-09-27/revision-diffs/wp33-daycare-and-breeding-session.diff
58ea702518eb0b3af65c32e8fdb70e9b0efc91f6dc4e9375d5adc902f69b407c	28831	review/wp33-wp35-review-2026-09-27/revision-diffs/wp34-inheritance-and-offspring.diff
ab7454924fd93407508db566562108a76deb5771fd55d4314915317206662417	22452	review/wp33-wp35-review-2026-09-27/revision-diffs/wp35-eggs-and-hatching.diff
2ad9d0128a2c2101f7ae9c3fa75faaa438bbad6755eb91d5af8a8c3ae8bac57f	11396	review/wp33-wp35-review-2026-09-27/revision-prompt.md
74a9a812e95feba7ed44b1f9f1101bddc59a1a95c8fd3ea971bf132226894051	13495	review/wp33-wp35-review-2026-09-27/revision-response.md
2a668d92dd1b9b98e03db1651c75f705d4c84ae7bf943a34bf51f1672babc968	4678	review/wp33-wp35-review-2026-09-27/source-checks.json
7ea3dafe952dd9dd05edf26f82a3ba05cfd9e9e9497fd7edb173ec4f23834f24	1453	review/wp33-wp35-review-2026-09-27/static-checks.json
1046214003fbdcded3702ccc4e06509f41a03fecf5004eedff86cd4fb7f727f4	3852	review/wp33-wp35-review-2026-09-27/static-vectors.json
e8fb124101fffecdaf32e588ab3e29ee0385eb5f1dfa8afe8a83d750dc2185d2	4696	review/wp33-wp35-review-2026-09-27/text-checks.json
7aa214983211a8306ca9857809ac46872b49d6dfbf8a0775ef84e583fde92b76	151990	review/wp39-wp41-closure-review-2026-09-27/changes-from-v2.diff
7c29c8233381fb93cc7bfd4fbe8c1e45553d791b776cc5b202846f7a06d3fcf4	57028	review/wp39-wp41-closure-review-2026-09-27/current-hashes.tsv
8d00e2d78ada908824aea60da06efcb67681f4cffe636dc6a91f34c5f060fe13	2436	review/wp39-wp41-closure-review-2026-09-27/diff-checks.json
72bfa0e07172880eb590e3859c063ea0bc42898277a603d70246c34e6ae15f5b	3016	review/wp39-wp41-closure-review-2026-09-27/final-checks.json
fecd22b8331094e3334b4cff6b4f57e36cc3a016b628b3a964d267db72892a5e	386953	review/wp39-wp41-closure-review-2026-09-27/input-manifest.json
a712c0fb9c3311bfbade32305cfb000827864d5bb985d07567022c1763f9ed35	16208	review/wp39-wp41-closure-review-2026-09-27/next-batch-prompt.md
c88d91cf0202e083294870896283fc10264860f608b8bad69ba46b9c622b7f07	11892	review/wp39-wp41-closure-review-2026-09-27/report.md
5f299ddff993b5fefbef400a5be14767946a4163e3c9b26e9e0197df63be91ca	5713	review/wp39-wp41-closure-review-2026-09-27/source-checks.json
2a0d745888fa65b43df032b47da4761d8ee628ca9c5ede9868cfaca3d4e1807e	812	review/wp39-wp41-closure-review-2026-09-27/static-checks.json
f13e2b6b55c9d3cd64c8fb47b3628373271034b201392f065ded656c95efc5ea	5595	review/wp39-wp41-closure-review-2026-09-27/static-vectors.json
677efc753ab2a5cbeb971e4013e43d50c5d9a9bd37d573506863b3408a1e3994	7518	review/wp39-wp41-closure-review-2026-09-27/text-checks.json
21e5baf66510ff97f02fa9f019da72c8762e4683095c834ed2738f6837e2a7ac	2356	review/wp39-wp41-delivery-2026-09-27/backfill-diffs/delivery-summary.diff
db2edf641ee572098520f9e5d8e8e2b2ce6f12a16f634f01588bea9c852b37e3	13983	review/wp39-wp41-delivery-2026-09-27/backfill-diffs/feature-matrix.diff
44d578aeb4dc9c6e10888cd4637965259832135d68bab20d99ec68add26a74e3	3042	review/wp39-wp41-delivery-2026-09-27/backfill-diffs/wp34-refsync.diff
a82eab1fa990e45873d1245578997175324081597d0ed8752fa59983d98d6083	4925	review/wp39-wp41-delivery-2026-09-27/backfill-diffs/wp35-refsync.diff
f05b2142e465e86a5e725b2fc2f0c4f443d2f7a26bfba6f9abb95c281c100610	8195	review/wp39-wp41-delivery-2026-09-27/backfill-diffs/wp36-backfill.diff
c4fc5304602b0d51d6151fd2bddf214efc47ec713700923f28936afc667b6e7c	7757	review/wp39-wp41-delivery-2026-09-27/backfill-diffs/wp59-backfill.diff
7ba1fe2b4c08f46f2ae4eb9a295e424de50438ffd1a3b9db0b17997ae07045d9	5273	review/wp39-wp41-delivery-2026-09-27/backfill-diffs/wp60-berry-refsync.diff
3686a0dfe5eee850b86c580cfd44bb4b5e51320e2265d5313ce2520c473fe63f	5133	review/wp39-wp41-delivery-2026-09-27/backfill-diffs/wp60-fishing-refsync.diff
57e53a706c9d3a111d154c3dbd280dd9c25806c4c31327b33ebeea70a062123c	5577	review/wp39-wp41-delivery-2026-09-27/backfill-response.md
46a58b20347ce9089cec89497d046a2270fc28eb9599f052b66ed4f03bd949d0	6926	review/wp39-wp41-delivery-2026-09-27/boundary-checks.json
a1df7ee38a71874e5ab14586a7dc4551e8bfdbfda7a0182a8ba4467a1ed16b20	12006	review/wp39-wp41-delivery-2026-09-27/delivery-summary.md
6d16628fb0c8b2819c6a83aa792785849ce839d8ce95a695121ffd2d18b6a8ea	23048	review/wp39-wp41-delivery-2026-09-27/self-checks.json
65714e4d32c22c2e926dffb5bbf6e6e523b1f616a31cdc40e38fcd68c216a635	160079	review/wp39-wp41-recheck-2026-09-27/changes-from-v1.diff
2aef1ad5f62c765ee473e60c6435266a96504a77e941b61a73ff67d9a7aa6d55	54542	review/wp39-wp41-recheck-2026-09-27/current-hashes.tsv
dce9f40f8a2c8acb1cd3574d01e0e5c91ef1f9a9eb78fe29983394c01f62dad3	2429	review/wp39-wp41-recheck-2026-09-27/diff-checks.json
c40d3918cbf66202f2f775bd81be85dbca7b79e4bc0187fd0c54e526de281b70	2781	review/wp39-wp41-recheck-2026-09-27/final-checks.json
43c25bb7ec7f2c62387e3ab22bc683e387358ab1f9fafa4acd5be3e54036ae79	365827	review/wp39-wp41-recheck-2026-09-27/input-manifest.json
50a485f2eac388d188704b1b6e1aa7d63c8a4883e0c07b6067fa9ff880a75467	15110	review/wp39-wp41-recheck-2026-09-27/report.md
e8b470e999c710daae54092a8e952cb6a819a253747421ac6c7ed9213b0e20ea	10364	review/wp39-wp41-recheck-2026-09-27/revision-diffs/boundary-checks.diff
c2e32a5fce83c85243af6b605a9bc051194493baf59a188145e904fe7e77090b	14927	review/wp39-wp41-recheck-2026-09-27/revision-diffs/delivery-summary.diff
24113271408ca25006c18a3b4b2fd7e615847d33169b96499bd13f93c9999e83	7059	review/wp39-wp41-recheck-2026-09-27/revision-diffs/feature-matrix.diff
b2f0c90446ddae528d2ed4c8f5e129a4e75460509d349d184ff20555d0f843fc	21014	review/wp39-wp41-recheck-2026-09-27/revision-diffs/self-checks.diff
23a5fb57d6f7f43d2fa3fe087e479d0185e9bdf1f4f5f146cda3b1c648bcf445	20031	review/wp39-wp41-recheck-2026-09-27/revision-diffs/wp39-revision.diff
56cf484f1a68b95a394b02c5614bbfbb57c1afd60fbf9644221781e29b7e1745	18173	review/wp39-wp41-recheck-2026-09-27/revision-diffs/wp40-revision.diff
d92fe8e1360cff1003c8a9cfcef22472866a393b50ec389409339beee3c4e685	11805	review/wp39-wp41-recheck-2026-09-27/revision-diffs/wp41-revision.diff
dbcae65a951fd598fb2dea1f15f79363b9bd05bf6dc510602de22e4d667b2d68	9575	review/wp39-wp41-recheck-2026-09-27/revision-prompt.md
7fea838c46413d20afde7b2485bbe7855b6bc779e95a18b30fa4f49a46ade36a	15187	review/wp39-wp41-recheck-2026-09-27/revision-response.md
36212055e2a5c42bd4c5f1082d135e4019405354fdfca99a36398e6301095787	9077	review/wp39-wp41-recheck-2026-09-27/source-checks.json
9f0f56554e582d0916659c8b3e67ee68b1335777439ee3b475683917aacc79e0	3515	review/wp39-wp41-recheck-2026-09-27/static-checks.json
0b056dcc8d92272edf80f405c8aa3eeb787426956544c5f65bcf0b5490598984	6808	review/wp39-wp41-recheck-2026-09-27/static-vectors.json
842fd221124f58e3c4905ad4f58a0178bf464d4f45e9a53f4a1733fd368f4867	1887	review/wp39-wp41-recheck-2026-09-27/text-checks.json
8586d6c97ebf76925c927f63b5e5edd6899997ada9d15e025d55704b429f28d5	108594	review/wp39-wp41-review-2026-09-27/changes-from-previous.diff
a28ff15c8780c6f2f3597694bcf5f06ebe1a8b1862853d570d431dc28b8025c2	52075	review/wp39-wp41-review-2026-09-27/current-hashes.tsv
af74fd8064fd8c539ffb4324c3d16b43cc41d6a144b8654dfa31f118a78f0039	2688	review/wp39-wp41-review-2026-09-27/diff-checks.json
bedab5f5528550c05950952f8dd869bf250d433208106d595c130224c1cda5a2	2834	review/wp39-wp41-review-2026-09-27/final-checks.json
1097ecefcb0415ef1526893cbc4c1e5ecab7ff63c22313c7dae648fc1fdb03cc	347393	review/wp39-wp41-review-2026-09-27/input-manifest.json
a539db6cd901b92fa4f0c723ba612d44a1c7e5349a26c28e9632713e38a95d79	23770	review/wp39-wp41-review-2026-09-27/report.md
7071b5d6317a403464abef4b57536198d19b18b983f7e8e8b31c5f02914ed004	8580	review/wp39-wp41-review-2026-09-27/revision-diffs/boundary-checks.diff
89f79943cad7772e1cc67057b50b65f618b2291a3541577ecd4355b515042850	12478	review/wp39-wp41-review-2026-09-27/revision-diffs/delivery-summary.diff
18eaa1eef5bc2a9e58030cb0c62bd66e4bdf6b79d33578b1cfe32aeab4fe4b4a	6758	review/wp39-wp41-review-2026-09-27/revision-diffs/feature-matrix.diff
d3da973761193cfc2ba654758f4d7265077e4e980aaea9525655abd0c0feb8ca	15697	review/wp39-wp41-review-2026-09-27/revision-diffs/self-checks.diff
dd473ba253c4126466bc487c4bafb7e23bff6350c1b71b929fa48a5aa3bcd554	22717	review/wp39-wp41-review-2026-09-27/revision-diffs/wp39-revision.diff
ae4631a47d014ef574308b7528e785624f419ef92d5c83f5aad2352cae60db6a	24903	review/wp39-wp41-review-2026-09-27/revision-diffs/wp40-revision.diff
7667dd09f4e07483fdb73cd808a202d50c12bf2b2881d4e88a2afc9fa50f3164	25070	review/wp39-wp41-review-2026-09-27/revision-diffs/wp41-revision.diff
543b6f147330689aba6b72a8d6e2e5cbbf6c8d32de2f59e80dcd57856d65dfba	14362	review/wp39-wp41-review-2026-09-27/revision-prompt.md
eec9fbc27c020eeed8c5e3cbbeca15f03554fb22d313f3ead3b7cca618babcad	17055	review/wp39-wp41-review-2026-09-27/revision-response.md
68b10ddf07e23dee3276a720a7a7c5011f5fce5b46728a390020be8b71a007cb	8619	review/wp39-wp41-review-2026-09-27/source-checks.json
70112c3857f4ebc4e6acf3631ad41ee56161ebbddbbe6f75166489991da5bbf0	764	review/wp39-wp41-review-2026-09-27/static-checks.json
172925acc7cae93ac0026b9db6fe4ec125c491806d7ffc74483628870d38a93b	3197	review/wp39-wp41-review-2026-09-27/static-vectors.json
573923fc5953244bef26ce32b730a3953b233e6f84e36189f223ed56f12f1442	13835	review/wp39-wp41-review-2026-09-27/text-checks.json
209eb9a8b00b1a5ef4c5c6aa3f67f4abaedbe1ad40cfa1471787e9d21933a5f1	11662	review/wp42-wp48-wp49-delivery-2026-09-27/backfill-diffs/delivery-summary-prior.diff
4db120fb3fcf525efc95a2d8053fd0482b9d07900b53990834f8ed6becc9451c	8564	review/wp42-wp48-wp49-delivery-2026-09-27/backfill-diffs/feature-matrix.diff
ff003ffd07a87805f894fc9165ac117e3b5a4722d1b81199c79e79092430ba37	5783	review/wp42-wp48-wp49-delivery-2026-09-27/backfill-diffs/wp40-commands-obedience-and-action-order.diff
06ac72cfe57304884a5b23b08f6dbee7f26bda6b9d9170e680a56bfcf7c4bb65	2893	review/wp42-wp48-wp49-delivery-2026-09-27/backfill-diffs/wp41-switching-positioning-and-escape.diff
a290d3e43147201497b54e1d9bb11c0c3251cc03a7f0a68a5258c815759926eb	8260	review/wp42-wp48-wp49-delivery-2026-09-27/backfill-diffs/wp43-types-accuracy-and-damage.diff
c2ffc95a020c19b2175474763be4f11d024291407f615a7cd1fb6bc6fc297db8	1365	review/wp42-wp48-wp49-delivery-2026-09-27/backfill-diffs/wp44-effect-coverage.diff
8ea9869114c9772a5ca9f7d282ff6c436c52d05976917aabd3af4a45bd0898ad	5884	review/wp42-wp48-wp49-delivery-2026-09-27/backfill-diffs/wp44-statuses-stat-stages-and-immunities.diff
235a4c669420248df8388a5634a78874df5e81a8d1f7b2bef9190e835066edc0	7438	review/wp42-wp48-wp49-delivery-2026-09-27/backfill-diffs/wp45-weather-terrain-side-and-position-effects.diff
7b99bc61584becf3e9850a1d16bad684add81899be06c44f94a6d268b976a7e2	4642	review/wp42-wp48-wp49-delivery-2026-09-27/backfill-response.md
9509999c8dadeba83dfeceb39fd4d45d7d0b1494e1837abed8f01163792a309b	14399	review/wp42-wp48-wp49-delivery-2026-09-27/boundary-checks.json
498dde568f7c77c30c35d28e2ab492622b7c985c0243977683b54d184111f695	9388	review/wp42-wp48-wp49-delivery-2026-09-27/delivery-summary.md
939f7e366b0c75feb45275e5ee340647715499cde96144b22bb78273925864e3	102908	review/wp42-wp48-wp49-delivery-2026-09-27/self-checks.json
360904f50dbaf390ab8a444faaf9b5ab24a6d7784fbc39b22b6471a25867b76a	133835	review/wp42-wp48-wp49-recheck-2026-09-27/changes-from-v1.diff
14807ce78181c95e83254bc7d66eeab38a7957c3ea7716fcaeb3a0f7238eb136	1478	review/wp42-wp48-wp49-recheck-2026-09-27/coverage-checks.json
56b644e0b3c41d3c941048b1c2a2a77e736003b28cb53dd06330b7ba561440be	69735	review/wp42-wp48-wp49-recheck-2026-09-27/current-hashes.tsv
066213fb93607dc24aa629acfcd5d9e8098ac96b987ee92bcde153eb8d0fc9ff	2103	review/wp42-wp48-wp49-recheck-2026-09-27/diff-checks.json
5f837cef78f6d8b625c7f74584585edf50ae22f85af0149c869c7fb34c6821da	3312	review/wp42-wp48-wp49-recheck-2026-09-27/final-checks.json
5f6a356c30e1f4e70799c619e496a287e82cab458b8df158ede42aab1c8038a1	479610	review/wp42-wp48-wp49-recheck-2026-09-27/input-manifest.json
8a2ba73c38a80dcd8483a824e305e3f26e00a74abbe141c8872eb18ef0bd08c3	15482	review/wp42-wp48-wp49-recheck-2026-09-27/next-batch-prompt.md
f0e266220cf76a0aa4f490c61b547bc705453d3729012629a563c4c727ac926b	10972	review/wp42-wp48-wp49-recheck-2026-09-27/report.md
79504545574bfde4dae8a1a70a067ee81a9fef9c746a2fd8b0c6f2028bcbdb8c	12309	review/wp42-wp48-wp49-recheck-2026-09-27/source-checks.json
52b14ad7063630cb72a15e8e16be08fbc97398b4ed5229f85e2b4429d7128c0b	2237	review/wp42-wp48-wp49-recheck-2026-09-27/static-checks.json
f26cb864a5745b36ee473d88abf9030f9d03e227d61416cc9975c0ea7be91f3e	3675	review/wp42-wp48-wp49-recheck-2026-09-27/static-vectors.json
3c701924d079fb7ee11f4e7e4a5ecb9503000bb97119e10971c8b24e7d65e541	10736	review/wp42-wp48-wp49-recheck-2026-09-27/text-checks.json
1364e6a81fc2f573bcb16e3a9933670a0e0dc601a1bcf8738663fbd5ebe7a703	122485	review/wp42-wp48-wp49-review-2026-09-27/changes-from-previous.diff
76173387f2bd979e5b2f51cb2221d3c51a387e6004dee8e5e84135f59e8bdd56	515	review/wp42-wp48-wp49-review-2026-09-27/coverage-checks.json
c40010c71e7a16b1ca412d5769765d8109fca6b92aecfdb1bd573d30c152254d	66968	review/wp42-wp48-wp49-review-2026-09-27/current-hashes.tsv
0ba13765007c4821829d14ba4c53fd67c5576a46937573f205d4e99662621a40	2920	review/wp42-wp48-wp49-review-2026-09-27/diff-checks.json
ceb9ea41727d38830ab1bdd2379198eb9e81b754fd6ad65b95fca58b520c9ca4	3017	review/wp42-wp48-wp49-review-2026-09-27/final-checks.json
c2129a10279afb20799eddba23fd236e935d74fd3535b1bd721b7fe471199620	460058	review/wp42-wp48-wp49-review-2026-09-27/input-manifest.json
2068681add50704d439c98133d42ce4ce665da58deffef9011ead37bb148af60	11466	review/wp42-wp48-wp49-review-2026-09-27/report.md
d5e226aa6258870d8693eda77701c1f194e46bce564a3ae70f665908469a4768	7922	review/wp42-wp48-wp49-review-2026-09-27/revision-diffs/boundary-checks.diff
128ab03757370657355cd85b7159b3fdffe0ac9b5fab3959af1cae541419d3e3	11546	review/wp42-wp48-wp49-review-2026-09-27/revision-diffs/delivery-summary.diff
6fecb4c29cf622d62c50f0a5507983af1df883d4187c3a25c801286bdbf5b1d5	8018	review/wp42-wp48-wp49-review-2026-09-27/revision-diffs/feature-matrix.diff
126ba702a8d7839bfec4f2765bcd3772b62cbe5c9eaad2022bcacee138f8a78b	26199	review/wp42-wp48-wp49-review-2026-09-27/revision-diffs/self-checks.diff
77403aecc72babff4be1514d99ffbfa697124008b2d31f0f8ded0af6409d0fb6	9174	review/wp42-wp48-wp49-review-2026-09-27/revision-diffs/wp42-growth-end-of-round-and-battle-outcomes.diff
7d668a58cdb13f05787935d10ed242985b51c17018636527814c24f44e0a8a47	5691	review/wp42-wp48-wp49-review-2026-09-27/revision-diffs/wp48-ability-calculation-modifiers.diff
72add46da6667cbd7444fc2b85bcedc057e71b80709abc73afa9e46b66c238c9	13600	review/wp42-wp48-wp49-review-2026-09-27/revision-diffs/wp49-ability-phase-triggers.diff
29862926457c505f1d3061dffcffd5b0b78d681393f51511eccfa5add8cb22bd	8895	review/wp42-wp48-wp49-review-2026-09-27/revision-prompt.md
5d20434afff2e59ef9b1286272bdf95ef8aed62694ee4684bdddfd25dd6a40d2	8707	review/wp42-wp48-wp49-review-2026-09-27/revision-response.md
dfaadcae489778cbe2c173f4fd472e01ff14dc3fee9a0e0618a854d6756fe6f5	12363	review/wp42-wp48-wp49-review-2026-09-27/source-checks.json
4545821579499b7b3c6a3d1b788b5e072fa43bfe40dc1e8010c7c9aef431f1a0	444	review/wp42-wp48-wp49-review-2026-09-27/static-checks.json
ec5f04ca9c5499b648ee820873e906fda2b1ab45cf61e0962659bd499c151f96	5275	review/wp42-wp48-wp49-review-2026-09-27/static-vectors.json
b167276659dc4dda7a774a51d76f2eb8a20c024d90e8df7c6bbb7d6e36c48139	2201	review/wp42-wp48-wp49-review-2026-09-27/text-checks.json
1617019c19041bfe3ff09551871093ea5f30563560254fe3bffd88d716ddcf4a	9702	review/wp43-wp45-delivery-2026-09-27/backfill-diffs/feature-matrix.diff
83297d8191544eed153f4a29567d49fa98851ee95c8224a96cafe98f838ffcdd	11601	review/wp43-wp45-delivery-2026-09-27/backfill-diffs/previous-delivery-summary.diff
77966eba98c81e8c8d0f00cf505cefcbdde69bfd02057436862e41d368e5f60d	5818	review/wp43-wp45-delivery-2026-09-27/backfill-diffs/wp39-backfill.diff
f8e88efaeb26180262d108e1a4f8bb0f6dc415653ff62c52aacaec732c402373	6623	review/wp43-wp45-delivery-2026-09-27/backfill-diffs/wp40-backfill.diff
5ed55ae0a5e04f0650ce688c29968bd55f7308b9e38fa49eedc2037a05ff3b97	5065	review/wp43-wp45-delivery-2026-09-27/backfill-diffs/wp41-backfill.diff
3d9f33857088e6000cc0a588b74897aeb000e91e0338ba12e50c7edf48d0978c	5830	review/wp43-wp45-delivery-2026-09-27/backfill-response.md
21abfe14138ed5e2fcd5ba3d3f0b499d192326e970c4495a905fcafa0098ac4e	6629	review/wp43-wp45-delivery-2026-09-27/boundary-checks.json
4cc8e434e1a7d1feca37dce2290626055fd41fbc8d3dc8215ddc1ef43960e35d	10636	review/wp43-wp45-delivery-2026-09-27/delivery-summary.md
307d1ff0d54d9c1ddbcf8ee10f6161e6eff044cb5d486352b3acab643313004d	56423	review/wp43-wp45-delivery-2026-09-27/self-checks.json
0eeb78cd9c54a902080a060a3a208cb8a898fe1342eb5703e134a6024b926c51	207622	review/wp43-wp45-recheck-2026-09-27/changes-from-v1.diff
50d73923df56b1ec9d52f228e22df8aaaca24714d527b955600cbce0585618f5	2083	review/wp43-wp45-recheck-2026-09-27/coverage-checks.json
051ca1d19baf7736469fa5142b527810d9a7bcd99f864c62c9f6ef0a6f0fefdc	63249	review/wp43-wp45-recheck-2026-09-27/current-hashes.tsv
2d674afdd076a1526d1f4346331751ed4e4811f4f14960f0a2cebc1057dc14b4	3382	review/wp43-wp45-recheck-2026-09-27/diff-checks.json
a0527d639305894bdd478b39ddc1165848890b66c62773b9d447dfe9bde51664	3330	review/wp43-wp45-recheck-2026-09-27/final-checks.json
58b5f76d52a834121d63cd4426a12e0b1d373fb34ad3be6e1529b75fe227beb6	433945	review/wp43-wp45-recheck-2026-09-27/input-manifest.json
a4dcb34ff159d1cf81d98f40f4c1f42d8edec44d851919b2a5e38c576566cfee	16972	review/wp43-wp45-recheck-2026-09-27/next-batch-prompt.md
c88366bcb68beb81f40667ef46ec0b1016476763347491d3e6c693ce2961ccae	12828	review/wp43-wp45-recheck-2026-09-27/report.md
a930e9ff46b5a42f701ada57529ed0e95d5e643fb013ea32b1186d6a61533d2f	7071	review/wp43-wp45-recheck-2026-09-27/source-checks.json
992229b28bb9a1e99a848dec684e761cbd76500bf1ebcd5dcf8b5d8d6cda487a	604	review/wp43-wp45-recheck-2026-09-27/static-checks.json
eb34d9750c68a4554ceebf19223682698d2090401fc9928e6d1d2d26042874fa	3428	review/wp43-wp45-recheck-2026-09-27/static-vectors.json
1f4ceb0c17996cda6e0d6169d84c24a39b4bb4cbcb5479395668e68bca4d4ef9	9100	review/wp43-wp45-recheck-2026-09-27/text-checks.json
a52a7c5dff6900f7736beb3871711c6264c8104c39e4546ae9e312ed736bc2f5	92005	review/wp43-wp45-review-2026-09-27/changes-from-previous.diff
514dd2f6e25081d6620473b0da2c032fa27fe4146d8cc89c5ad55dfcc38bcc3f	1595	review/wp43-wp45-review-2026-09-27/coverage-checks.json
1e719451a324c430404aaf00674cc90e6ba5fb42bf3883e1e3ff8aff68d360f6	60214	review/wp43-wp45-review-2026-09-27/current-hashes.tsv
b0f5b0974db6d9498c9bb957fd0b52a7c178837c2c39842ed26849e3d60c4a74	1776	review/wp43-wp45-review-2026-09-27/diff-checks.json
cf1381163898467a29621f9c5826df38ffbf1f698a41dbe6f105c5fe0b0dc1ed	3188	review/wp43-wp45-review-2026-09-27/final-checks.json
0a0cbb55accf032cc1bbabe1cad8a07b6584758228a9b2d6572776f02c16d436	409730	review/wp43-wp45-review-2026-09-27/input-manifest.json
308acc6467f730722d8cf59eec0b18173c91b9257d55da311ffab09432bf6ea1	15538	review/wp43-wp45-review-2026-09-27/report.md
b85e7836549f856b9301dc6da136cda92cba25cc2d546254a08bd51e1aa164c7	8872	review/wp43-wp45-review-2026-09-27/revision-diffs/boundary-checks.diff
6aeb2ec62d3fc62ecfba2055d48d05926363dbaea983dfb81e1252de237f4940	18490	review/wp43-wp45-review-2026-09-27/revision-diffs/delivery-summary.diff
c1dfb980e895a9a883b4ae138121fad873edd217f795460cfd3207a3a1c0072e	5015	review/wp43-wp45-review-2026-09-27/revision-diffs/feature-matrix.diff
8376bae01dde0c2c92e7dfaa31266164b9168d3fe1d81607b0b84cce9ef16bbf	29928	review/wp43-wp45-review-2026-09-27/revision-diffs/self-checks.diff
8c01d8b98251ac7e85fcf48e9a354b7129855e94355a65df2df920385dcfec6f	7407	review/wp43-wp45-review-2026-09-27/revision-diffs/wp40-n01.diff
f231032c94a6ddd90ffdd2c76e3c406b94da536d3ab6d38b723b379be2211dac	2806	review/wp43-wp45-review-2026-09-27/revision-diffs/wp41-reference-sync.diff
888681b4087f9f4cebc75c71fc6b737b144f354c9e221ca82acc7e9e31dc6132	7853	review/wp43-wp45-review-2026-09-27/revision-diffs/wp43-reviewed-backfill.diff
634ac62a326307724db91374afafdd589da47e85fbdc5cd84d2590d6602d69ab	20722	review/wp43-wp45-review-2026-09-27/revision-diffs/wp44-effect-coverage.diff
c01fc160de111374358d1b8aac71dcfcd178410da14f2192bb3fed7e984c55b2	30434	review/wp43-wp45-review-2026-09-27/revision-diffs/wp44-revision.diff
c7bfed7488b3a3dfdadc8a59bc71cdf266f8a99d781c9fec5d09a0ae7d0978a9	14233	review/wp43-wp45-review-2026-09-27/revision-diffs/wp45-revision.diff
adab1c0e054f89988bf6069cd6bfdf5f25367568d52b9b0a04a8895065bf5148	11454	review/wp43-wp45-review-2026-09-27/revision-prompt.md
a114fc008cecdb26a1b3832662e2e3283ce38edffc81d058f6ceb1e3d545e173	16324	review/wp43-wp45-review-2026-09-27/revision-response.md
a297eac27279acd076ae51d7a6537ac784be6f5e49aa2e0126cfc5f46231c496	16001	review/wp43-wp45-review-2026-09-27/source-checks.json
8ab1329e6f281209a9140a2a37496e805278253894b1e65baa70d26f5aec0e23	595	review/wp43-wp45-review-2026-09-27/static-checks.json
a39f4efd576eff2013b3bcd102bdbf40f4f1b6877ccc7e811846cec3223f650f	6116	review/wp43-wp45-review-2026-09-27/static-vectors.json
a3e71a5f9bd44930633877feca4114b728f9af290172cae17dd8b163dae2fc57	2315	review/wp43-wp45-review-2026-09-27/text-checks.json
48fa708a9567fb9f5c806f4a4a579d5e9b16196ba4dff1e9cda414780bdeb860	12257	review/wp46-wp47-delivery-2026-09-27/backfill-diffs/delivery-summary-prior.diff
ea5c019ceb63b121e4003b5fd29eebff26f010b987649169cbdc2a94c8f5b910	10422	review/wp46-wp47-delivery-2026-09-27/backfill-diffs/feature-matrix.diff
52bc6bfb72e861523ec2b58cbbbcc599a33045537ce20124e98a05e257dd0fff	2551	review/wp46-wp47-delivery-2026-09-27/backfill-diffs/wp42-growth-end-of-round-and-battle-outcomes.diff
5a93408b37b3937ba7b85db2e2028b1845622a950864d2b996fc75ab74f28f5d	2443	review/wp46-wp47-delivery-2026-09-27/backfill-diffs/wp48-ability-calculation-modifiers.diff
2e79d8a4fad138932b951a07a4c06d2c09f5c23cafb15478b5e479406aec907d	5109	review/wp46-wp47-delivery-2026-09-27/backfill-diffs/wp49-ability-phase-triggers.diff
7adff526730ce22e211d33b11849e0914ac035d7699b74f12105d37a26f4bb69	4454	review/wp46-wp47-delivery-2026-09-27/backfill-response.md
2cb48235c7794e4167128a399f04c9cb3465e299c9096da1ecde6e49f9d6dae0	23256	review/wp46-wp47-delivery-2026-09-27/boundary-checks.json
73226fe59a5b6036bdabb913f121d5cadd76e23ad2f62c9a54dc686d173697c6	6036	review/wp46-wp47-delivery-2026-09-27/delivery-summary.md
eda9101ab5b563f5c3b53e53b029a6d0c82ec8e96a7358c3e4e0c6c7be2318c9	209456	review/wp46-wp47-delivery-2026-09-27/self-checks.json
da7709316ec69a78b74d75bd4a3149046997053950545a0a52a299ece94b1bb4	93811	review/wp46-wp47-review-2026-09-27/changes-from-previous.diff
61d462d71d953d64e479458fe4398b13f7d6d36d82ae264a7f9fc76d4fa69e5d	5975	review/wp46-wp47-review-2026-09-27/coverage-checks.json
ee1bc61bf87a2377191b9b73bc84d2c1c14ee4c1bd39dc0ac7afec4cfa6ace90	73352	review/wp46-wp47-review-2026-09-27/current-hashes.tsv
bef284624c90e6161e30b5a7c8d2312f08f1bd6a2b7d16a8325800ee500e9081	1511	review/wp46-wp47-review-2026-09-27/diff-checks.json
d85e105055b2f2a22517dc4ca02745659a970f6680f5d2dde71e8d334ba479d3	4046	review/wp46-wp47-review-2026-09-27/final-checks.json
6b1c94877af430ad88055561a607b22b775d14865b480eb0aff2675c5336f98c	505418	review/wp46-wp47-review-2026-09-27/input-manifest.json
559ed0a2ae12138742ad9d2d111f3d7801b9438e374e6091095457e1f81c932c	18465	review/wp46-wp47-review-2026-09-27/next-batch-prompt.md
1bd018f519db064d3a9ff9d2b9582e692cd6bf0c129a56f1dd7bab0ee5730541	16289	review/wp46-wp47-review-2026-09-27/report.md
261f8bf11e49c3ce709ff9c482a019e3eb9db25653cb839e8c8bf9c7ff0dba9d	2562	review/wp46-wp47-review-2026-09-27/review-notes.json
922d47bb4e56435e28d7ccae63753f5d0efee88bd91bcebf4c6d0c4b29def932	14000	review/wp46-wp47-review-2026-09-27/source-checks.json
99c59a4df8a5c2f7677eb6b350efe2560fd88eec6ea6776e39e73d874d6454a6	1347	review/wp46-wp47-review-2026-09-27/static-checks.json
b37b9765b0dc5b5ef18cb8827ee7f9b4e9efcac924c0cef3e3cc06ea3b9bdd8e	4562	review/wp46-wp47-review-2026-09-27/static-vectors.json
6df7f69ba5d54d6c7416b1b536d928e4d159a4a34f9c476dfb75cfa3e0439eec	21478	review/wp46-wp47-review-2026-09-27/text-checks.json
5dd48b0bca2b3ee71c4cb73ff7fdb3d5a59c35d7d581b1ec8ef756979ee08eb7	25210	review/wp50-wp51-wp52a-delivery-2026-09-27/backfill-diffs/boundary-checks-prior.diff
99cf7b250e388f32b2c8e0f8a319812d3cbfea60ca2295167cefb034d23a8c4e	12944	review/wp50-wp51-wp52a-delivery-2026-09-27/backfill-diffs/delivery-summary-prior.diff
77ae4a023f211d6eef165676226ecbbfaadb6bc4b47a871fa2a098c2c6461126	10969	review/wp50-wp51-wp52a-delivery-2026-09-27/backfill-diffs/feature-matrix.diff
b5e4ad9b9827e480e859c978f87528de0d005061a758ceaf7e883a6eadf54062	13468	review/wp50-wp51-wp52a-delivery-2026-09-27/backfill-diffs/self-checks-prior.diff
e489cb3fcdc31a815a21d4b4d5ac5b96b420aa7cb786087ed0e2231d8e7f2010	4675	review/wp50-wp51-wp52a-delivery-2026-09-27/backfill-diffs/wp40-commands-obedience-and-action-order.diff
5744cf8c77c9731a968f109f3f87c44728b2d7e56f86e4a0fae35556037c0446	9451	review/wp50-wp51-wp52a-delivery-2026-09-27/backfill-diffs/wp41-switching-positioning-and-escape.diff
5de4430ee2353976c6d1b35672240885c001660ec0dc9d686bc0241c65a79599	2285	review/wp50-wp51-wp52a-delivery-2026-09-27/backfill-diffs/wp42-growth-end-of-round-and-battle-outcomes.diff
bb3cfb5d03c8fc330d8c07ce2976bd3345fc2a891d150794b6c35135bbfa9387	1123	review/wp50-wp51-wp52a-delivery-2026-09-27/backfill-diffs/wp43-types-accuracy-and-damage.diff
f58b85a22de2a0484ec4183d1576bd80332f5ca65ca4dac2a2458863f2a3ffea	1464	review/wp50-wp51-wp52a-delivery-2026-09-27/backfill-diffs/wp44-statuses-stat-stages-and-immunities.diff
a83345b392e2dca42246c7fd8feb73328bd443df48384dbe8e80d16fb9576434	2354	review/wp50-wp51-wp52a-delivery-2026-09-27/backfill-diffs/wp45-weather-terrain-side-and-position-effects.diff
0878cb2f58d6cc4c7960a8340e632a0069e7e2a778baa6b52f5ffa1d4aa83f8e	3043	review/wp50-wp51-wp52a-delivery-2026-09-27/backfill-diffs/wp46-damage-healing-coverage.diff
a26cff0fdd79ae4328c7df6301aa95a8f0c205c75fe8439d274eb4d9641a7bf4	8099	review/wp50-wp51-wp52a-delivery-2026-09-27/backfill-diffs/wp46-damage-multihit-and-healing.diff
21fa7985757534ca7e399da8ab37eb91b55d3f0c63fe156921725c082a67d010	1968	review/wp50-wp51-wp52a-delivery-2026-09-27/backfill-diffs/wp47-a-attributes-targeting-calling-data.diff
a56a0523dc124c8e53aacad082d05dc896e10bb7e6626915054033b1f00f9b7e	8333	review/wp50-wp51-wp52a-delivery-2026-09-27/backfill-diffs/wp47-a-move-attributes-targeting-and-calling.diff
d9b9029c5fa781330c006dce65843418e1f7857b4e517232cfc0dd274d6fd51b	2300	review/wp50-wp51-wp52a-delivery-2026-09-27/backfill-diffs/wp47-b-control-items-coverage-data.diff
75f8f9a66ba3b0aabffc760d680a68b0d6ba42b5eef3507fdc4368a1da464ce0	14375	review/wp50-wp51-wp52a-delivery-2026-09-27/backfill-diffs/wp47-b-switching-control-and-item-changes.diff
89efff71aedf15943cdc0bf9398ad8b30e6d7543aeca6f580613d04ce496cf8e	2206	review/wp50-wp51-wp52a-delivery-2026-09-27/backfill-diffs/wp48-ability-calculation-modifiers.diff
88053acea420736f58b1dd09818e8e28e8d5216ead88b12ed4abd319f3690c6e	3483	review/wp50-wp51-wp52a-delivery-2026-09-27/backfill-diffs/wp49-ability-phase-triggers.diff
860bc758987f3ca772ef445fa3051e939aaddd23f76afa6b06275ae85d8f8e05	7731	review/wp50-wp51-wp52a-delivery-2026-09-27/backfill-response.md
26acad41c8a5f49468d0aeeffd5e9584770c8f74947dd64066da5cffc323d256	49349	review/wp50-wp51-wp52a-delivery-2026-09-27/boundary-checks.json
20a61b73befceb5a88bb4db76c5c4dd0a453fc0f7b6639ac3d3f79987a5d7848	4833	review/wp50-wp51-wp52a-delivery-2026-09-27/delivery-summary.md
6e83255802631e198518cd5178f75ec4204498ae2a0d2b92592e6b69b87f13bc	464719	review/wp50-wp51-wp52a-delivery-2026-09-27/self-checks.json
8b8127779a01a31c7697f449b8e3373f48a516de3318f8bbfb7f971265f433be	233309	review/wp50-wp51-wp52a-recheck-2026-09-28/changes-from-v1.diff
93c7fb55609aaaabfa8f71d1b04aa75f04043166044403f922ac88a728daba8e	1820	review/wp50-wp51-wp52a-recheck-2026-09-28/coverage-checks.json
b792683f886b120573e2e977d0bd6692f6d4a27b222fad1bf527d33cdca80376	82658	review/wp50-wp51-wp52a-recheck-2026-09-28/current-hashes.tsv
29c69a43e98e5336acd17b96c77fe06b0b6858b6e01b5fd8475a4d892c1426a3	2973	review/wp50-wp51-wp52a-recheck-2026-09-28/diff-checks.json
d6b899c774e130f5b5975c7d7b9ff31d625a1113955553f9abebadbe1eba2d6c	3614	review/wp50-wp51-wp52a-recheck-2026-09-28/final-checks.json
85c57512e868a05a7802db64341ef614291c059e1931a0f15d1bdbedec50b95e	572468	review/wp50-wp51-wp52a-recheck-2026-09-28/input-manifest.json
5868bfcd92f142ab88bea00c8edf420618ecf295c71782b01dcc0bf0b72d0077	17404	review/wp50-wp51-wp52a-recheck-2026-09-28/next-batch-prompt.md
6537ac37528a3e21f9f809d4ea72fd309c132a07539ca2d312d34b889ef0ca4a	10814	review/wp50-wp51-wp52a-recheck-2026-09-28/report.md
bd0f0c5c7c78a67ff77f0c25ab59cbf4cbb0f0f6d9a61ffa37a3d7f2ce585c6f	13879	review/wp50-wp51-wp52a-recheck-2026-09-28/source-checks.json
f79e4224fab0578159bf362c386c40b6c8714d70ed28dae22417c021503bea97	1000	review/wp50-wp51-wp52a-recheck-2026-09-28/static-checks.json
ecf6bd35f29e4eb2e991210eba2261bd2b80bcff5e98d30ef77955e715e40a56	2185	review/wp50-wp51-wp52a-recheck-2026-09-28/static-vectors.json
68893499f8816ad7ec63e3a4b5687df11714ae135f2b21cce61df74692148355	22713	review/wp50-wp51-wp52a-recheck-2026-09-28/text-checks.json
59181cb3655d29261b8b719a6e3da40b8b77a5cfa8cf2cbf6d24b5cc1b1a4cb3	92675	review/wp50-wp51-wp52a-review-2026-09-28/backfill-changed-lines.json
98176658e2390da786d9eae1bad0c4356cf59962f5e8ed2293cb7f6073c612ef	235965	review/wp50-wp51-wp52a-review-2026-09-28/changes-from-previous.diff
53afc2ddf3903404c5c363209597e5c0f546f05bb684e220d27a9727fc08304e	2387	review/wp50-wp51-wp52a-review-2026-09-28/coverage-checks.json
8954aa14a03c4b961c3b69d59557b5c56c8d26c4b8c52784bfdce5f471c8943e	79263	review/wp50-wp51-wp52a-review-2026-09-28/current-hashes.tsv
5c92074f49b3dc15c55ebf42bd64509acf2179de4c28bd42aa76e32164df822d	5060	review/wp50-wp51-wp52a-review-2026-09-28/diff-checks.json
a71fe74db83b1773e9c685c69f300e021654e6f92fdba425c06df10b9ca8faa7	3999	review/wp50-wp51-wp52a-review-2026-09-28/final-checks.json
0b70289035edaeeb85296e9ea2f47ef56838a8fd7e3c02984ea5d100ed993af1	551568	review/wp50-wp51-wp52a-review-2026-09-28/input-manifest.json
39e5a7e85cfafbcfeb49eb31c667a81a80fbc425d36b843013e45e5cee8e3c85	12797	review/wp50-wp51-wp52a-review-2026-09-28/report.md
60156fe8029e58cd4589f3dc5ed02ae2b9b105e3820f086a6acddfb9154bf116	4319	review/wp50-wp51-wp52a-review-2026-09-28/review-notes.json
de39b9d8ee70532a7fec30a59f51544a6eb674fa9cf65e6836be8ae09385c616	22751	review/wp50-wp51-wp52a-review-2026-09-28/revision-diffs/boundary-checks.diff
dd9da37e7e32cd03e4814d7a3adca81c2524b50f68aef7ad23ae4f6702003a0e	13964	review/wp50-wp51-wp52a-review-2026-09-28/revision-diffs/delivery-summary.diff
4abfc7b817c9950062da2c720e67977e0f570ebd0a5bae58b7ee265e2e245740	8959	review/wp50-wp51-wp52a-review-2026-09-28/revision-diffs/feature-matrix.diff
e5f6cb57958a72153dd955dfcb8e225a2431970538656474fdf12119fbb2015e	87393	review/wp50-wp51-wp52a-review-2026-09-28/revision-diffs/self-checks.diff
24d57151b658da71be7b8f86067699b1d3529fc79f9a0227aca5982c67943b06	9685	review/wp50-wp51-wp52a-review-2026-09-28/revision-diffs/wp50-held-item-triggers-and-consumption.diff
8568c8d321b1756a99dde8113b889d16f385d3e8e9b1ff44b3047ae4e707d9cc	11198	review/wp50-wp51-wp52a-review-2026-09-28/revision-diffs/wp51-ai-action-selection-and-skill.diff
8f9dd720b780ceae56882b19542203a21bd231437e5033e3a4ddf2bb4d77f816	1936	review/wp50-wp51-wp52a-review-2026-09-28/revision-diffs/wp51-ai-decision-defaults.diff
ec2d48546c42d9fcfdb92e5df00323c622900d7ea987cec1bf7552b315b93272	4096	review/wp50-wp51-wp52a-review-2026-09-28/revision-diffs/wp52-a-evaluation-coverage-and-data.diff
05fb6f9a3b9350c68331a46ebb51ea5865decb32913e04bd6580d16dd1d20c6d	10964	review/wp50-wp51-wp52a-review-2026-09-28/revision-diffs/wp52-a-generic-numerical-and-status-evaluation.diff
c58476b85724c916e2a47f3613a9fd936bbabcfb3ced0df774c5d94e26d7f869	10691	review/wp50-wp51-wp52a-review-2026-09-28/revision-prompt.md
47dfc20d1d1fe50fc582856b9a6ad83ec9fb3e39dc6f74bcaf7cfdb6b88e95eb	7997	review/wp50-wp51-wp52a-review-2026-09-28/revision-response.md
f15c0351cf73f91c3aaee999417633d4c220bd5b8c25020a6bb75cc56a2c2429	15794	review/wp50-wp51-wp52a-review-2026-09-28/source-checks.json
6cdafb0865f9185c1453f66da4b807de615f20a9165c35cfb96751aafb9e5cd4	936	review/wp50-wp51-wp52a-review-2026-09-28/static-checks.json
a43dddb6e7c861dff0fff26c067dbb00192a8511d31261097b47ceb53bf61f26	5183	review/wp50-wp51-wp52a-review-2026-09-28/static-vectors.json
a98d18fb0993500930c3e89c6636c7a629b112195f452f06541b2dec9c7ebaa3	22082	review/wp50-wp51-wp52a-review-2026-09-28/text-checks.json
abdd798422981b3ad7a14e484496f1e69194c0db126535c2a8dce9e815e4df44	23570	review/wp52b-wp52c-wp54-delivery-2026-09-28/backfill-diffs/boundary-checks-prior.diff
a16ef26f465731961f6dfdfa8d4aa449b83e572c468a640f5ae27c4e2b95a53a	14521	review/wp52b-wp52c-wp54-delivery-2026-09-28/backfill-diffs/delivery-summary-prior.diff
20f0747397161bf4bc67d171b5207e8ea5b63449c5ce6f98f7c23ac3ed2de0de	9452	review/wp52b-wp52c-wp54-delivery-2026-09-28/backfill-diffs/feature-matrix.diff
5e7d285d5414b1e2e7b2df9a27a7c8b051bf67368a793ac18398ffea191e5de9	56889	review/wp52b-wp52c-wp54-delivery-2026-09-28/backfill-diffs/self-checks-prior.diff
fcd89a05ed498d5cffda92330a4baf66dfb73a972d3a2823ba7f500279384d4b	2243	review/wp52b-wp52c-wp54-delivery-2026-09-28/backfill-diffs/wp50-held-item-effect-coverage.diff
f696f5771ec14534ac4181259a77c2091467f14a7575b405e574073a835374aa	6284	review/wp52b-wp52c-wp54-delivery-2026-09-28/backfill-diffs/wp50-held-item-triggers-and-consumption.diff
5725bb71c785e452a0aa045d33047facfccd31b92b55aeb8dd6a5c2d4cbe17ae	4187	review/wp52b-wp52c-wp54-delivery-2026-09-28/backfill-diffs/wp51-ai-action-selection-and-skill.diff
c1e4653d0ff9a54e56e6f5b72051bcaa38d5bdfbe36a230b08b62268d4c5e5e5	2720	review/wp52b-wp52c-wp54-delivery-2026-09-28/backfill-diffs/wp52-a-evaluation-coverage-and-data.diff
a376636420885f9f12f2582611e186d3d949c38eb8436f22bbf0f51473d4212a	8410	review/wp52b-wp52c-wp54-delivery-2026-09-28/backfill-diffs/wp52-a-generic-numerical-and-status-evaluation.diff
1331835f952041f5396ec2ee12ece709fe768c7b133fcb6aee14edf408930a8d	4511	review/wp52b-wp52c-wp54-delivery-2026-09-28/backfill-response.md
c48ef0c0a365dd13897c15d5ca40eacf15720c687655273e8b94fe59423e5794	16020	review/wp52b-wp52c-wp54-delivery-2026-09-28/boundary-checks.json
23724461c38c7270cd12cbef4e5aada25f8463f466cd437bfa0c76aa267dc1c4	5982	review/wp52b-wp52c-wp54-delivery-2026-09-28/delivery-summary.md
3ab93186bc086874fd5de406876ef815364f86d4e150704953d2c5f809484c26	1063788	review/wp52b-wp52c-wp54-delivery-2026-09-28/self-checks.json
440026e623aa557fe4f98523921737e8b46bcab6bada7034514fc8d6ddc08fb6	127829	review/wp59-wp36-wp60-closure-review-2026-09-27/changes-from-v2.diff
dbcf5d350ba893ecd810c98aa9c18cada1188561fcb23bcd7e03ae4cf7ddb252	48668	review/wp59-wp36-wp60-closure-review-2026-09-27/current-hashes.tsv
ac7af1c57c876381505037876dabef2eabd34fa9663c3823bdd8d8e073680a14	2827	review/wp59-wp36-wp60-closure-review-2026-09-27/diff-checks.json
663d7d0749b13912693a742a8c5f0acdfc29b610a969b147c5abeca6307229bd	3032	review/wp59-wp36-wp60-closure-review-2026-09-27/final-checks.json
c5adfb3aa3682abb40e7a4a7fb3c3a0350258a3efabd1b46b198eff3c71e84b3	322718	review/wp59-wp36-wp60-closure-review-2026-09-27/input-manifest.json
11123b4610037689461527b439e0719b50057e6236f4daf31f82c0864a3cb1a2	17658	review/wp59-wp36-wp60-closure-review-2026-09-27/next-batch-prompt.md
258350026084def02d36649c67709414307774600a94b88f8d28b0e5ac5779d1	12741	review/wp59-wp36-wp60-closure-review-2026-09-27/report.md
c6a3464ecedb420f069c41561ac0d57060c68b7599b2bb733fa2d80c251cb8b8	11481	review/wp59-wp36-wp60-closure-review-2026-09-27/source-checks.json
a419ceeead3b5d79ac0afdf804f8c3a388f35e679c0d73c0e430ed15951b3db6	2585	review/wp59-wp36-wp60-closure-review-2026-09-27/static-checks.json
fba7812f6c566a19e4a5baa87dae5b191c4dbd4d71423c93ec9a3842538ffe39	16606	review/wp59-wp36-wp60-closure-review-2026-09-27/text-checks.json
233b9a82e3c22090055d05f8789df76ab8763968c362d548fc2e2f3413641fd6	4835	review/wp59-wp36-wp60-delivery-2026-09-27/backfill-diffs/delivery-summary.diff
705f7b12854f857cd163163cd3ea9eb71780aa5957ecdbdaf12567f5a2c31973	8676	review/wp59-wp36-wp60-delivery-2026-09-27/backfill-diffs/feature-matrix.diff
bd3147f3ca45d3c5163d0cbb4a4f31c3244e2b830f4a873c6f3b04c1ff93841e	4100	review/wp59-wp36-wp60-delivery-2026-09-27/backfill-diffs/wp34-backfill.diff
256ee71b6dbfa92c0e95cf75ee1c4a71c1f887c834e2d677b166ba808d4f2e06	3974	review/wp59-wp36-wp60-delivery-2026-09-27/backfill-diffs/wp35-refsync.diff
8ab43cb90b0ea042e5d62b0d2dd89a0758d132ec39b507cb61299c3fe6ebe1d5	3778	review/wp59-wp36-wp60-delivery-2026-09-27/backfill-response.md
db51d64120200af5674c4f49f6dbb5b289f1d8afa06c606f59b2758730ad4f21	6903	review/wp59-wp36-wp60-delivery-2026-09-27/boundary-checks.json
6d74f7995b19673ebb9d3d32ad441d5411810a3e9630e54b50a220022fc75b0d	12913	review/wp59-wp36-wp60-delivery-2026-09-27/delivery-summary.md
3bad9fd6130ed99da468700a889097969c10c49f0ad23175a9e8515a30068afe	12955	review/wp59-wp36-wp60-delivery-2026-09-27/self-checks.json
65424c5f13748406566e20b03eda6c0650d7bca179ad59ae24f944fc2cbbc8ab	219064	review/wp59-wp36-wp60-recheck-2026-09-27/changes-from-v1.diff
b6e90fa619476504d2ac70dbc299523ad63790def5af97b5ead0986b7af7fa48	45927	review/wp59-wp36-wp60-recheck-2026-09-27/current-hashes.tsv
e88a2e14773e6de4900bb5cc0dcaacaff91677a4bae5d205e064c4413a336452	3030	review/wp59-wp36-wp60-recheck-2026-09-27/diff-checks.json
d3984c28ccb6309e73fdb299c917cae6cdd9b1e0ca3db6029bd3f89e42a9bbad	2947	review/wp59-wp36-wp60-recheck-2026-09-27/final-checks.json
10caf81cefb37b43bc69b4dd0083d1804b9fe643bd90a0a657a03ed3259b6bbe	303602	review/wp59-wp36-wp60-recheck-2026-09-27/input-manifest.json
173ac1dc5e5ff3db1297f3d302d7ab8de570c0db8b256b1cc7731439c86b78a9	16199	review/wp59-wp36-wp60-recheck-2026-09-27/report.md
f35089b131b55d0510231f314402a57ab3f060aeca4ca4687f8bfa120dd62d03	8751	review/wp59-wp36-wp60-recheck-2026-09-27/revision-diffs/boundary-checks.diff
8fe7889cfac974601ad507919df6eef8ca49b5e4127cbc9327a4b6176c3916a4	12704	review/wp59-wp36-wp60-recheck-2026-09-27/revision-diffs/delivery-summary.diff
8810fb3e4fe80f544368bb2b28a499519ba4dd5f8396b8ab57f5b045b0fee1fd	9355	review/wp59-wp36-wp60-recheck-2026-09-27/revision-diffs/feature-matrix.diff
ae9e21ca572c78cd01c7dbbf34525caee6ea5a4607112382373f182bf0b857be	8396	review/wp59-wp36-wp60-recheck-2026-09-27/revision-diffs/self-checks.diff
9a109faae06be87de045d7b875893582937753f98fd300ca0e179d6b4bd33031	6904	review/wp59-wp36-wp60-recheck-2026-09-27/revision-diffs/wp36-revision.diff
8c772de51269dfc6aa9a5b6221afe01977d71a8e3e3f15f87515e84a2861520d	12913	review/wp59-wp36-wp60-recheck-2026-09-27/revision-diffs/wp59-revision.diff
783880a4f664a3dcc7201fd4e41579c6aa8f9bc67b14c1242fcf07cfab751c0c	6114	review/wp59-wp36-wp60-recheck-2026-09-27/revision-diffs/wp60-berry-revision.diff
faded8c87a2801aafb550a1fcd2f39e9bee891fd97ac48f4b0cf8d7e7a59cc09	6420	review/wp59-wp36-wp60-recheck-2026-09-27/revision-diffs/wp60-fishing-revision.diff
16953dad7b46279b4ca38c9194ea635b69ddaf69daf07a89e8d6ebc8d32ed7d5	9341	review/wp59-wp36-wp60-recheck-2026-09-27/revision-prompt.md
233fd124879bb3c421b81eec64e85e73e7dc4bf8934181e819ac9f759324b10f	13082	review/wp59-wp36-wp60-recheck-2026-09-27/revision-response.md
033969e265aecae9b0a6a4f60c767343d65c9456227ef2f626e401f76ac36f40	13983	review/wp59-wp36-wp60-recheck-2026-09-27/source-checks.json
fdeb230ea0065b065939876a9fd1c1e5d3b9820d9606e3cea79d087054898e97	1234	review/wp59-wp36-wp60-recheck-2026-09-27/static-checks.json
a66ea40677efeb080d0167ffaea53fe9f8288561d57eba37a46d37c77fc39b7b	2292	review/wp59-wp36-wp60-recheck-2026-09-27/static-vectors.json
24a1cca850fb85c1cc06a2064d6d81f59ddd42f75b3defd9b7cec7c39b8dae5b	16139	review/wp59-wp36-wp60-recheck-2026-09-27/text-checks.json
5f49b5f0e866f2841e52f0abe4297723b92406282656883ca010cd042dd7914e	65557	review/wp59-wp36-wp60-review-2026-09-27/changes-from-previous.diff
9b5cf066ceb146a0cb68adaf9c006014384f08273daa2bad6254375e67c97d38	43062	review/wp59-wp36-wp60-review-2026-09-27/current-hashes.tsv
98382725908e1a86c4d46dbcd7d73cff2c1dbafb8a1cb98014ae74618dd1ca04	1518	review/wp59-wp36-wp60-review-2026-09-27/diff-checks.json
0fd44a56ef241ecbde9610bfd1f94aaca62eefe48d718c87ab888abe323bde9d	2812	review/wp59-wp36-wp60-review-2026-09-27/final-checks.json
107344a3dbe83b8cafb9760572e1ccc4bb5cbc4e63545149671cff401187a199	261860	review/wp59-wp36-wp60-review-2026-09-27/input-manifest.json
e9750d3bee8738210506b5bcb12d559fdb33bbcfb0493773d4f71645667ebcdd	26473	review/wp59-wp36-wp60-review-2026-09-27/report.md
3f7e50a93199d25402c0fc2ceae9efcb7d30c5ced4dabd2405929766fcc75e57	9692	review/wp59-wp36-wp60-review-2026-09-27/revision-diffs/boundary-checks.diff
5ec19ea2759401313e6d44efa74d0e0f5b3e37f48660d27dd47ff6353e58ec67	14173	review/wp59-wp36-wp60-review-2026-09-27/revision-diffs/delivery-summary.diff
ffc170bd05e06376d47779ed1aebee7167813e0dd174eb6b4be077ff30fb5889	8999	review/wp59-wp36-wp60-review-2026-09-27/revision-diffs/feature-matrix.diff
9214e3df5b3d84474f817f0edfcc252f7391f5c06582f2a2e15d681c9cd7bf1a	15242	review/wp59-wp36-wp60-review-2026-09-27/revision-diffs/self-checks.diff
5b0aeac75af503b2d04a7534fce50ee8b57c85c2a5acdc11491209150ad0e88b	2798	review/wp59-wp36-wp60-review-2026-09-27/revision-diffs/wp35-refsync.diff
1f9a2df4fb40625ae32130d3346889079f7b09e3a51494bd59c583b65dc11a74	32313	review/wp59-wp36-wp60-review-2026-09-27/revision-diffs/wp36-revision.diff
a7c2a109b786ea5d2e4854107f28eb10aea0dd4f048b8ba3defe4875526e3e57	40349	review/wp59-wp36-wp60-review-2026-09-27/revision-diffs/wp59-revision.diff
4a34f1c646f4c9d710c0acf0173c7a2947c37aa39183d911aa8d09e76503cabe	22668	review/wp59-wp36-wp60-review-2026-09-27/revision-diffs/wp60-berry-revision.diff
0c8f94cebcd32c53040ecb00ec2d4cd7d056a07adae89f53214bea183f68e0ef	22709	review/wp59-wp36-wp60-review-2026-09-27/revision-diffs/wp60-fishing-revision.diff
53a04e9ae417221a90f1de163485d6367d924525f3b9a0f7b6412ffc4b58fd35	15388	review/wp59-wp36-wp60-review-2026-09-27/revision-prompt.md
97c5be51c60e931914b70fb6a52013dbe0a4099013f9a0d25cc7ad0d705d3ac4	19116	review/wp59-wp36-wp60-review-2026-09-27/revision-response.md
8e8768a5546865a89967ea0e7db8710b3a3a9272e817ac56aa2088d08224ed52	10604	review/wp59-wp36-wp60-review-2026-09-27/source-checks.json
e385676973231eced3d194c42420e44d77e9d1899afd0a1145ad37b12845131d	4006	review/wp59-wp36-wp60-review-2026-09-27/static-checks.json
95a140151f713d6f14d34c7364011a5b7fec991b77ccfc76b0ecf8c1b9b039b7	2694	review/wp59-wp36-wp60-review-2026-09-27/static-vectors.json
c7b94931b50544c3d263abc748f5546c7c8f67342f0218530c598b70603b8f74	5260	review/wp59-wp36-wp60-review-2026-09-27/text-checks.json
9a3a796f08335bc7d4886c7e2b11f3b273c955e24ba9d6fe966c60103df5719b	42697	specs/combat/wp39-battle-context-and-participants.md
8c80e5f3f4c3d6ad151bfa65c8a4fce5691adafb318b14565f89f929b24acbe8	43769	specs/combat/wp40-commands-obedience-and-action-order.md
a5232a1ed18dc24257748c34b2ec83eca9730e2c8ef077c7be638ff3b4d38036	33281	specs/combat/wp41-switching-positioning-and-escape.md
126e2612e2776c41557475a98cd97b8ef40a0a7f02fd95f16c434de49855a3eb	41759	specs/combat/wp42-growth-end-of-round-and-battle-outcomes.md
046e8bf04fc663e41a6e48c3f9aaa193022d141fea39752eeb2db87a306bd597	36525	specs/combat/wp45-weather-terrain-side-and-position-effects.md
49e343003be7c22653cad121f3c037b915212da18b6240cda12e653d07c91a17	19340	specs/combat/wp47-a-attributes-targeting-calling-data.md
1b1dea7cee12b38d867f81122718e328857bc8f17096632e9178bf07b5ff6675	33611	specs/combat/wp47-a-move-attributes-targeting-and-calling.md
0736044d556367392e2a0204a4a934a903d3472c9cb28435b4765798d915d13a	17922	specs/combat/wp47-b-control-items-coverage-data.md
0287e0b2ea569d24330933ae06498e61237eb0dc9d4116efa9783cc72f739317	38558	specs/combat/wp47-b-switching-control-and-item-changes.md
e41ca96da9f15bc88526f31337aefe3ba767b9b19776ceba0a6472df1061253c	53127	specs/combat/wp49-ability-phase-triggers.md
8deea695576b9786d5026dd9a66ce7ea3c4dc7d3332b88891d23a8998c6b87a0	27283	specs/combat/wp51-ai-action-selection-and-skill.md
5069a3690c6886204ebe9877ff0165e77c4c437fb8273032ac9d6f52bf89c2d0	5472	specs/combat/wp51-ai-decision-defaults.md
fa760facb18685586550f4a831c30616e4503942e2e170eaf605afa517ed868b	59366	specs/combat/wp52-a-evaluation-coverage-and-data.md
5cdc3edf5c14428166215d2b5b214eee95e751cd58902fe6047cd47eb4489c5e	48733	specs/combat/wp52-a-generic-numerical-and-status-evaluation.md
d2ccf48fbd64cc786bcd7bf060631a007523ea48afff6d38a00391c7ac8b47fe	57193	specs/combat/wp52-b-effect-coverage.md
b41c2773e3b00f8654767e597dfad20b34587fcb7d8d73bab11dbf784e13569d	42914	specs/combat/wp52-b-field-damage-healing-and-target-evaluation.md
9e8d3030b462c2bef28cf0793aea5b6802e87c6db1d7c80b04fb63f0fc766261	37701	specs/combat/wp52-c-item-control-coverage-and-data.md
542e7b01546ce812dd94bc8505f636224573fa4d89e7d450126d23deeb85c84c	39343	specs/combat/wp52-c-items-calling-and-control-evaluation.md
3ef7ae5a64face7f5fabc70ee295ee6615be54ebbd8351e103104166c0a8a968	32322	specs/combat/wp54-entry-eligibility-level-adjustment-and-clauses.md
b45c976e01251aedc4b445a93efee7bb645c35cdd374bef6e741ab40375a4815	11746	specs/combat/wp54-entry-rules-and-cup-data.md
55fb5004ecf99272f2f88332d20bb076cce6ca5075f6ed546eb24e83df579791	37448	specs/creature-rpg/wp18-creature-identity-species-ownership.md
05a59789554a4824121a852f05bf643f799b6e52af6837eb966c19cbec678d3c	35076	specs/creature-rpg/wp20-hp-status-moves-helditem.md
325940946f7b120c4e484695dd35c5804c2baf9411798d95c22af2f944a2e7e5	29668	specs/creature-rpg/wp24-player-trainers-partners.md
f505afd5d1dcbea666effadb5b304c7f384db07a9480637ac064d2a7b6334d17	27107	specs/creature-rpg/wp25-party-and-storage.md
c87101adc78d2bf5d6c51fd6bb2f608fec0b2536da19d855f12cdaca79520f18	35738	specs/creature-rpg/wp26-acquisition-gifts-and-script-trade.md
6ac234e466918123fe0382cef95829d20456522b4e17d377df31e079649a908d	27602	specs/creature-rpg/wp27-bag-and-item-storage.md
a4ccb38365521eeb130b30d9e04a281812cd03ccc76ca5443393f5fbc352d95a	44159	specs/creature-rpg/wp28-item-use-and-training.md
f7788c7d600c7e9c266f3c8178c81a587b4807f5218b66286a3f3d3a4e5ef31f	26053	specs/creature-rpg/wp29-shops-and-exchanges.md
b9f58991b095f780b6dd9fbfe6f460224433f1b608cc575767c59278f5a4cf21	37019	specs/creature-rpg/wp30-growth-learning-and-friendship.md
8c678e337d26354583bca17ffc7bdca8246f0d9ef8547de22102d0b99159cc89	25144	specs/creature-rpg/wp33-daycare-and-breeding-session.md
34f1a5df24de90bd823f112a8e9b9f7d54e10aba9986e0747ac26c597bd50716	24610	specs/creature-rpg/wp35-eggs-and-hatching.md
5a05aad72cec624397912038f3fb2f7df920eac220b2e55cbe9ee583c161ac33	34305	specs/creature-rpg/wp36-wild-encounters-and-modifiers.md
2a52e94e615d0f1f45d55b0d14317b79e58bc6f988b76095e044f770ca41b407	16543	specs/demo/wp01-baseline-and-evidence-scope.md
82b471510ff563e6964697cb28e77ae816e190062dfafc9e328f44a81c2131fa	37817	specs/kernel/wp02-rule-configuration-and-data-variants.md
f165b1cbb32a122100a9d9f844b1184a036ad908b845bae65ae8b0a758601e8e	16555	specs/kernel/wp02-settings-inventory-appendix.md
de331460e013bfc07533d0f368967fe729bcf0720d98e7d990a16a0614e9c27d	30708	specs/kernel/wp03-content-identity-and-schema.md
b5d33db1ac4172c216715df713bda414f7358fa69dcf5c21b5a8a0409d48da59	23172	specs/kernel/wp04-pbs-lifecycle.md
d65b6d14bf95f47d59166f7bcef74984d92b243e465f8c035daa95b9521a24f7	18497	specs/kernel/wp05-events-extensions-plugins.md
15b75cea1698c8978f4cc33380089f3c501cfec0ab8894f3991a6a6513e2d04a	14954	specs/kernel/wp06-stats-directory.md
c01140cb60d76f8f13de454a7a52f5fae544ac0fe415eaf81d877df0e24c9d7d	21359	specs/kernel/wp06-time-random-steps-stats.md
2cd5408ae9dbb1d96281057829c6bff125fdf471b2afc0e96020d105801cdbd2	17398	specs/kernel/wp07-diagnostics-files-http.md
4aa7c989d3874e63cfc9772f0e04c1c71b4f511c022a3d632a7df6e62dc4b331	18258	specs/kernel/wp08-localization.md
76450356b03f11abc59808e84c7c07e0f69c3f6543aaafc9b1856b3cdf2de4e6	18087	specs/kernel/wp09-save-startup-continue.md
b01a9fc7315bcef7fd5e9a246c147d0dcf5597f134abcc42ce33d9dc8c2df17b	22733	specs/kernel/wp10-migration-failure-recovery.md
84ca24a5919f05a280e67b0470436cdaf5557800ced19a0fccb218fbf3f38275	19944	specs/overworld/wp11-map-topology-transfer.md
8187e7deb59950301a12a6518a3c81a1e2a3aebabc347f7fa388e02364e8b280	32153	specs/overworld/wp12-terrain-movement-vehicles.md
ab69bc87c97b805f1a2f0848a35e9b86aa8b582f8128553038f2487b85245de5	17561	specs/overworld/wp13-interpreter-command-matrix.md
0b9bbd02e9b6032690967549f62d0f5024c0a8bf6ad541e0f7b94b7a09d242d8	28571	specs/overworld/wp13-map-events-npc-followers.md
f637f1c32db9fd59e93b0b3c81f33637f22e715dfeaaabb74f5fad6a71db12c7	8315	specs/overworld/wp13-move-route-matrix.md
cb4edd9caac4109baa392b1792c4a52f6c00afb210e63afbf7aa019276ee96f7	24017	specs/overworld/wp14-random-dungeons.md
cb184c3d58a51fa86bc4bc89b5708dc61fa77ad33578709804846494fa7c6143	21219	specs/overworld/wp15-resource-matching-and-audio.md
d7aad4aa649cf7e07cebdda593b7f8b454a712f9fb05ae673cc8cc0a4dca347a	21399	specs/overworld/wp16-world-rendering-and-visual-transitions.md
46e8010658029a4338a1abc23dd9191ae0cb91f9f05dd0f3815eb0c4318b4094	42401	specs/overworld/wp59-world-time-weather-field-moves.md
e5d94e0512c481f1d10d222d148ddd6bdac6097b9eef0aaa847f4bf0734a0e3e	20950	specs/overworld/wp60-fishing.md
cd3dcf4bf8e7dbea0a45d4abb30540fe2c28406a614590ac1a198a622930055f	36492	specs/pokemon-rules/wp19-attributes-ability-and-stats.md
b5eeb48e958d58eed9c3bf2048b507e969a81d854e5a24151f63cf718bbd3945	42498	specs/pokemon-rules/wp21-dynamic-forms-and-display.md
0b40917c3a0c9b942f004dd5fb6bc75addf749d154e162e75e06a2f001806d91	39554	specs/pokemon-rules/wp31-basic-evolution.md
46acc90ff175919b2e30ed2c990b3c604316c7c1493c37eef1ff594cd242e6fb	30716	specs/pokemon-rules/wp34-inheritance-and-offspring.md
d8ba547b3c1f8338f9f00fdac67c146ecd147942c94d576f77d27e4375cb905b	30921	specs/pokemon-rules/wp43-types-accuracy-and-damage.md
c226232d523b899197590800b8e6f75230de103363eebf6c12a16111a24cb2ad	27346	specs/pokemon-rules/wp44-effect-coverage.md
3d4d9c40d83746459df0c89353a046abd8d4ca32e82e2de76e0ab44499273d1e	50426	specs/pokemon-rules/wp44-statuses-stat-stages-and-immunities.md
549cd587095df207bf359c34fd66f14f2dda0c93ce1dcaec6bf4f63fc4d084c1	36824	specs/pokemon-rules/wp46-damage-healing-coverage.md
aa9a7f1e206275ce934a1bc3cf860813bafac852795a5d939316c6f5d9e8bf4c	47646	specs/pokemon-rules/wp46-damage-multihit-and-healing.md
1c701d507747d95ba456f3df8a2697b0a1e409d1508dd2d8651b7d50d102403c	35320	specs/pokemon-rules/wp48-ability-calculation-modifiers.md
f62603f26e7570e32949ebce97c531ef0af59ba6da4f083bff9d85775de2fc69	14418	specs/pokemon-rules/wp50-held-item-effect-coverage.md
6c97afebe925f9cbe4aedfb1deb815b1d3277bd952ceae04e532887a16cd9627	32132	specs/pokemon-rules/wp50-held-item-triggers-and-consumption.md
1d588f0aabd538f711cf47fa5ce66197da59f1a1a72e036b8a8c314c764516e1	25082	specs/pokemon-rules/wp60-berry-plants.md
e01466ef9f45f661c57f2bb7e53adaa7504d4bafa7e25308f3cb41950a9a24d0	7129	specs/ui/wp17-draw-text-tags.md
bb61f967a91423de675a32f71f2a1efd91efc822a6e5d5a08be63d3af246fc12	30047	specs/ui/wp17-messages-windows-input.md
