path	sha256	bytes
AGENTS.md	41cea9c6aa439dc70eaca2c26ce1f7967a887538c1aef25b9297c07b0437ff40	6328
analysis/repository-overview.md	1ca34f4442f4e997359addfb797ac209407a69ea6f3065740d65c75093b86e0e	29838
planning/module-map.md	32eab70d503be63ceba06287afb648ec0b1b5fe8ca6225aaab28975c67360352	17523
planning/feature-matrix.md	c0aaaf1e4f00ceb2cc8cf84f01affbbbbb4196412d1633e1f80b9db670a09419	33169
planning/extraction-plan.md	c173587708c9fcaaaaa1a4079bdedaa14d02405871b3fe3cd2ed6d16caeffd78	46915
planning/review-manifest-2026-09-19.md	c14b62d1e441c5d9efc971d19590ca4bcf92163d9b4fe540be2a523873899fb9	17435
specs/demo/wp01-baseline-and-evidence-scope.md	2a52e94e615d0f1f45d55b0d14317b79e58bc6f988b76095e044f770ca41b407	16543
specs/kernel/wp02-rule-configuration-and-data-variants.md	82b471510ff563e6964697cb28e77ae816e190062dfafc9e328f44a81c2131fa	37817
specs/kernel/wp02-settings-inventory-appendix.md	f165b1cbb32a122100a9d9f844b1184a036ad908b845bae65ae8b0a758601e8e	16555
specs/kernel/wp03-content-identity-and-schema.md	de331460e013bfc07533d0f368967fe729bcf0720d98e7d990a16a0614e9c27d	30708
specs/kernel/wp04-pbs-lifecycle.md	b5d33db1ac4172c216715df713bda414f7358fa69dcf5c21b5a8a0409d48da59	23172
specs/kernel/wp05-events-extensions-plugins.md	d65b6d14bf95f47d59166f7bcef74984d92b243e465f8c035daa95b9521a24f7	18497
specs/kernel/wp06-stats-directory.md	15b75cea1698c8978f4cc33380089f3c501cfec0ab8894f3991a6a6513e2d04a	14954
specs/kernel/wp06-time-random-steps-stats.md	c01140cb60d76f8f13de454a7a52f5fae544ac0fe415eaf81d877df0e24c9d7d	21359
specs/kernel/wp07-diagnostics-files-http.md	2cd5408ae9dbb1d96281057829c6bff125fdf471b2afc0e96020d105801cdbd2	17398
specs/kernel/wp08-localization.md	4aa7c989d3874e63cfc9772f0e04c1c71b4f511c022a3d632a7df6e62dc4b331	18258
specs/kernel/wp09-save-startup-continue.md	76450356b03f11abc59808e84c7c07e0f69c3f6543aaafc9b1856b3cdf2de4e6	18087
specs/kernel/wp10-migration-failure-recovery.md	b01a9fc7315bcef7fd5e9a246c147d0dcf5597f134abcc42ce33d9dc8c2df17b	22733
specs/overworld/wp11-map-topology-transfer.md	7f1274c238289a487a2de27373fb0b6814b927694045247aa61f0709b0806566	13173
specs/overworld/wp12-terrain-movement-vehicles.md	9bc37359cc712269bb4399ccf82c4ec5326a31c95102499c790e87726b1813d8	16406
specs/overworld/wp13-interpreter-command-matrix.md	1ff428423ff1f82028db4583071c4f4e4d8cd7cd7fde8e83a66cbdb8a6221a98	14359
specs/overworld/wp13-map-events-npc-followers.md	86d96672ff9eb5d0dca7c8bf5c2a7a9232682cf3b84b71da2a896822302e008c	15081
review/joint-review-2026-09-19.md	f0e0029db9a1e17a9c650a5a936a4ed1dd700e580e78efd305b02d020adf9494	12253
review/wp01-review-2026-09-19.md	e044597c5d3933d9376c42207da68351063806a285041785b383b877b5afe74b	11708
review/wp02-closure-review-2026-09-19.md	5f9630118e9fbdda6578106b3ebb96b9db6777519650485d7569d5fb28c49d7d	10820
review/wp02-recheck-2026-09-19.md	858adc69f6d525ac7e4107d9466d02d9e8143e1342dea1ec65652662eed3981a	14343
review/wp02-review-2026-09-19.md	b39230435fe4a6f1aaa83f68979c9c8a529cc6f176729801c2f1d3eb41e61151	18146
review/wp03-closure-review-2026-09-19/report.md	1544a1794074681b2f0df0e0995479ba76d42998e6e0c189d7600d43d11e9167	7778
review/wp03-recheck-2026-09-19/report.md	799f7c0dfb8fe49add0c3a43659901b55821694d91338cfb6ce70a5ec906296d	14947
review/wp03-recheck-v3-2026-09-19/report.md	3f2d9661cda4d3b96deef7b1bb88b0b30d3274131f8c0837352d5ae8623d3a3a	7776
review/wp03-review-2026-09-19/report.md	6f5bd583ee53b017828f3f3060682b31cf99eb82b5f6a82c6bc74a7eadd88846	18612
review/wp04-wp07-closure-review-2026-09-19/report.md	1cc5e453a023fea7d0b7225e35895fc946637e04528d84172e0cb5ce3df3b9ce	7457
review/wp04-wp07-recheck-2026-09-19/report.md	5c4687e856cbd7cdabfcc6cd22eb3b713bcc6cd119c4bafb1d33bc49fc32687e	16743
review/wp04-wp07-recheck-v3-2026-09-19/report.md	4c208ff8713bda3ea26a857422d420f04fd3f20b188f2c3bbeb0bc2559a33ed2	10897
review/wp04-wp07-review-2026-09-19/report.md	efb06dc5670289f536187c1cbd2cf9ef15582fadf71be83d56e3a201dfd19dcb	25625
review/wp08-wp10-closure-review-2026-09-19/report.md	f414b7ff4232d6df892b8c90cc9c7ea0e43e2955546a01349b4bd24fda9c6150	7335
review/wp08-wp10-recheck-2026-09-19/report.md	03ac20b4a64bdd868affe6ada45822f6580b2c23eaef108492701e4299251e62	10903
review/wp08-wp10-review-2026-09-19/report.md	4e455ffc6295c470477653dc2aa6b3a24968e527904c3f9af154d0c3a254635b	21222
review/wp11-wp13-review-2026-09-19/report.md	490e02ac1030e11c869699bad9c8f402dcd9322a4d65d9df5ae71e39df40692d	21538
review/wp04-wp07-recheck-2026-09-19/revision-prompt.md	73cbe143c2d876405b4145924f8a02318fb2f087e854af03512d493366b86957	6050
review/wp04-wp07-recheck-v3-2026-09-19/revision-prompt.md	4b247519f52a70b1439a70b61fe470058f1ab8e2d3863e2f33145e8e92fa2215	3983
review/wp04-wp07-review-2026-09-19/revision-prompt.md	d8b8aa019b54f6a2563583d86379a443b029ada1702d0c9a9bb85bb9fd92eead	7726
review/wp08-wp10-recheck-2026-09-19/revision-prompt.md	facc4d4c9b17864b11ce2331e818eb9f75c5dea7202fcdcc1c1d1a0429f02b4c	4040
review/wp08-wp10-review-2026-09-19/revision-prompt.md	ebfc287b9a61659b9a77da301c96bae21b65c8904fe1125f3435b9afb60fcd09	7637
review/wp11-wp13-review-2026-09-19/revision-prompt.md	bc6c9624c2fc941756080f0c2698d5b313688d66de4cae1ec227996c57c038f7	9769
review/wp03-closure-review-2026-09-19/next-batch-prompt.md	a8fa4858089357ffe3a6003a1b82793879c84f654877fbdf85a00b09c97e617e	10093
review/wp04-wp07-closure-review-2026-09-19/next-batch-prompt.md	a416fcc2dae05a5e1e24e4d6280c89f0b551247222af3efa3073208264f290c4	10313
review/wp08-wp10-closure-review-2026-09-19/next-batch-prompt.md	22fe65a9602b7a9d15cdfe0d52cc7d25c8f21d5a7060690371f1805bb22bec99	10818
