repository	commit	path	line_start	line_end	reading_mode	scope_limit
project	e1e01bb18d824931e54f182dd61af5a9f908ba85	audit/source-traceability.md	47	83	numbered text read; source text/data/caller read for WP80-B02-R02	navigation range only; no runtime/branch-coverage claim
project	e1e01bb18d824931e54f182dd61af5a9f908ba85	deliverables/final-specification-set/README.md	1	50	numbered text read; source text/data/caller read for GIR-FD82-001	navigation range only; no runtime/branch-coverage claim
project	e1e01bb18d824931e54f182dd61af5a9f908ba85	deliverables/final-specification-set/generic-kernel/wp02-rule-configuration-and-data-variants.md	1	277	numbered text read; source text/data/caller read for WP80-B02-R01	navigation range only; no runtime/branch-coverage claim
project	e1e01bb18d824931e54f182dd61af5a9f908ba85	deliverables/final-specification-set/scope-statement.md	1	41	numbered text read; source text/data/caller read for GIR-FD82-001	navigation range only; no runtime/branch-coverage claim
project	e1e01bb18d824931e54f182dd61af5a9f908ba85	review/wp80-delivery-2026-10-03/batch-02/revision-v2/clause-disposition.md	1	21	numbered text read; source text/data/caller read for WP80-B02-R02	navigation range only; no runtime/branch-coverage claim
project	e1e01bb18d824931e54f182dd61af5a9f908ba85	review/wp80-delivery-2026-10-03/batch-02/revision-v2/clause-disposition.md	71	87	numbered text read; source text/data/caller read for WP80-B02-R02	navigation range only; no runtime/branch-coverage claim
project	e1e01bb18d824931e54f182dd61af5a9f908ba85	review/wp80-delivery-2026-10-03/batch-02/revision-v2/revision-response.md	1	30	numbered text read; source text/data/caller read for WP80-B02-R01	navigation range only; no runtime/branch-coverage claim
project	e1e01bb18d824931e54f182dd61af5a9f908ba85	specs/kernel/wp02-rule-configuration-and-data-variants.md	227	247	numbered text read; source text/data/caller read for WP80-B02-R02	navigation range only; no runtime/branch-coverage claim
project	e1e01bb18d824931e54f182dd61af5a9f908ba85	specs/kernel/wp02-settings-inventory-appendix.md	174	206	numbered text read; source text/data/caller read for WP80-B02-R02	navigation range only; no runtime/branch-coverage claim
reference	8c5911e4a4b07b07e832e4bb0d5d8859e88b4a9b	Data/Scripts/001_Settings.rb	8	17	numbered text read; source text/data/caller read for WP80-B02-R01	navigation range only; no runtime/branch-coverage claim
reference	8c5911e4a4b07b07e832e4bb0d5d8859e88b4a9b	Data/Scripts/001_Settings.rb	517	524	numbered text read; source text/data/caller read for WP80-B02-R02	navigation range only; no runtime/branch-coverage claim
reference	8c5911e4a4b07b07e832e4bb0d5d8859e88b4a9b	Data/Scripts/001_Technical/002_Files/001_FileTests.rb	1	35	numbered text read; source text/data/caller read for GIR-FD82-A004	navigation range only; no runtime/branch-coverage claim
reference	8c5911e4a4b07b07e832e4bb0d5d8859e88b4a9b	Data/Scripts/001_Technical/005_PluginManager.rb	168	185	numbered text read; source text/data/caller read for GIR-FD82-A009	navigation range only; no runtime/branch-coverage claim
reference	8c5911e4a4b07b07e832e4bb0d5d8859e88b4a9b	Data/Scripts/001_Technical/005_PluginManager.rb	400	464	numbered text read; source text/data/caller read for GIR-FD82-A004	navigation range only; no runtime/branch-coverage claim
reference	8c5911e4a4b07b07e832e4bb0d5d8859e88b4a9b	Data/Scripts/001_Technical/005_PluginManager.rb	527	549	numbered text read; source text/data/caller read for GIR-FD82-A003	navigation range only; no runtime/branch-coverage claim
reference	8c5911e4a4b07b07e832e4bb0d5d8859e88b4a9b	Data/Scripts/001_Technical/005_PluginManager.rb	576	643	numbered text read; source text/data/caller read for GIR-FD82-A004	navigation range only; no runtime/branch-coverage claim
reference	8c5911e4a4b07b07e832e4bb0d5d8859e88b4a9b	Data/Scripts/003_Game processing/001_StartGame.rb	1	40	numbered text read; source text/data/caller read for GIR-FD82-A006	navigation range only; no runtime/branch-coverage claim
reference	8c5911e4a4b07b07e832e4bb0d5d8859e88b4a9b	Data/Scripts/010_Data/001_GameData.rb	130	151	numbered text read; source text/data/caller read for GIR-FD82-C016	navigation range only; no runtime/branch-coverage claim
reference	8c5911e4a4b07b07e832e4bb0d5d8859e88b4a9b	Data/Scripts/010_Data/001_Hardcoded data/009_Nature.rb	1	173	numbered text read; source text/data/caller read for GIR-FD82-A020	navigation range only; no runtime/branch-coverage claim
reference	8c5911e4a4b07b07e832e4bb0d5d8859e88b4a9b	Data/Scripts/010_Data/001_Hardcoded data/013_EncounterType.rb	1	178	numbered text read; source text/data/caller read for GIR-FD82-C004	navigation range only; no runtime/branch-coverage claim
reference	8c5911e4a4b07b07e832e4bb0d5d8859e88b4a9b	Data/Scripts/010_Data/002_PBS data/006_Item.rb	25	44	numbered text read; source text/data/caller read for GIR-FD82-A001	navigation range only; no runtime/branch-coverage claim
reference	8c5911e4a4b07b07e832e4bb0d5d8859e88b4a9b	Data/Scripts/010_Data/002_PBS data/008_Species.rb	103	108	numbered text read; source text/data/caller read for GIR-FD82-C022	navigation range only; no runtime/branch-coverage claim
reference	8c5911e4a4b07b07e832e4bb0d5d8859e88b4a9b	Data/Scripts/010_Data/002_PBS data/008_Species.rb	135	150	numbered text read; source text/data/caller read for GIR-FD82-C022	navigation range only; no runtime/branch-coverage claim
reference	8c5911e4a4b07b07e832e4bb0d5d8859e88b4a9b	Data/Scripts/010_Data/002_PBS data/008_Species.rb	299	327	numbered text read; source text/data/caller read for GIR-FD82-C022	navigation range only; no runtime/branch-coverage claim
reference	8c5911e4a4b07b07e832e4bb0d5d8859e88b4a9b	Data/Scripts/010_Data/002_PBS data/008_Species.rb	385	445	numbered text read; source text/data/caller read for GIR-FD82-C022	navigation range only; no runtime/branch-coverage claim
reference	8c5911e4a4b07b07e832e4bb0d5d8859e88b4a9b	Data/Scripts/010_Data/002_PBS data/010_SpeciesMetrics.rb	16	88	numbered text read; source text/data/caller read for GIR-FD82-C016	navigation range only; no runtime/branch-coverage claim
reference	8c5911e4a4b07b07e832e4bb0d5d8859e88b4a9b	Data/Scripts/014_Pokemon/001_Pokemon.rb	490	506	numbered text read; source text/data/caller read for GIR-FD82-A020	navigation range only; no runtime/branch-coverage claim
reference	8c5911e4a4b07b07e832e4bb0d5d8859e88b4a9b	Data/Scripts/014_Pokemon/001_Pokemon.rb	1088	1117	numbered text read; source text/data/caller read for GIR-FD82-A020	navigation range only; no runtime/branch-coverage claim
reference	8c5911e4a4b07b07e832e4bb0d5d8859e88b4a9b	Data/Scripts/016_UI/013_UI_Load.rb	330	345	numbered text read; source text/data/caller read for GIR-FD82-A006	navigation range only; no runtime/branch-coverage claim
reference	8c5911e4a4b07b07e832e4bb0d5d8859e88b4a9b	Data/Scripts/020_Debug/001_Editor screens/001_EditorScreens.rb	115	120	numbered text read; source text/data/caller read for GIR-FD82-C004	navigation range only; no runtime/branch-coverage claim
reference	8c5911e4a4b07b07e832e4bb0d5d8859e88b4a9b	Data/Scripts/020_Debug/001_Editor screens/001_EditorScreens.rb	280	287	numbered text read; source text/data/caller read for GIR-FD82-C004	navigation range only; no runtime/branch-coverage claim
reference	8c5911e4a4b07b07e832e4bb0d5d8859e88b4a9b	Data/Scripts/020_Debug/001_Editor screens/001_EditorScreens.rb	935	987	numbered text read; source text/data/caller read for GIR-FD82-C022	navigation range only; no runtime/branch-coverage claim
reference	8c5911e4a4b07b07e832e4bb0d5d8859e88b4a9b	Data/Scripts/020_Debug/001_Editor screens/004_EditorScreens_SpritePositioning.rb	70	122	numbered text read; source text/data/caller read for GIR-FD82-C016	navigation range only; no runtime/branch-coverage claim
reference	8c5911e4a4b07b07e832e4bb0d5d8859e88b4a9b	Data/Scripts/020_Debug/002_Editor_DataTypes.rb	1550	1560	numbered text read; source text/data/caller read for GIR-FD82-C022	navigation range only; no runtime/branch-coverage claim
reference	8c5911e4a4b07b07e832e4bb0d5d8859e88b4a9b	Data/Scripts/020_Debug/003_Debug menus/002_Debug_MenuCommands.rb	1423	1455	numbered text read; source text/data/caller read for GIR-FD82-A006	navigation range only; no runtime/branch-coverage claim
reference	8c5911e4a4b07b07e832e4bb0d5d8859e88b4a9b	Data/Scripts/021_Compiler/001_Compiler.rb	255	293	numbered text read; source text/data/caller read for GIR-FD82-A001	navigation range only; no runtime/branch-coverage claim
reference	8c5911e4a4b07b07e832e4bb0d5d8859e88b4a9b	Data/Scripts/021_Compiler/001_Compiler.rb	384	403	numbered text read; source text/data/caller read for GIR-FD82-C080	navigation range only; no runtime/branch-coverage claim
reference	8c5911e4a4b07b07e832e4bb0d5d8859e88b4a9b	Data/Scripts/021_Compiler/001_Compiler.rb	690	735	numbered text read; source text/data/caller read for GIR-FD82-C080	navigation range only; no runtime/branch-coverage claim
reference	8c5911e4a4b07b07e832e4bb0d5d8859e88b4a9b	Data/Scripts/021_Compiler/001_Compiler.rb	1040	1096	numbered text read; source text/data/caller read for GIR-FD82-A002	navigation range only; no runtime/branch-coverage claim
reference	8c5911e4a4b07b07e832e4bb0d5d8859e88b4a9b	Data/Scripts/021_Compiler/002_Compiler_CompilePBS.rb	4	68	numbered text read; source text/data/caller read for GIR-FD82-C016	navigation range only; no runtime/branch-coverage claim
reference	8c5911e4a4b07b07e832e4bb0d5d8859e88b4a9b	Data/Scripts/021_Compiler/002_Compiler_CompilePBS.rb	292	365	numbered text read; source text/data/caller read for GIR-FD82-C022	navigation range only; no runtime/branch-coverage claim
reference	8c5911e4a4b07b07e832e4bb0d5d8859e88b4a9b	Data/Scripts/021_Compiler/002_Compiler_CompilePBS.rb	543	565	numbered text read; source text/data/caller read for GIR-FD82-C016	navigation range only; no runtime/branch-coverage claim
reference	8c5911e4a4b07b07e832e4bb0d5d8859e88b4a9b	Data/Scripts/021_Compiler/002_Compiler_CompilePBS.rb	664	765	numbered text read; source text/data/caller read for GIR-FD82-C080	navigation range only; no runtime/branch-coverage claim
reference	8c5911e4a4b07b07e832e4bb0d5d8859e88b4a9b	Data/Scripts/021_Compiler/003_Compiler_WritePBS.rb	174	223	numbered text read; source text/data/caller read for GIR-FD82-C022	navigation range only; no runtime/branch-coverage claim
reference	8c5911e4a4b07b07e832e4bb0d5d8859e88b4a9b	Data/Scripts/021_Compiler/003_Compiler_WritePBS.rb	291	351	numbered text read; source text/data/caller read for GIR-FD82-C016	navigation range only; no runtime/branch-coverage claim
reference	8c5911e4a4b07b07e832e4bb0d5d8859e88b4a9b	Data/Scripts/021_Compiler/003_Compiler_WritePBS.rb	403	448	numbered text read; source text/data/caller read for GIR-FD82-C004	navigation range only; no runtime/branch-coverage claim
reference	8c5911e4a4b07b07e832e4bb0d5d8859e88b4a9b	PBS/pokemon.txt	1	22	numbered text read; source text/data/caller read for GIR-FD82-A020	navigation range only; no runtime/branch-coverage claim
project	e6f14de7d0d9600ce0e058c1bd05b9348f7a06d3	specs/kernel/wp04-pbs-lifecycle.md	45	57	fixed parent numbered text read for scope-amendment-01	only granted four finding clauses/acceptance; no runtime or branch-coverage claim
project	e6f14de7d0d9600ce0e058c1bd05b9348f7a06d3	specs/kernel/wp04-pbs-lifecycle.md	77	88	fixed parent numbered text read for scope-amendment-01	only granted four finding clauses/acceptance; no runtime or branch-coverage claim
project	e6f14de7d0d9600ce0e058c1bd05b9348f7a06d3	specs/kernel/wp04-pbs-lifecycle.md	210	232	fixed parent numbered text read for scope-amendment-01	only granted four finding clauses/acceptance; no runtime or branch-coverage claim
project	e6f14de7d0d9600ce0e058c1bd05b9348f7a06d3	specs/kernel/wp05-events-extensions-plugins.md	72	116	fixed parent numbered text read for scope-amendment-01	only granted four finding clauses/acceptance; no runtime or branch-coverage claim
project	e6f14de7d0d9600ce0e058c1bd05b9348f7a06d3	specs/kernel/wp05-events-extensions-plugins.md	151	171	fixed parent numbered text read for scope-amendment-01	only granted four finding clauses/acceptance; no runtime or branch-coverage claim
