canonical_id	primary_owner	classification	known_contributors	missing_specific_batches	reason	reviewed_integration	actual_review_report	accepted_successor	canonical_state
GIR-FD82-A001	B01	1	B01		全部已知必修贡献及本项验收已满足；只等最终全局/关闭门，保持OPEN。	93d0714ddfdb4900e946c0acd1cc80cf6431f0a0	8a1fdfb2b582df4cefb408b56eea144a2e53dcfe	0a12de641542f9a59909d2a950c1de8df17ca09d	OPEN
GIR-FD82-A002	B01	1	B01		全部已知必修贡献及本项验收已满足；只等最终全局/关闭门，保持OPEN。	93d0714ddfdb4900e946c0acd1cc80cf6431f0a0	8a1fdfb2b582df4cefb408b56eea144a2e53dcfe	0a12de641542f9a59909d2a950c1de8df17ca09d	OPEN
GIR-FD82-A003	B01	1	B01		全部已知必修贡献及本项验收已满足；只等最终全局/关闭门，保持OPEN。	93d0714ddfdb4900e946c0acd1cc80cf6431f0a0	8a1fdfb2b582df4cefb408b56eea144a2e53dcfe	0a12de641542f9a59909d2a950c1de8df17ca09d	OPEN
GIR-FD82-A004	B01	1	B01		全部已知必修贡献及本项验收已满足；只等最终全局/关闭门，保持OPEN。	93d0714ddfdb4900e946c0acd1cc80cf6431f0a0	8a1fdfb2b582df4cefb408b56eea144a2e53dcfe	0a12de641542f9a59909d2a950c1de8df17ca09d	OPEN
GIR-FD82-A009	B01	1	B01		全部已知必修贡献及本项验收已满足；只等最终全局/关闭门，保持OPEN。	93d0714ddfdb4900e946c0acd1cc80cf6431f0a0	8a1fdfb2b582df4cefb408b56eea144a2e53dcfe	0a12de641542f9a59909d2a950c1de8df17ca09d	OPEN
WP80-B02-R01	B01	1	B01		全部已知必修贡献及本项验收已满足；只等最终全局/关闭门，保持OPEN。	93d0714ddfdb4900e946c0acd1cc80cf6431f0a0	8a1fdfb2b582df4cefb408b56eea144a2e53dcfe	0a12de641542f9a59909d2a950c1de8df17ca09d	OPEN
WP80-B02-R02	B01	1	B01;B21		全部已知必修贡献及本项验收已满足；只等最终全局/关闭门，保持OPEN。 规划B21参与是最终汇总/批准身份核验职责；B01实际报告已验证具体两处去向后继，不存在报告具名的未修行为欠项。	93d0714ddfdb4900e946c0acd1cc80cf6431f0a0	8a1fdfb2b582df4cefb408b56eea144a2e53dcfe	0a12de641542f9a59909d2a950c1de8df17ca09d	OPEN
GIR-FD82-A006	B02	1	B01;B02		全部已知必修贡献及本项验收已满足；只等最终全局/关闭门，保持OPEN。 B01 WP02/附表贡献与B02 WP08及授权原稿传播修订均已实际接受；不得沿用B01旧待B02文字。	1b1e169faf273e89ad6b7f5e46fd7b60d87d3946	361e4e69126559c266a08fdf093082dbbcd83f8d	9576f00e7d3aeb96f7ca8c42caccfba8f808505e	OPEN
GIR-FD82-A010	B02	1	B02		全部已知必修贡献及本项验收已满足；只等最终全局/关闭门，保持OPEN。	1b1e169faf273e89ad6b7f5e46fd7b60d87d3946	361e4e69126559c266a08fdf093082dbbcd83f8d	9576f00e7d3aeb96f7ca8c42caccfba8f808505e	OPEN
GIR-FD82-A011	B02	1	B02		全部已知必修贡献及本项验收已满足；只等最终全局/关闭门，保持OPEN。	1b1e169faf273e89ad6b7f5e46fd7b60d87d3946	361e4e69126559c266a08fdf093082dbbcd83f8d	9576f00e7d3aeb96f7ca8c42caccfba8f808505e	OPEN
GIR-FD82-A012	B02	1	B02		全部已知必修贡献及本项验收已满足；只等最终全局/关闭门，保持OPEN。	1b1e169faf273e89ad6b7f5e46fd7b60d87d3946	361e4e69126559c266a08fdf093082dbbcd83f8d	9576f00e7d3aeb96f7ca8c42caccfba8f808505e	OPEN
GIR-FD82-A013	B02	1	B02		全部已知必修贡献及本项验收已满足；只等最终全局/关闭门，保持OPEN。	1b1e169faf273e89ad6b7f5e46fd7b60d87d3946	361e4e69126559c266a08fdf093082dbbcd83f8d	9576f00e7d3aeb96f7ca8c42caccfba8f808505e	OPEN
GIR-FD82-A014	B02	1	B02		全部已知必修贡献及本项验收已满足；只等最终全局/关闭门，保持OPEN。	1b1e169faf273e89ad6b7f5e46fd7b60d87d3946	361e4e69126559c266a08fdf093082dbbcd83f8d	9576f00e7d3aeb96f7ca8c42caccfba8f808505e	OPEN
GIR-FD82-A016	B02	1	B02		全部已知必修贡献及本项验收已满足；只等最终全局/关闭门，保持OPEN。	1b1e169faf273e89ad6b7f5e46fd7b60d87d3946	361e4e69126559c266a08fdf093082dbbcd83f8d	9576f00e7d3aeb96f7ca8c42caccfba8f808505e	OPEN
GIR-FD82-A017	B02	1	B02;B21		全部已知必修贡献及本项验收已满足；只等最终全局/关闭门，保持OPEN。 B02实际报告已验证八处当前导航后继，B02-C已登记；B21整体审计/最终门保留，不把candidate历史proposal-only当成当前未应用。	1b1e169faf273e89ad6b7f5e46fd7b60d87d3946	361e4e69126559c266a08fdf093082dbbcd83f8d	9576f00e7d3aeb96f7ca8c42caccfba8f808505e	OPEN
GIR-FD82-A018	B02	1	B02		全部已知必修贡献及本项验收已满足；只等最终全局/关闭门，保持OPEN。	1b1e169faf273e89ad6b7f5e46fd7b60d87d3946	361e4e69126559c266a08fdf093082dbbcd83f8d	9576f00e7d3aeb96f7ca8c42caccfba8f808505e	OPEN
GIR-FD82-A021	B05	1	B05		全部已知必修贡献及本项验收已满足；只等最终全局/关闭门，保持OPEN。	cc085d618ce8b5ebda82c28a3a1ac9a09dda9a85	59b0451799cbfea41b12e2e1c3bb779420ed5ea9	ae230e76e9c041f39c28948321d0960804c02388	OPEN
GIR-FD82-A022	B05	1	B05		全部已知必修贡献及本项验收已满足；只等最终全局/关闭门，保持OPEN。	cc085d618ce8b5ebda82c28a3a1ac9a09dda9a85	59b0451799cbfea41b12e2e1c3bb779420ed5ea9	ae230e76e9c041f39c28948321d0960804c02388	OPEN
GIR-FD82-A023	B05	1	B05		全部已知必修贡献及本项验收已满足；只等最终全局/关闭门，保持OPEN。	cc085d618ce8b5ebda82c28a3a1ac9a09dda9a85	59b0451799cbfea41b12e2e1c3bb779420ed5ea9	ae230e76e9c041f39c28948321d0960804c02388	OPEN
GIR-FD82-A024	B05	2	B05;B07	B07	B05本项贡献和已知四组配置/记录边界已接受；仍缺B07/WP30重学消费者一致性贡献及其候选、实际整合核验。	cc085d618ce8b5ebda82c28a3a1ac9a09dda9a85	59b0451799cbfea41b12e2e1c3bb779420ed5ea9	ae230e76e9c041f39c28948321d0960804c02388	OPEN
GIR-FD82-A025	B05	1	B05		全部已知必修贡献及本项验收已满足；只等最终全局/关闭门，保持OPEN。	cc085d618ce8b5ebda82c28a3a1ac9a09dda9a85	59b0451799cbfea41b12e2e1c3bb779420ed5ea9	ae230e76e9c041f39c28948321d0960804c02388	OPEN
GIR-FD82-A027	B05	1	B05		全部已知必修贡献及本项验收已满足；只等最终全局/关闭门，保持OPEN。	cc085d618ce8b5ebda82c28a3a1ac9a09dda9a85	59b0451799cbfea41b12e2e1c3bb779420ed5ea9	ae230e76e9c041f39c28948321d0960804c02388	OPEN
GIR-FD82-A028	B05	1	B05		全部已知必修贡献及本项验收已满足；只等最终全局/关闭门，保持OPEN。	cc085d618ce8b5ebda82c28a3a1ac9a09dda9a85	59b0451799cbfea41b12e2e1c3bb779420ed5ea9	ae230e76e9c041f39c28948321d0960804c02388	OPEN
GIR-FD82-A029	B05	1	B05		全部已知必修贡献及本项验收已满足；只等最终全局/关闭门，保持OPEN。	cc085d618ce8b5ebda82c28a3a1ac9a09dda9a85	59b0451799cbfea41b12e2e1c3bb779420ed5ea9	ae230e76e9c041f39c28948321d0960804c02388	OPEN
GIR-FD82-A030	B05	1	B05		全部已知必修贡献及本项验收已满足；只等最终全局/关闭门，保持OPEN。	cc085d618ce8b5ebda82c28a3a1ac9a09dda9a85	59b0451799cbfea41b12e2e1c3bb779420ed5ea9	ae230e76e9c041f39c28948321d0960804c02388	OPEN
GIR-FD82-A031	B05	1	B05		全部已知必修贡献及本项验收已满足；只等最终全局/关闭门，保持OPEN。	cc085d618ce8b5ebda82c28a3a1ac9a09dda9a85	59b0451799cbfea41b12e2e1c3bb779420ed5ea9	ae230e76e9c041f39c28948321d0960804c02388	OPEN
