wp	assignment	input	outputs	test_families	mapping_basis	semantic_review	evidence
WP39	B-01	specs/combat/wp39-battle-context-and-participants.md	deliverables/final-specification-set/combat-requirements/wp39-battle-context-and-participants.md	deliverables/final-specification-set/test-catalog/combat-requirements-wp39-40-41-42-45.md	Readiness path-level claim independently checked for presence only	PRIMARY_REVIEW_COMPLETE; FINDINGS_PENDING_UNIFIED_ADJUDICATION	agents/B/B-01/report.md; agents/B/B-01/reading-log.tsv
WP40	B-01	specs/combat/wp40-commands-obedience-and-action-order.md	deliverables/final-specification-set/combat-requirements/wp40-commands-obedience-and-action-order.md	deliverables/final-specification-set/test-catalog/combat-requirements-wp39-40-41-42-45.md	Readiness path-level claim independently checked for presence only	PRIMARY_REVIEW_COMPLETE; FINDINGS_PENDING_UNIFIED_ADJUDICATION	agents/B/B-01/report.md; agents/B/B-01/reading-log.tsv
WP41	B-02	specs/combat/wp41-switching-positioning-and-escape.md	deliverables/final-specification-set/combat-requirements/wp41-switching-positioning-and-escape.md	deliverables/final-specification-set/test-catalog/combat-requirements-wp39-40-41-42-45.md	Readiness path-level claim independently checked for presence only	PRIMARY_REVIEW_COMPLETE; FINDINGS_PENDING_UNIFIED_ADJUDICATION	agents/B/B-02/report.md; agents/B/B-02/reading-log.tsv
WP42	B-02	specs/combat/wp42-growth-end-of-round-and-battle-outcomes.md	deliverables/final-specification-set/combat-requirements/wp42-growth-end-of-round-and-battle-outcomes.md	deliverables/final-specification-set/test-catalog/combat-requirements-wp39-40-41-42-45.md	Readiness path-level claim independently checked for presence only	PRIMARY_REVIEW_COMPLETE; FINDINGS_PENDING_UNIFIED_ADJUDICATION	agents/B/B-02/report.md; agents/B/B-02/reading-log.tsv
WP45	B-03	specs/combat/wp45-weather-terrain-side-and-position-effects.md	deliverables/final-specification-set/combat-requirements/wp45-weather-terrain-side-and-position-effects.md	deliverables/final-specification-set/test-catalog/combat-requirements-wp39-40-41-42-45.md	Readiness path-level claim independently checked for presence only	PRIMARY_REVIEW_COMPLETE; FINDINGS_PENDING_UNIFIED_ADJUDICATION	agents/B/B-03/report.md; agents/B/B-03/reading-log.tsv; agents/B/B-03/equivalence.tsv
WP47-A	B-04	specs/combat/wp47-a-attributes-targeting-calling-data.md	deliverables/final-specification-set/combat-requirements/wp47-a-attributes-targeting-calling-data.md	deliverables/final-specification-set/test-catalog/combat-requirements-wp47-ab.md	Readiness path-level claim independently checked for presence only	PENDING	-
WP47-A	B-04	specs/combat/wp47-a-move-attributes-targeting-and-calling.md	deliverables/final-specification-set/combat-requirements/wp47-a-move-attributes-targeting-and-calling.md	deliverables/final-specification-set/test-catalog/combat-requirements-wp47-ab.md	Readiness path-level claim independently checked for presence only	PENDING	-
WP47-B	B-04	specs/combat/wp47-b-control-items-coverage-data.md	deliverables/final-specification-set/combat-requirements/wp47-b-control-items-coverage-data.md	deliverables/final-specification-set/test-catalog/combat-requirements-wp47-ab.md	Readiness path-level claim independently checked for presence only	PENDING	-
WP47-B	B-04	specs/combat/wp47-b-switching-control-and-item-changes.md	deliverables/final-specification-set/combat-requirements/wp47-b-switching-control-and-item-changes.md	deliverables/final-specification-set/test-catalog/combat-requirements-wp47-ab.md	Readiness path-level claim independently checked for presence only	PENDING	-
WP49	B-05	specs/combat/wp49-ability-phase-triggers.md	deliverables/final-specification-set/combat-requirements/wp49-ability-phase-triggers.md	deliverables/final-specification-set/test-catalog/combat-requirements-wp49-51-52.md	Readiness path-level claim independently checked for presence only	PENDING	-
WP51	B-05	specs/combat/wp51-ai-action-selection-and-skill.md	deliverables/final-specification-set/combat-requirements/wp51-ai-action-selection-and-skill.md	deliverables/final-specification-set/test-catalog/combat-requirements-wp49-51-52.md	Readiness path-level claim independently checked for presence only	PENDING	-
WP51	B-05	specs/combat/wp51-ai-decision-defaults.md	deliverables/final-specification-set/combat-requirements/wp51-ai-decision-defaults.md	deliverables/final-specification-set/test-catalog/combat-requirements-wp49-51-52.md	Readiness path-level claim independently checked for presence only	PENDING	-
WP52-A	B-06	specs/combat/wp52-a-evaluation-coverage-and-data.md	deliverables/final-specification-set/combat-requirements/wp52-a-evaluation-coverage-and-data.md	deliverables/final-specification-set/test-catalog/combat-requirements-wp49-51-52.md	Readiness path-level claim independently checked for presence only	PENDING	-
WP52-A	B-06	specs/combat/wp52-a-generic-numerical-and-status-evaluation.md	deliverables/final-specification-set/combat-requirements/wp52-a-generic-numerical-and-status-evaluation.md	deliverables/final-specification-set/test-catalog/combat-requirements-wp49-51-52.md	Readiness path-level claim independently checked for presence only	PENDING	-
WP52-B	B-06	specs/combat/wp52-b-effect-coverage.md	deliverables/final-specification-set/combat-requirements/wp52-b-effect-coverage.md	deliverables/final-specification-set/test-catalog/combat-requirements-wp49-51-52.md	Readiness path-level claim independently checked for presence only	PENDING	-
WP52-B	B-06	specs/combat/wp52-b-field-damage-healing-and-target-evaluation.md	deliverables/final-specification-set/combat-requirements/wp52-b-field-damage-healing-and-target-evaluation.md	deliverables/final-specification-set/test-catalog/combat-requirements-wp49-51-52.md	Readiness path-level claim independently checked for presence only	PENDING	-
WP52-C	B-06	specs/combat/wp52-c-item-control-coverage-and-data.md	deliverables/final-specification-set/combat-requirements/wp52-c-item-control-coverage-and-data.md	deliverables/final-specification-set/test-catalog/combat-requirements-wp49-51-52.md	Readiness path-level claim independently checked for presence only	PENDING	-
WP52-C	B-06	specs/combat/wp52-c-items-calling-and-control-evaluation.md	deliverables/final-specification-set/combat-requirements/wp52-c-items-calling-and-control-evaluation.md	deliverables/final-specification-set/test-catalog/combat-requirements-wp49-51-52.md	Readiness path-level claim independently checked for presence only	PENDING	-
WP54	B-07	specs/combat/wp54-entry-eligibility-level-adjustment-and-clauses.md	deliverables/final-specification-set/combat-requirements/wp54-entry-eligibility-level-adjustment-and-clauses.md	deliverables/final-specification-set/test-catalog/combat-requirements-wp54-55-56-58.md	Readiness path-level claim independently checked for presence only	PENDING	-
WP54	B-07	specs/combat/wp54-entry-rules-and-cup-data.md	deliverables/final-specification-set/combat-requirements/wp54-entry-rules-and-cup-data.md	deliverables/final-specification-set/test-catalog/combat-requirements-wp54-55-56-58.md	Readiness path-level claim independently checked for presence only	PENDING	-
WP55	B-07	specs/combat/wp55-facility-session-and-restoration.md	deliverables/final-specification-set/combat-requirements/wp55-facility-session-and-restoration.md	deliverables/final-specification-set/test-catalog/combat-requirements-wp54-55-56-58.md	Readiness path-level claim independently checked for presence only	PENDING	-
WP56	B-08	specs/combat/wp56-palace-and-arena-variants.md	deliverables/final-specification-set/combat-requirements/wp56-palace-and-arena-variants.md	deliverables/final-specification-set/test-catalog/combat-requirements-wp54-55-56-58.md	Readiness path-level claim independently checked for presence only	PENDING	-
WP58	B-08	specs/combat/wp58-battle-recording-and-playback.md	deliverables/final-specification-set/combat-requirements/wp58-battle-recording-and-playback.md	deliverables/final-specification-set/test-catalog/combat-requirements-wp54-55-56-58.md	Readiness path-level claim independently checked for presence only	PENDING	-
WP18	A-03	specs/creature-rpg/wp18-creature-identity-species-ownership.md	deliverables/final-specification-set/creature-rpg/wp18-creature-identity-species-ownership.md	deliverables/final-specification-set/test-catalog/creature-rpg-wp18-20-24-25-26.md	Readiness path-level claim independently checked for presence only	PRIMARY_REVIEW_COMPLETE; FINDINGS_PENDING_UNIFIED_ADJUDICATION	agents/A/A-03/report.md; same-agent supplement reports and reading logs
WP20	A-03	specs/creature-rpg/wp20-hp-status-moves-helditem.md	deliverables/final-specification-set/creature-rpg/wp20-hp-status-moves-helditem.md	deliverables/final-specification-set/test-catalog/creature-rpg-wp18-20-24-25-26.md	Readiness path-level claim independently checked for presence only	PRIMARY_REVIEW_COMPLETE; FINDINGS_PENDING_UNIFIED_ADJUDICATION	agents/A/A-03/report.md; same-agent supplement reports and reading logs
WP24	A-05	specs/creature-rpg/wp24-player-trainers-partners.md	deliverables/final-specification-set/creature-rpg/wp24-player-trainers-partners.md	deliverables/final-specification-set/test-catalog/creature-rpg-wp18-20-24-25-26.md	Readiness path-level claim independently checked for presence only	PENDING	-
WP25	A-05	specs/creature-rpg/wp25-party-and-storage.md	deliverables/final-specification-set/creature-rpg/wp25-party-and-storage.md	deliverables/final-specification-set/test-catalog/creature-rpg-wp18-20-24-25-26.md	Readiness path-level claim independently checked for presence only	PENDING	-
WP26	A-05	specs/creature-rpg/wp26-acquisition-gifts-and-script-trade.md	deliverables/final-specification-set/creature-rpg/wp26-acquisition-gifts-and-script-trade.md	deliverables/final-specification-set/test-catalog/creature-rpg-wp18-20-24-25-26.md	Readiness path-level claim independently checked for presence only	PENDING	-
WP27	A-06	specs/creature-rpg/wp27-bag-and-item-storage.md	deliverables/final-specification-set/creature-rpg/wp27-bag-and-item-storage.md	deliverables/final-specification-set/test-catalog/creature-rpg-wp27-28-29-30-33.md	Readiness path-level claim independently checked for presence only	PENDING	-
WP28	A-06	specs/creature-rpg/wp28-item-use-and-training.md	deliverables/final-specification-set/creature-rpg/wp28-item-use-and-training.md	deliverables/final-specification-set/test-catalog/creature-rpg-wp27-28-29-30-33.md	Readiness path-level claim independently checked for presence only	PENDING	-
WP29	A-06	specs/creature-rpg/wp29-shops-and-exchanges.md	deliverables/final-specification-set/creature-rpg/wp29-shops-and-exchanges.md	deliverables/final-specification-set/test-catalog/creature-rpg-wp27-28-29-30-33.md	Readiness path-level claim independently checked for presence only	PENDING	-
WP30	A-07	specs/creature-rpg/wp30-growth-learning-and-friendship.md	deliverables/final-specification-set/creature-rpg/wp30-growth-learning-and-friendship.md	deliverables/final-specification-set/test-catalog/creature-rpg-wp27-28-29-30-33.md	Readiness path-level claim independently checked for presence only	PENDING	-
WP33	A-08	specs/creature-rpg/wp33-daycare-and-breeding-session.md	deliverables/final-specification-set/creature-rpg/wp33-daycare-and-breeding-session.md	deliverables/final-specification-set/test-catalog/creature-rpg-wp27-28-29-30-33.md	Readiness path-level claim independently checked for presence only	PENDING	-
WP35	A-08	specs/creature-rpg/wp35-eggs-and-hatching.md	deliverables/final-specification-set/creature-rpg/wp35-eggs-and-hatching.md	deliverables/final-specification-set/test-catalog/creature-rpg-wp35-36-57-64-68.md	Readiness path-level claim independently checked for presence only	PENDING	-
WP36	C-05	specs/creature-rpg/wp36-wild-encounters-and-modifiers.md	deliverables/final-specification-set/creature-rpg/wp36-wild-encounters-and-modifiers.md	deliverables/final-specification-set/test-catalog/creature-rpg-wp35-36-57-64-68.md	Readiness path-level claim independently checked for presence only	PENDING	-
WP57	B-08	specs/creature-rpg/wp57-factory-rentals-and-swaps.md	deliverables/final-specification-set/creature-rpg/wp57-factory-rentals-and-swaps.md	deliverables/final-specification-set/test-catalog/creature-rpg-wp35-36-57-64-68.md	Readiness path-level claim independently checked for presence only	PENDING	-
WP64	A-08	specs/creature-rpg/wp64-mail-and-mystery-gift.md	deliverables/final-specification-set/creature-rpg/wp64-mail-and-mystery-gift.md	deliverables/final-specification-set/test-catalog/creature-rpg-wp35-36-57-64-68.md	Readiness path-level claim independently checked for presence only	PENDING	-
WP68	C-08	specs/creature-rpg/wp68-triple-triad.md	deliverables/final-specification-set/creature-rpg/wp68-triple-triad.md	deliverables/final-specification-set/test-catalog/creature-rpg-wp35-36-57-64-68.md;deliverables/final-specification-set/test-catalog/user-interface-wp17-63-65-66-67-68-69-70-71.md	Readiness path-level claim independently checked for presence only	PENDING	-
WP01	A-01	specs/demo/wp01-baseline-and-evidence-scope.md	deliverables/final-specification-set/scope-statement.md	-	Readiness path-level claim independently checked for presence only	PRIMARY_REVIEW_COMPLETE; FINDINGS_PENDING_UNIFIED_ADJUDICATION	agents/A/A-01/report.md; agents/A/A-01/reading-log.tsv
WP72	C-01	specs/demo/wp72-debug-contexts-and-controls.md	deliverables/final-specification-set/demo-dx/wp72-debug-contexts-and-controls.md	deliverables/final-specification-set/test-catalog/demo-dx-wp72-73-74-75-76-77.md	Readiness path-level claim independently checked for presence only	PRIMARY_REVIEW_COMPLETE; FINDINGS_PENDING_UNIFIED_ADJUDICATION	agents/C/C-01/report.md; same-agent supplement reports and reading logs
WP73-A	C-01	specs/demo/wp73-a-content-editors.md	deliverables/final-specification-set/demo-dx/wp73-a-content-editors.md	deliverables/final-specification-set/test-catalog/demo-dx-wp72-73-74-75-76-77.md	Readiness path-level claim independently checked for presence only	PRIMARY_REVIEW_COMPLETE; FINDINGS_PENDING_UNIFIED_ADJUDICATION	agents/C/C-01/report.md; same-agent supplement reports and reading logs
WP73-B	C-01	specs/demo/wp73-b-world-editors.md	deliverables/final-specification-set/demo-dx/wp73-b-world-editors.md	deliverables/final-specification-set/test-catalog/demo-dx-wp72-73-74-75-76-77.md	Readiness path-level claim independently checked for presence only	PRIMARY_REVIEW_COMPLETE; FINDINGS_PENDING_UNIFIED_ADJUDICATION	agents/C/C-01/report.md; same-agent supplement reports and reading logs
WP74	C-02	specs/demo/wp74-battle-animation-authoring-and-exchange.md	deliverables/final-specification-set/demo-dx/wp74-battle-animation-authoring-and-exchange.md	deliverables/final-specification-set/test-catalog/demo-dx-wp72-73-74-75-76-77.md	Readiness path-level claim independently checked for presence only	PENDING	-
WP75	C-02	specs/demo/wp75-project-conversion-and-authoring-tools.md	deliverables/final-specification-set/demo-dx/wp75-project-conversion-and-authoring-tools.md	deliverables/final-specification-set/test-catalog/demo-dx-wp72-73-74-75-76-77.md	Readiness path-level claim independently checked for presence only	PENDING	-
WP76	B-09	specs/demo/wp76-facility-content-generation-and-simulation.md	deliverables/final-specification-set/demo-dx/wp76-facility-content-generation-and-simulation.md	deliverables/final-specification-set/test-catalog/demo-dx-wp72-73-74-75-76-77.md	Readiness path-level claim independently checked for presence only	PENDING	-
WP77	C-02	specs/demo/wp77-demo-evidence-and-capability-coverage.md	deliverables/final-specification-set/demo-dx/wp77-demo-evidence-and-capability-coverage.md	deliverables/final-specification-set/test-catalog/demo-dx-wp72-73-74-75-76-77.md	Readiness path-level claim independently checked for presence only	PENDING	-
WP02	A-01	specs/kernel/wp02-rule-configuration-and-data-variants.md	deliverables/final-specification-set/generic-kernel/wp02-rule-configuration-and-data-variants.md	deliverables/final-specification-set/test-catalog/generic-kernel-wp02-03-04.md	Readiness path-level claim independently checked for presence only	PRIMARY_REVIEW_COMPLETE; FINDINGS_PENDING_UNIFIED_ADJUDICATION	agents/A/A-01/report.md; agents/A/A-01/reading-log.tsv
WP02	A-01	specs/kernel/wp02-settings-inventory-appendix.md	deliverables/final-specification-set/generic-kernel/wp02-rule-configuration-and-data-variants.md	deliverables/final-specification-set/test-catalog/generic-kernel-wp02-03-04.md	Readiness path-level claim independently checked for presence only	PRIMARY_REVIEW_COMPLETE; FINDINGS_PENDING_UNIFIED_ADJUDICATION	agents/A/A-01/report.md; agents/A/A-01/reading-log.tsv
WP03	A-01	specs/kernel/wp03-content-identity-and-schema.md	deliverables/final-specification-set/generic-kernel/wp03-content-identity-and-schema.md	deliverables/final-specification-set/test-catalog/generic-kernel-wp02-03-04.md	Readiness path-level claim independently checked for presence only	PRIMARY_REVIEW_COMPLETE; FINDINGS_PENDING_UNIFIED_ADJUDICATION	agents/A/A-01/report.md; agents/A/A-01/reading-log.tsv
WP04	A-01	specs/kernel/wp04-pbs-lifecycle.md	deliverables/final-specification-set/generic-kernel/wp04-pbs-lifecycle.md	deliverables/final-specification-set/test-catalog/generic-kernel-wp02-03-04.md	Readiness path-level claim independently checked for presence only	PRIMARY_REVIEW_COMPLETE; FINDINGS_PENDING_UNIFIED_ADJUDICATION	agents/A/A-01/report.md; agents/A/A-01/reading-log.tsv
WP05	A-01	specs/kernel/wp05-events-extensions-plugins.md	deliverables/final-specification-set/generic-kernel/wp05-events-extensions-plugins.md	deliverables/final-specification-set/test-catalog/generic-kernel-wp05-06-07-08-09-10.md	Readiness path-level claim independently checked for presence only	PRIMARY_REVIEW_COMPLETE; FINDINGS_PENDING_UNIFIED_ADJUDICATION	agents/A/A-01/report.md; agents/A/A-01/reading-log.tsv
WP06	A-02	specs/kernel/wp06-stats-directory.md	deliverables/final-specification-set/generic-kernel/wp06-stats-directory.md	deliverables/final-specification-set/test-catalog/generic-kernel-wp05-06-07-08-09-10.md	Readiness path-level claim independently checked for presence only	PRIMARY_REVIEW_COMPLETE; FINDINGS_PENDING_UNIFIED_ADJUDICATION	agents/A/A-02/report.md; agents/A/A-02/reading-log.tsv
WP06	A-02	specs/kernel/wp06-time-random-steps-stats.md	deliverables/final-specification-set/generic-kernel/wp06-time-random-steps-stats.md	deliverables/final-specification-set/test-catalog/generic-kernel-wp05-06-07-08-09-10.md	Readiness path-level claim independently checked for presence only	PRIMARY_REVIEW_COMPLETE; FINDINGS_PENDING_UNIFIED_ADJUDICATION	agents/A/A-02/report.md; agents/A/A-02/reading-log.tsv
WP07	A-02	specs/kernel/wp07-deprecation-appendix.md	deliverables/final-specification-set/generic-kernel/wp07-deprecation-appendix.md	deliverables/final-specification-set/test-catalog/generic-kernel-wp05-06-07-08-09-10.md	Readiness path-level claim independently checked for presence only	PRIMARY_REVIEW_COMPLETE; FINDINGS_PENDING_UNIFIED_ADJUDICATION	agents/A/A-02/report.md; agents/A/A-02/reading-log.tsv
WP07	A-02	specs/kernel/wp07-diagnostics-files-http.md	deliverables/final-specification-set/generic-kernel/wp07-diagnostics-files-http.md	deliverables/final-specification-set/test-catalog/generic-kernel-wp05-06-07-08-09-10.md	Readiness path-level claim independently checked for presence only	PRIMARY_REVIEW_COMPLETE; FINDINGS_PENDING_UNIFIED_ADJUDICATION	agents/A/A-02/report.md; agents/A/A-02/reading-log.tsv
WP08	A-02	specs/kernel/wp08-localization.md	deliverables/final-specification-set/generic-kernel/wp08-localization.md	deliverables/final-specification-set/test-catalog/generic-kernel-wp05-06-07-08-09-10.md	Readiness path-level claim independently checked for presence only	PRIMARY_REVIEW_COMPLETE; FINDINGS_PENDING_UNIFIED_ADJUDICATION	agents/A/A-02/report.md; agents/A/A-02/reading-log.tsv
WP09	A-02	specs/kernel/wp09-save-startup-continue.md	deliverables/final-specification-set/generic-kernel/wp09-save-startup-continue.md	deliverables/final-specification-set/test-catalog/generic-kernel-wp05-06-07-08-09-10.md	Readiness path-level claim independently checked for presence only	PRIMARY_REVIEW_COMPLETE; FINDINGS_PENDING_UNIFIED_ADJUDICATION	agents/A/A-02/report.md; agents/A/A-02/reading-log.tsv
WP10	A-02	specs/kernel/wp10-migration-failure-recovery.md	deliverables/final-specification-set/generic-kernel/wp10-migration-failure-recovery.md	deliverables/final-specification-set/test-catalog/generic-kernel-wp05-06-07-08-09-10.md	Readiness path-level claim independently checked for presence only	PRIMARY_REVIEW_COMPLETE; FINDINGS_PENDING_UNIFIED_ADJUDICATION	agents/A/A-02/report.md; agents/A/A-02/reading-log.tsv
WP11	C-03	specs/overworld/wp11-map-topology-transfer.md	deliverables/final-specification-set/engine-overworld/wp11-map-topology-transfer.md	deliverables/final-specification-set/test-catalog/engine-overworld-wp11-15-59-60.md	Readiness path-level claim independently checked for presence only	PENDING	-
WP12	C-03	specs/overworld/wp12-terrain-movement-vehicles.md	deliverables/final-specification-set/engine-overworld/wp12-terrain-movement-vehicles.md	deliverables/final-specification-set/test-catalog/engine-overworld-wp11-15-59-60.md	Readiness path-level claim independently checked for presence only	PENDING	-
WP13	C-03	specs/overworld/wp13-interpreter-command-matrix.md	deliverables/final-specification-set/engine-overworld/wp13-interpreter-command-matrix.md	deliverables/final-specification-set/test-catalog/engine-overworld-wp11-15-59-60.md	Readiness path-level claim independently checked for presence only	PENDING	-
WP13	C-03	specs/overworld/wp13-map-events-npc-followers.md	deliverables/final-specification-set/engine-overworld/wp13-map-events-npc-followers.md	deliverables/final-specification-set/test-catalog/engine-overworld-wp11-15-59-60.md	Readiness path-level claim independently checked for presence only	PENDING	-
WP13	C-03	specs/overworld/wp13-move-route-matrix.md	deliverables/final-specification-set/engine-overworld/wp13-move-route-matrix.md	deliverables/final-specification-set/test-catalog/engine-overworld-wp11-15-59-60.md	Readiness path-level claim independently checked for presence only	PENDING	-
WP14	C-03	specs/overworld/wp14-random-dungeons.md	deliverables/final-specification-set/engine-overworld/wp14-random-dungeons.md	deliverables/final-specification-set/test-catalog/engine-overworld-wp11-15-59-60.md	Readiness path-level claim independently checked for presence only	PENDING	-
WP15	C-04	specs/overworld/wp15-resource-matching-and-audio.md	deliverables/final-specification-set/engine-overworld/wp15-resource-matching-and-audio.md	deliverables/final-specification-set/test-catalog/engine-overworld-wp11-15-59-60.md	Readiness path-level claim independently checked for presence only	PENDING	-
WP16	C-04	specs/overworld/wp16-pre-battle-transitions-appendix.md	deliverables/final-specification-set/engine-overworld/wp16-pre-battle-transitions.md	deliverables/final-specification-set/test-catalog/engine-overworld-wp16.md	Readiness path-level claim independently checked for presence only	PENDING	-
WP16	C-04	specs/overworld/wp16-world-rendering-and-visual-transitions.md	deliverables/final-specification-set/engine-overworld/wp16-world-rendering-and-visual-transitions.md	deliverables/final-specification-set/test-catalog/engine-overworld-wp16.md	Readiness path-level claim independently checked for presence only	PENDING	-
WP59	C-05	specs/overworld/wp59-world-time-weather-field-moves.md	deliverables/final-specification-set/engine-overworld/wp59-world-time-weather-field-moves.md	deliverables/final-specification-set/test-catalog/engine-overworld-wp11-15-59-60.md	Readiness path-level claim independently checked for presence only	PENDING	-
WP60	C-06	specs/overworld/wp60-fishing.md	deliverables/final-specification-set/engine-overworld/wp60-fishing.md	deliverables/final-specification-set/test-catalog/engine-overworld-wp11-15-59-60.md;deliverables/final-specification-set/test-catalog/pokemon-rules-wp53-60-61-62-69-70.md	Readiness path-level claim independently checked for presence only	PENDING	-
WP19	A-03	specs/pokemon-rules/wp19-attributes-ability-and-stats.md	deliverables/final-specification-set/pokemon-rules/wp19-attributes-ability-and-stats.md	deliverables/final-specification-set/test-catalog/pokemon-rules-wp19-21-22-23-34.md	Readiness path-level claim independently checked for presence only	PRIMARY_REVIEW_COMPLETE; FINDINGS_PENDING_UNIFIED_ADJUDICATION	agents/A/A-03/report.md; same-agent supplement reports and reading logs
WP21	A-04	specs/pokemon-rules/wp21-dynamic-forms-and-display.md	deliverables/final-specification-set/pokemon-rules/wp21-dynamic-forms-and-display.md	deliverables/final-specification-set/test-catalog/pokemon-rules-wp19-21-22-23-34.md	Readiness path-level claim independently checked for presence only	PENDING	-
WP22	A-04	specs/pokemon-rules/wp22-mega-and-primal-reversion.md	deliverables/final-specification-set/pokemon-rules/wp22-mega-and-primal-reversion.md	deliverables/final-specification-set/test-catalog/pokemon-rules-wp19-21-22-23-34.md	Readiness path-level claim independently checked for presence only	PENDING	-
WP22	A-04	specs/pokemon-rules/wp22-transformation-data.md	deliverables/final-specification-set/pokemon-rules/wp22-transformation-data.md	deliverables/final-specification-set/test-catalog/pokemon-rules-wp19-21-22-23-34.md	Readiness path-level claim independently checked for presence only	PENDING	-
WP23	A-04	specs/pokemon-rules/wp23-shadow-data-and-vectors.md	deliverables/final-specification-set/pokemon-rules/wp23-shadow-data-and-vectors.md	deliverables/final-specification-set/test-catalog/pokemon-rules-wp19-21-22-23-34.md	Readiness path-level claim independently checked for presence only	PENDING	-
WP23	A-04	specs/pokemon-rules/wp23-shadow-hyper-and-purification.md	deliverables/final-specification-set/pokemon-rules/wp23-shadow-hyper-and-purification.md	deliverables/final-specification-set/test-catalog/pokemon-rules-wp19-21-22-23-34.md	Readiness path-level claim independently checked for presence only	PENDING	-
WP31	A-07	specs/pokemon-rules/wp31-basic-evolution.md	deliverables/final-specification-set/pokemon-rules/wp31-basic-evolution.md	deliverables/final-specification-set/test-catalog/pokemon-rules-wp31-32-37-38.md	Readiness path-level claim independently checked for presence only	PENDING	-
WP32	A-07	specs/pokemon-rules/wp32-context-inputs-and-scenarios.md	deliverables/final-specification-set/pokemon-rules/wp32-context-inputs-and-scenarios.md	deliverables/final-specification-set/test-catalog/pokemon-rules-wp31-32-37-38.md	Readiness path-level claim independently checked for presence only	PENDING	-
WP32	A-07	specs/pokemon-rules/wp32-contextual-trade-and-post-battle-evolution.md	deliverables/final-specification-set/pokemon-rules/wp32-contextual-trade-and-post-battle-evolution.md	deliverables/final-specification-set/test-catalog/pokemon-rules-wp31-32-37-38.md	Readiness path-level claim independently checked for presence only	PENDING	-
WP34	A-08	specs/pokemon-rules/wp34-inheritance-and-offspring.md	deliverables/final-specification-set/pokemon-rules/wp34-inheritance-and-offspring.md	deliverables/final-specification-set/test-catalog/pokemon-rules-wp19-21-22-23-34.md	Readiness path-level claim independently checked for presence only	PENDING	-
WP37	C-05	specs/pokemon-rules/wp37-roaming-and-poke-radar.md	deliverables/final-specification-set/pokemon-rules/wp37-roaming-and-poke-radar.md	deliverables/final-specification-set/test-catalog/pokemon-rules-wp31-32-37-38.md	Readiness path-level claim independently checked for presence only	PENDING	-
WP38	B-01	specs/pokemon-rules/wp38-capture-and-receiving.md	deliverables/final-specification-set/pokemon-rules/wp38-capture-and-receiving.md	deliverables/final-specification-set/test-catalog/pokemon-rules-wp31-32-37-38.md	Readiness path-level claim independently checked for presence only	PRIMARY_REVIEW_COMPLETE; FINDINGS_PENDING_UNIFIED_ADJUDICATION	agents/B/B-01/report.md; agents/B/B-01/reading-log.tsv
WP43	B-02	specs/pokemon-rules/wp43-types-accuracy-and-damage.md	deliverables/final-specification-set/pokemon-rules/wp43-types-accuracy-and-damage.md	deliverables/final-specification-set/test-catalog/pokemon-rules-wp43-44-46-48-50.md	Readiness path-level claim independently checked for presence only	PRIMARY_REVIEW_COMPLETE; FINDINGS_PENDING_UNIFIED_ADJUDICATION	agents/B/B-02/report.md; agents/B/B-02/reading-log.tsv
WP44	B-03	specs/pokemon-rules/wp44-effect-coverage.md	deliverables/final-specification-set/pokemon-rules/wp44-effect-coverage.md	deliverables/final-specification-set/test-catalog/pokemon-rules-wp43-44-46-48-50.md	Readiness path-level claim independently checked for presence only	PRIMARY_REVIEW_COMPLETE; FINDINGS_PENDING_UNIFIED_ADJUDICATION	agents/B/B-03/report.md; agents/B/B-03/reading-log.tsv; agents/B/B-03/equivalence.tsv
WP44	B-03	specs/pokemon-rules/wp44-statuses-stat-stages-and-immunities.md	deliverables/final-specification-set/pokemon-rules/wp44-statuses-stat-stages-and-immunities.md	deliverables/final-specification-set/test-catalog/pokemon-rules-wp43-44-46-48-50.md	Readiness path-level claim independently checked for presence only	PRIMARY_REVIEW_COMPLETE; FINDINGS_PENDING_UNIFIED_ADJUDICATION	agents/B/B-03/report.md; agents/B/B-03/reading-log.tsv; agents/B/B-03/equivalence.tsv
WP46	B-03	specs/pokemon-rules/wp46-damage-healing-coverage.md	deliverables/final-specification-set/pokemon-rules/wp46-damage-healing-coverage.md	deliverables/final-specification-set/test-catalog/pokemon-rules-wp43-44-46-48-50.md	Readiness path-level claim independently checked for presence only	PRIMARY_REVIEW_COMPLETE; FINDINGS_PENDING_UNIFIED_ADJUDICATION	agents/B/B-03/report.md; agents/B/B-03/reading-log.tsv; agents/B/B-03/equivalence.tsv
WP46	B-03	specs/pokemon-rules/wp46-damage-multihit-and-healing.md	deliverables/final-specification-set/pokemon-rules/wp46-damage-multihit-and-healing.md	deliverables/final-specification-set/test-catalog/pokemon-rules-wp43-44-46-48-50.md	Readiness path-level claim independently checked for presence only	PRIMARY_REVIEW_COMPLETE; FINDINGS_PENDING_UNIFIED_ADJUDICATION	agents/B/B-03/report.md; agents/B/B-03/reading-log.tsv; agents/B/B-03/equivalence.tsv
WP48	B-04	specs/pokemon-rules/wp48-ability-calculation-modifiers.md	deliverables/final-specification-set/pokemon-rules/wp48-ability-calculation-modifiers.md	deliverables/final-specification-set/test-catalog/pokemon-rules-wp43-44-46-48-50.md	Readiness path-level claim independently checked for presence only	PENDING	-
WP50	B-05	specs/pokemon-rules/wp50-held-item-effect-coverage.md	deliverables/final-specification-set/pokemon-rules/wp50-held-item-effect-coverage.md	deliverables/final-specification-set/test-catalog/pokemon-rules-wp43-44-46-48-50.md	Readiness path-level claim independently checked for presence only	PENDING	-
WP50	B-05	specs/pokemon-rules/wp50-held-item-triggers-and-consumption.md	deliverables/final-specification-set/pokemon-rules/wp50-held-item-triggers-and-consumption.md	deliverables/final-specification-set/test-catalog/pokemon-rules-wp43-44-46-48-50.md	Readiness path-level claim independently checked for presence only	PENDING	-
WP53	B-07	specs/pokemon-rules/wp53-safari-and-bug-catching-contest.md	deliverables/final-specification-set/pokemon-rules/wp53-safari-and-bug-catching-contest.md	deliverables/final-specification-set/test-catalog/pokemon-rules-wp53-60-61-62-69-70.md	Readiness path-level claim independently checked for presence only	PENDING	-
WP60	C-06	specs/pokemon-rules/wp60-berry-plants.md	deliverables/final-specification-set/pokemon-rules/wp60-berry-plants.md	deliverables/final-specification-set/test-catalog/engine-overworld-wp11-15-59-60.md;deliverables/final-specification-set/test-catalog/pokemon-rules-wp53-60-61-62-69-70.md	Readiness path-level claim independently checked for presence only	PENDING	-
WP61	C-06	specs/pokemon-rules/wp61-field-passive-effects-and-blackout.md	deliverables/final-specification-set/pokemon-rules/wp61-field-passive-effects-and-blackout.md	deliverables/final-specification-set/test-catalog/pokemon-rules-wp53-60-61-62-69-70.md	Readiness path-level claim independently checked for presence only	PENDING	-
WP62	A-08	specs/pokemon-rules/wp62-pokedex-records-regions-and-content.md	deliverables/final-specification-set/pokemon-rules/wp62-pokedex-records-regions-and-content.md	deliverables/final-specification-set/test-catalog/pokemon-rules-wp53-60-61-62-69-70.md	Readiness path-level claim independently checked for presence only	PENDING	-
WP69	C-08	specs/pokemon-rules/wp69-voltorb-flip.md	deliverables/final-specification-set/pokemon-rules/wp69-voltorb-flip.md	deliverables/final-specification-set/test-catalog/pokemon-rules-wp53-60-61-62-69-70.md;deliverables/final-specification-set/test-catalog/user-interface-wp17-63-65-66-67-68-69-70-71.md	Readiness path-level claim independently checked for presence only	PENDING	-
WP69	C-08	specs/pokemon-rules/wp69-voltorb-layouts.md	deliverables/final-specification-set/pokemon-rules/wp69-voltorb-layouts.md	deliverables/final-specification-set/test-catalog/pokemon-rules-wp53-60-61-62-69-70.md;deliverables/final-specification-set/test-catalog/user-interface-wp17-63-65-66-67-68-69-70-71.md	Readiness path-level claim independently checked for presence only	PENDING	-
WP70	C-08	specs/pokemon-rules/wp70-lottery.md	deliverables/final-specification-set/pokemon-rules/wp70-lottery.md	deliverables/final-specification-set/test-catalog/pokemon-rules-wp53-60-61-62-69-70.md;deliverables/final-specification-set/test-catalog/user-interface-wp17-63-65-66-67-68-69-70-71.md	Readiness path-level claim independently checked for presence only	PENDING	-
WP17	C-04	specs/ui/wp17-draw-text-tags.md	deliverables/final-specification-set/user-interface/wp17-draw-text-tags.md	deliverables/final-specification-set/test-catalog/user-interface-wp17-63-65-66-67-68-69-70-71.md	Readiness path-level claim independently checked for presence only	PENDING	-
WP17	C-04	specs/ui/wp17-messages-windows-input.md	deliverables/final-specification-set/user-interface/wp17-messages-windows-input.md	deliverables/final-specification-set/test-catalog/user-interface-wp17-63-65-66-67-68-69-70-71.md	Readiness path-level claim independently checked for presence only	PENDING	-
WP63	C-06	specs/ui/wp63-pokegear-map-music-and-phone.md	deliverables/final-specification-set/user-interface/wp63-pokegear-map-music-and-phone.md	deliverables/final-specification-set/test-catalog/user-interface-wp17-63-65-66-67-68-69-70-71.md	Readiness path-level claim independently checked for presence only	PENDING	-
WP65	C-06	specs/ui/wp65-controls-help-appendix.md	deliverables/final-specification-set/user-interface/wp65-controls-help-appendix.md	deliverables/final-specification-set/test-catalog/user-interface-wp17-63-65-66-67-68-69-70-71.md	Readiness path-level claim independently checked for presence only	PENDING	-
WP65	C-06	specs/ui/wp65-title-load-options-pause-and-pc.md	deliverables/final-specification-set/user-interface/wp65-title-load-options-pause-and-pc.md	deliverables/final-specification-set/test-catalog/user-interface-wp17-63-65-66-67-68-69-70-71.md	Readiness path-level claim independently checked for presence only	PENDING	-
WP65	C-06	specs/ui/wp65-trainer-card-appendix.md	deliverables/final-specification-set/user-interface/wp65-trainer-card-appendix.md	deliverables/final-specification-set/test-catalog/user-interface-wp17-63-65-66-67-68-69-70-71.md	Readiness path-level claim independently checked for presence only	PENDING	-
WP66-A	C-07	specs/ui/wp66-a-party-and-summary-ui.md	deliverables/final-specification-set/user-interface/wp66-a-party-and-summary-ui.md	deliverables/final-specification-set/test-catalog/user-interface-wp17-63-65-66-67-68-69-70-71.md	Readiness path-level claim independently checked for presence only	PENDING	-
WP66-B	C-07	specs/ui/wp66-b-storage-and-pokedex-ui.md	deliverables/final-specification-set/user-interface/wp66-b-storage-and-pokedex-ui.md	deliverables/final-specification-set/test-catalog/user-interface-wp17-63-65-66-67-68-69-70-71.md	Readiness path-level claim independently checked for presence only	PENDING	-
WP66-C	C-07	specs/ui/wp66-c-bag-item-storage-and-shop-ui.md	deliverables/final-specification-set/user-interface/wp66-c-bag-item-storage-and-shop-ui.md	deliverables/final-specification-set/test-catalog/user-interface-wp17-63-65-66-67-68-69-70-71.md	Readiness path-level claim independently checked for presence only	PENDING	-
WP67-A	B-09	specs/ui/wp67-a-battle-interaction-and-presentation.md	deliverables/final-specification-set/user-interface/wp67-a-battle-interaction-and-presentation.md	deliverables/final-specification-set/test-catalog/user-interface-wp17-63-65-66-67-68-69-70-71.md	Readiness path-level claim independently checked for presence only	PENDING	-
WP67-B	C-07	specs/ui/wp67-b-lifecycle-presentations-and-history.md	deliverables/final-specification-set/user-interface/wp67-b-lifecycle-presentations-and-history.md	deliverables/final-specification-set/test-catalog/user-interface-wp17-63-65-66-67-68-69-70-71.md	Readiness path-level claim independently checked for presence only	PENDING	-
WP68	C-08	specs/ui/wp68-duel.md	deliverables/final-specification-set/user-interface/wp68-duel.md	deliverables/final-specification-set/test-catalog/creature-rpg-wp35-36-57-64-68.md;deliverables/final-specification-set/test-catalog/user-interface-wp17-63-65-66-67-68-69-70-71.md	Readiness path-level claim independently checked for presence only	PENDING	-
WP69	C-08	specs/ui/wp69-slot-machine.md	deliverables/final-specification-set/user-interface/wp69-slot-machine.md	deliverables/final-specification-set/test-catalog/pokemon-rules-wp53-60-61-62-69-70.md;deliverables/final-specification-set/test-catalog/user-interface-wp17-63-65-66-67-68-69-70-71.md	Readiness path-level claim independently checked for presence only	PENDING	-
WP69	C-08	specs/ui/wp69-slot-reels.md	deliverables/final-specification-set/user-interface/wp69-slot-reels.md	deliverables/final-specification-set/test-catalog/pokemon-rules-wp53-60-61-62-69-70.md;deliverables/final-specification-set/test-catalog/user-interface-wp17-63-65-66-67-68-69-70-71.md	Readiness path-level claim independently checked for presence only	PENDING	-
WP70	C-08	specs/ui/wp70-mining-data.md	deliverables/final-specification-set/user-interface/wp70-mining-data.md	deliverables/final-specification-set/test-catalog/pokemon-rules-wp53-60-61-62-69-70.md;deliverables/final-specification-set/test-catalog/user-interface-wp17-63-65-66-67-68-69-70-71.md	Readiness path-level claim independently checked for presence only	PENDING	-
WP70	C-08	specs/ui/wp70-mining.md	deliverables/final-specification-set/user-interface/wp70-mining.md	deliverables/final-specification-set/test-catalog/pokemon-rules-wp53-60-61-62-69-70.md;deliverables/final-specification-set/test-catalog/user-interface-wp17-63-65-66-67-68-69-70-71.md	Readiness path-level claim independently checked for presence only	PENDING	-
WP71	C-08	specs/ui/wp71-tile-puzzles.md	deliverables/final-specification-set/user-interface/wp71-tile-puzzles.md	deliverables/final-specification-set/test-catalog/user-interface-wp17-63-65-66-67-68-69-70-71.md	Readiness path-level claim independently checked for presence only	PENDING	-
