path	mode	range	result
AGENTS.md	FULL	all	constraints read
review/wp80-delivery-readiness-review-2026-10-03/report.md	FULL	all	readiness only
review/wp80-delivery-readiness-review-2026-10-03/global-review-handoff.md	FULL	all	current authorization supersedes old no-push
review/wp80-delivery-readiness-review-2026-10-03/findings.md	FULL	all	intake inherited pending
deliverables/final-specification-set/README.md	FULL	all	stale-stage and ui name candidates
deliverables/final-specification-set/scope-statement.md	FULL	all	stale-stage candidate
deliverables/final-specification-set/test-catalog/README.md	FULL	all	mapping inspected
planning/module-map.md	FULL	all	domain and dependencies read
review/wp78-stage-review-2026-10-03/recheck-v6/report.md	FULL	all	approval boundaries read
review/wp79-stage-review-2026-10-03/recheck-v6/report.md	FULL	all	effective versions read
review/wp80-batch-02-review-2026-10-03/findings.md	FULL	all	intake R01 R02 retained
