wp	features	primary_agent	assignment	status	original_inputs	final_outputs	test_families	reading_disposition	decision	findings	plan_line
WP01	F18-07	A	A-01	REVIEW_COMPLETE	specs/demo/wp01-baseline-and-evidence-scope.md	deliverables/final-specification-set/scope-statement.md	-	FULL_ORIGINAL_AND_FINAL; RELEVANT_STATIC_TEST_ROWS_REVIEWED; SOURCE_SCOPE_AND_LIMITS_RECORDED; SECOND_REVIEW_ADJUDICATED	REQUIRES_REVISION_SCOPED	GIR-FD82-001;GIR-FD82-003	95
WP02	F01-01;F02-03	A	A-01	REVIEW_COMPLETE	specs/kernel/wp02-rule-configuration-and-data-variants.md;specs/kernel/wp02-settings-inventory-appendix.md	deliverables/final-specification-set/generic-kernel/wp02-rule-configuration-and-data-variants.md	deliverables/final-specification-set/test-catalog/generic-kernel-wp02-03-04.md	FULL_ORIGINAL_AND_FINAL; RELEVANT_STATIC_TEST_ROWS_REVIEWED; SOURCE_SCOPE_AND_LIMITS_RECORDED; SECOND_REVIEW_ADJUDICATED	REQUIRES_REVISION_SCOPED	WP80-B02-R01;WP80-B02-R02;GIR-FD82-A006	96
WP03	F01-02;F02-01	A	A-01	REVIEW_COMPLETE	specs/kernel/wp03-content-identity-and-schema.md	deliverables/final-specification-set/generic-kernel/wp03-content-identity-and-schema.md	deliverables/final-specification-set/test-catalog/generic-kernel-wp02-03-04.md	FULL_ORIGINAL_AND_FINAL; RELEVANT_STATIC_TEST_ROWS_REVIEWED; SOURCE_SCOPE_AND_LIMITS_RECORDED; SECOND_REVIEW_ADJUDICATED	REQUIRES_REVISION_SCOPED	WP80-B02-R02;GIR-FD82-A020;GIR-FD82-C080	97
WP04	F02-02;F02-03	A	A-01	REVIEW_COMPLETE	specs/kernel/wp04-pbs-lifecycle.md	deliverables/final-specification-set/generic-kernel/wp04-pbs-lifecycle.md	deliverables/final-specification-set/test-catalog/generic-kernel-wp02-03-04.md	FULL_ORIGINAL_AND_FINAL; RELEVANT_STATIC_TEST_ROWS_REVIEWED; SOURCE_SCOPE_AND_LIMITS_RECORDED; SECOND_REVIEW_ADJUDICATED	REQUIRES_REVISION_SCOPED	WP80-B02-R02;GIR-FD82-A001;GIR-FD82-A002;GIR-FD82-C004;GIR-FD82-C016;GIR-FD82-C022	98
WP05	F01-03;F01-04	A	A-01	REVIEW_COMPLETE	specs/kernel/wp05-events-extensions-plugins.md	deliverables/final-specification-set/generic-kernel/wp05-events-extensions-plugins.md	deliverables/final-specification-set/test-catalog/generic-kernel-wp05-06-07-08-09-10.md	FULL_ORIGINAL_AND_FINAL; RELEVANT_STATIC_TEST_ROWS_REVIEWED; SOURCE_SCOPE_AND_LIMITS_RECORDED; SECOND_REVIEW_ADJUDICATED	REQUIRES_REVISION_SCOPED	GIR-FD82-A003;GIR-FD82-A004;GIR-FD82-A009	99
WP06	F01-05;F03-05	A	A-02	REVIEW_COMPLETE	specs/kernel/wp06-stats-directory.md;specs/kernel/wp06-time-random-steps-stats.md	deliverables/final-specification-set/generic-kernel/wp06-stats-directory.md;deliverables/final-specification-set/generic-kernel/wp06-time-random-steps-stats.md	deliverables/final-specification-set/test-catalog/generic-kernel-wp05-06-07-08-09-10.md	FULL_ORIGINAL_AND_FINAL; RELEVANT_STATIC_TEST_ROWS_REVIEWED; SOURCE_SCOPE_AND_LIMITS_RECORDED; SECOND_REVIEW_ADJUDICATED	REQUIRES_REVISION_SCOPED	GIR-FD82-A010;GIR-FD82-A011;GIR-FD82-A016;GIR-FD82-A017;GIR-FD82-C003;GIR-FD82-C081	100
WP07	F01-06;F01-07	A	A-02	REVIEW_COMPLETE	specs/kernel/wp07-deprecation-appendix.md;specs/kernel/wp07-diagnostics-files-http.md	deliverables/final-specification-set/generic-kernel/wp07-deprecation-appendix.md;deliverables/final-specification-set/generic-kernel/wp07-diagnostics-files-http.md	deliverables/final-specification-set/test-catalog/generic-kernel-wp05-06-07-08-09-10.md	FULL_ORIGINAL_AND_FINAL; RELEVANT_STATIC_TEST_ROWS_REVIEWED; SOURCE_SCOPE_AND_LIMITS_RECORDED; SECOND_REVIEW_ADJUDICATED	REQUIRES_REVISION_SCOPED	GIR-FD82-A012	101
WP08	F02-05	A	A-02	REVIEW_COMPLETE	specs/kernel/wp08-localization.md	deliverables/final-specification-set/generic-kernel/wp08-localization.md	deliverables/final-specification-set/test-catalog/generic-kernel-wp05-06-07-08-09-10.md	FULL_ORIGINAL_AND_FINAL; RELEVANT_STATIC_TEST_ROWS_REVIEWED; SOURCE_SCOPE_AND_LIMITS_RECORDED; SECOND_REVIEW_ADJUDICATED	REQUIRES_REVISION_SCOPED	GIR-FD82-A006;GIR-FD82-A013;GIR-FD82-A018	102
WP09	F03-01;F03-03	A	A-02	REVIEW_COMPLETE	specs/kernel/wp09-save-startup-continue.md	deliverables/final-specification-set/generic-kernel/wp09-save-startup-continue.md	deliverables/final-specification-set/test-catalog/generic-kernel-wp05-06-07-08-09-10.md	FULL_ORIGINAL_AND_FINAL; RELEVANT_STATIC_TEST_ROWS_REVIEWED; SOURCE_SCOPE_AND_LIMITS_RECORDED; SECOND_REVIEW_ADJUDICATED	REQUIRES_REVISION_SCOPED	GIR-FD82-A014;GIR-FD82-A015	108
WP10	F03-02;F03-04	A	A-02	REVIEW_COMPLETE	specs/kernel/wp10-migration-failure-recovery.md	deliverables/final-specification-set/generic-kernel/wp10-migration-failure-recovery.md	deliverables/final-specification-set/test-catalog/generic-kernel-wp05-06-07-08-09-10.md	FULL_ORIGINAL_AND_FINAL; RELEVANT_STATIC_TEST_ROWS_REVIEWED; SOURCE_SCOPE_AND_LIMITS_RECORDED; SECOND_REVIEW_ADJUDICATED	REQUIRES_REVISION_SCOPED	GIR-FD82-A014;GIR-FD82-A016	109
WP11	F04-01	C	C-03	REVIEW_COMPLETE	specs/overworld/wp11-map-topology-transfer.md	deliverables/final-specification-set/engine-overworld/wp11-map-topology-transfer.md	deliverables/final-specification-set/test-catalog/engine-overworld-wp11-15-59-60.md	FULL_ORIGINAL_AND_FINAL; RELEVANT_STATIC_TEST_ROWS_REVIEWED; SOURCE_SCOPE_AND_LIMITS_RECORDED; SECOND_REVIEW_ADJUDICATED	REQUIRES_REVISION_SCOPED	GIR-FD82-002;GIR-FD82-C003;GIR-FD82-C037;GIR-FD82-C052;GIR-FD82-C094	110
WP12	F04-02;F04-03	C	C-03	REVIEW_COMPLETE	specs/overworld/wp12-terrain-movement-vehicles.md	deliverables/final-specification-set/engine-overworld/wp12-terrain-movement-vehicles.md	deliverables/final-specification-set/test-catalog/engine-overworld-wp11-15-59-60.md	FULL_ORIGINAL_AND_FINAL; RELEVANT_STATIC_TEST_ROWS_REVIEWED; SOURCE_SCOPE_AND_LIMITS_RECORDED; SECOND_REVIEW_ADJUDICATED	REQUIRES_REVISION_SCOPED	GIR-FD82-C003;GIR-FD82-C035;GIR-FD82-C036;GIR-FD82-C037;GIR-FD82-C049;GIR-FD82-C050;GIR-FD82-C052;GIR-FD82-C054;GIR-FD82-C095	111
WP13	F04-04;F04-05	C	C-03	REVIEW_COMPLETE	specs/overworld/wp13-interpreter-command-matrix.md;specs/overworld/wp13-map-events-npc-followers.md;specs/overworld/wp13-move-route-matrix.md	deliverables/final-specification-set/engine-overworld/wp13-interpreter-command-matrix.md;deliverables/final-specification-set/engine-overworld/wp13-map-events-npc-followers.md;deliverables/final-specification-set/engine-overworld/wp13-move-route-matrix.md	deliverables/final-specification-set/test-catalog/engine-overworld-wp11-15-59-60.md	FULL_ORIGINAL_AND_FINAL; RELEVANT_STATIC_TEST_ROWS_REVIEWED; SOURCE_SCOPE_AND_LIMITS_RECORDED; SECOND_REVIEW_ADJUDICATED	REQUIRES_REVISION_SCOPED	WP80-INTAKE-R01;GIR-FD82-002;GIR-FD82-C003;GIR-FD82-C007;GIR-FD82-C037;GIR-FD82-C038;GIR-FD82-C039;GIR-FD82-C040;GIR-FD82-C041;GIR-FD82-C042;GIR-FD82-C049;GIR-FD82-C051;GIR-FD82-C053;GIR-FD82-C067	112
WP14	F04-06	C	C-03	REVIEW_COMPLETE	specs/overworld/wp14-random-dungeons.md	deliverables/final-specification-set/engine-overworld/wp14-random-dungeons.md	deliverables/final-specification-set/test-catalog/engine-overworld-wp11-15-59-60.md	FULL_ORIGINAL_AND_FINAL; RELEVANT_STATIC_TEST_ROWS_REVIEWED; SOURCE_SCOPE_AND_LIMITS_RECORDED; SECOND_REVIEW_ADJUDICATED	REQUIRES_REVISION_SCOPED	WP80-INTAKE-R01;GIR-FD82-C003;GIR-FD82-C043;GIR-FD82-C044;GIR-FD82-C045;GIR-FD82-C046;GIR-FD82-C047;GIR-FD82-C048	113
WP15	F02-04;F05-01;F05-02	C	C-04	REVIEW_COMPLETE	specs/overworld/wp15-resource-matching-and-audio.md	deliverables/final-specification-set/engine-overworld/wp15-resource-matching-and-audio.md	deliverables/final-specification-set/test-catalog/engine-overworld-wp11-15-59-60.md	FULL_ORIGINAL_AND_FINAL; RELEVANT_STATIC_TEST_ROWS_REVIEWED; SOURCE_SCOPE_AND_LIMITS_RECORDED; SECOND_REVIEW_ADJUDICATED	REQUIRES_REVISION_SCOPED	GIR-FD82-A058;GIR-FD82-A059;GIR-FD82-003;GIR-FD82-C007;GIR-FD82-C055;GIR-FD82-C056;GIR-FD82-C057;GIR-FD82-C058;GIR-FD82-C059;GIR-FD82-C060;GIR-FD82-C061;GIR-FD82-C118	114
WP16	F05-03;F05-04	C	C-04	REVIEW_COMPLETE	specs/overworld/wp16-pre-battle-transitions-appendix.md;specs/overworld/wp16-world-rendering-and-visual-transitions.md	deliverables/final-specification-set/engine-overworld/wp16-pre-battle-transitions.md;deliverables/final-specification-set/engine-overworld/wp16-world-rendering-and-visual-transitions.md	deliverables/final-specification-set/test-catalog/engine-overworld-wp16.md	FULL_ORIGINAL_AND_FINAL; RELEVANT_STATIC_TEST_ROWS_REVIEWED; SOURCE_SCOPE_AND_LIMITS_RECORDED; SECOND_REVIEW_ADJUDICATED	REQUIRES_REVISION_SCOPED	GIR-FD82-002;GIR-FD82-A059;GIR-FD82-003;GIR-FD82-C062;GIR-FD82-C063;GIR-FD82-C064;GIR-FD82-C065;GIR-FD82-C066;GIR-FD82-C067;GIR-FD82-C068;GIR-FD82-C069;GIR-FD82-C077;GIR-FD82-C078;GIR-FD82-C093;GIR-FD82-C106	115
WP17	F05-05;F05-06	C	C-04	REVIEW_COMPLETE	specs/ui/wp17-draw-text-tags.md;specs/ui/wp17-messages-windows-input.md	deliverables/final-specification-set/user-interface/wp17-draw-text-tags.md;deliverables/final-specification-set/user-interface/wp17-messages-windows-input.md	deliverables/final-specification-set/test-catalog/user-interface-wp17-63-65-66-67-68-69-70-71.md	FULL_ORIGINAL_AND_FINAL; RELEVANT_STATIC_TEST_ROWS_REVIEWED; SOURCE_SCOPE_AND_LIMITS_RECORDED; SECOND_REVIEW_ADJUDICATED	REQUIRES_REVISION_SCOPED	GIR-FD82-A058;GIR-FD82-C003;GIR-FD82-C053;GIR-FD82-C056;GIR-FD82-C061;GIR-FD82-C070;GIR-FD82-C071;GIR-FD82-C072;GIR-FD82-C073;GIR-FD82-C074;GIR-FD82-C075;GIR-FD82-C076;GIR-FD82-006	116
WP18	F06-01;F06-02;F07-01	A	A-03	REVIEW_COMPLETE	specs/creature-rpg/wp18-creature-identity-species-ownership.md	deliverables/final-specification-set/creature-rpg/wp18-creature-identity-species-ownership.md	deliverables/final-specification-set/test-catalog/creature-rpg-wp18-20-24-25-26.md	FULL_ORIGINAL_AND_FINAL; RELEVANT_STATIC_TEST_ROWS_REVIEWED; SOURCE_SCOPE_AND_LIMITS_RECORDED; SECOND_REVIEW_ADJUDICATED	REQUIRES_REVISION_SCOPED	GIR-FD82-A021;GIR-FD82-A022	122
WP19	F06-03;F06-04	A	A-03	REVIEW_COMPLETE	specs/pokemon-rules/wp19-attributes-ability-and-stats.md	deliverables/final-specification-set/pokemon-rules/wp19-attributes-ability-and-stats.md	deliverables/final-specification-set/test-catalog/pokemon-rules-wp19-21-22-23-34.md	FULL_ORIGINAL_AND_FINAL; RELEVANT_STATIC_TEST_ROWS_REVIEWED; SOURCE_SCOPE_AND_LIMITS_RECORDED; SECOND_REVIEW_ADJUDICATED	REQUIRES_REVISION_SCOPED	GIR-FD82-A020;GIR-FD82-A040;GIR-FD82-C124	123
WP20	F06-05;F06-06;F08-05	A	A-03	REVIEW_COMPLETE	specs/creature-rpg/wp20-hp-status-moves-helditem.md	deliverables/final-specification-set/creature-rpg/wp20-hp-status-moves-helditem.md	deliverables/final-specification-set/test-catalog/creature-rpg-wp18-20-24-25-26.md	FULL_ORIGINAL_AND_FINAL; RELEVANT_STATIC_TEST_ROWS_REVIEWED; SOURCE_SCOPE_AND_LIMITS_RECORDED; SECOND_REVIEW_ADJUDICATED	REQUIRES_REVISION_SCOPED	GIR-FD82-A023;GIR-FD82-A024;GIR-FD82-A025;GIR-FD82-A044;GIR-FD82-B013;GIR-FD82-C126	124
WP21	F06-07	A	A-04	REVIEW_COMPLETE	specs/pokemon-rules/wp21-dynamic-forms-and-display.md	deliverables/final-specification-set/pokemon-rules/wp21-dynamic-forms-and-display.md	deliverables/final-specification-set/test-catalog/pokemon-rules-wp19-21-22-23-34.md	FULL_ORIGINAL_AND_FINAL; RELEVANT_STATIC_TEST_ROWS_REVIEWED; SOURCE_SCOPE_AND_LIMITS_RECORDED; SECOND_REVIEW_ADJUDICATED	REQUIRES_REVISION_SCOPED	GIR-FD82-A022;GIR-FD82-A026;GIR-FD82-A027	125
WP22	F06-08	A	A-04	REVIEW_COMPLETE	specs/pokemon-rules/wp22-mega-and-primal-reversion.md;specs/pokemon-rules/wp22-transformation-data.md	deliverables/final-specification-set/pokemon-rules/wp22-mega-and-primal-reversion.md;deliverables/final-specification-set/pokemon-rules/wp22-transformation-data.md	deliverables/final-specification-set/test-catalog/pokemon-rules-wp19-21-22-23-34.md	FULL_ORIGINAL_AND_FINAL; RELEVANT_STATIC_TEST_ROWS_REVIEWED; SOURCE_SCOPE_AND_LIMITS_RECORDED; SECOND_REVIEW_ADJUDICATED	REQUIRES_REVISION_SCOPED	GIR-FD82-A028	126
WP23	F06-08	A	A-04	REVIEW_COMPLETE	specs/pokemon-rules/wp23-shadow-data-and-vectors.md;specs/pokemon-rules/wp23-shadow-hyper-and-purification.md	deliverables/final-specification-set/pokemon-rules/wp23-shadow-data-and-vectors.md;deliverables/final-specification-set/pokemon-rules/wp23-shadow-hyper-and-purification.md	deliverables/final-specification-set/test-catalog/pokemon-rules-wp19-21-22-23-34.md	FULL_ORIGINAL_AND_FINAL; RELEVANT_STATIC_TEST_ROWS_REVIEWED; SOURCE_SCOPE_AND_LIMITS_RECORDED; SECOND_REVIEW_ADJUDICATED	REQUIRES_REVISION_SCOPED	GIR-FD82-A029;GIR-FD82-A030;GIR-FD82-A031	127
WP24	F07-02;F07-03	A	A-05	REVIEW_COMPLETE	specs/creature-rpg/wp24-player-trainers-partners.md	deliverables/final-specification-set/creature-rpg/wp24-player-trainers-partners.md	deliverables/final-specification-set/test-catalog/creature-rpg-wp18-20-24-25-26.md	FULL_ORIGINAL_AND_FINAL; RELEVANT_STATIC_TEST_ROWS_REVIEWED; SOURCE_SCOPE_AND_LIMITS_RECORDED; SECOND_REVIEW_ADJUDICATED	REQUIRES_REVISION_SCOPED	GIR-FD82-A032;GIR-FD82-A033;GIR-FD82-A034;GIR-FD82-A059;GIR-FD82-C103	128
WP25	F07-04;F07-05	A	A-05	REVIEW_COMPLETE	specs/creature-rpg/wp25-party-and-storage.md	deliverables/final-specification-set/creature-rpg/wp25-party-and-storage.md	deliverables/final-specification-set/test-catalog/creature-rpg-wp18-20-24-25-26.md	FULL_ORIGINAL_AND_FINAL; RELEVANT_STATIC_TEST_ROWS_REVIEWED; SOURCE_SCOPE_AND_LIMITS_RECORDED; SECOND_REVIEW_ADJUDICATED	REQUIRES_REVISION_SCOPED	GIR-FD82-A035;GIR-FD82-A036;GIR-FD82-C120	129
WP26	F07-06;F10-05	A	A-05	REVIEW_COMPLETE	specs/creature-rpg/wp26-acquisition-gifts-and-script-trade.md	deliverables/final-specification-set/creature-rpg/wp26-acquisition-gifts-and-script-trade.md	deliverables/final-specification-set/test-catalog/creature-rpg-wp18-20-24-25-26.md	FULL_ORIGINAL_AND_FINAL; RELEVANT_STATIC_TEST_ROWS_REVIEWED; SOURCE_SCOPE_AND_LIMITS_RECORDED; SECOND_REVIEW_ADJUDICATED	REQUIRES_REVISION_SCOPED	GIR-FD82-A037	130
WP27	F08-01;F08-02	A	A-06	REVIEW_COMPLETE	specs/creature-rpg/wp27-bag-and-item-storage.md	deliverables/final-specification-set/creature-rpg/wp27-bag-and-item-storage.md	deliverables/final-specification-set/test-catalog/creature-rpg-wp27-28-29-30-33.md	FULL_ORIGINAL_AND_FINAL; RELEVANT_STATIC_TEST_ROWS_REVIEWED; SOURCE_SCOPE_AND_LIMITS_RECORDED; SECOND_REVIEW_ADJUDICATED	REQUIRES_REVISION_SCOPED	GIR-FD82-A038	131
WP28	F08-03;F08-04	A	A-06	REVIEW_COMPLETE	specs/creature-rpg/wp28-item-use-and-training.md	deliverables/final-specification-set/creature-rpg/wp28-item-use-and-training.md	deliverables/final-specification-set/test-catalog/creature-rpg-wp27-28-29-30-33.md	FULL_ORIGINAL_AND_FINAL; RELEVANT_STATIC_TEST_ROWS_REVIEWED; SOURCE_SCOPE_AND_LIMITS_RECORDED; SECOND_REVIEW_ADJUDICATED	REQUIRES_REVISION_SCOPED	GIR-FD82-A020;GIR-FD82-A026;GIR-FD82-A039;GIR-FD82-A040;GIR-FD82-A041;GIR-FD82-B008;GIR-FD82-A044;GIR-FD82-A045;GIR-FD82-A046;GIR-FD82-C003	132
WP29	F08-06	A	A-06	REVIEW_COMPLETE	specs/creature-rpg/wp29-shops-and-exchanges.md	deliverables/final-specification-set/creature-rpg/wp29-shops-and-exchanges.md	deliverables/final-specification-set/test-catalog/creature-rpg-wp27-28-29-30-33.md	FULL_ORIGINAL_AND_FINAL; RELEVANT_STATIC_TEST_ROWS_REVIEWED; SOURCE_SCOPE_AND_LIMITS_RECORDED; SECOND_REVIEW_ADJUDICATED	REQUIRES_REVISION_SCOPED	GIR-FD82-A043;GIR-FD82-D023	133
WP30	F09-01;F09-02	A	A-07	REVIEW_COMPLETE	specs/creature-rpg/wp30-growth-learning-and-friendship.md	deliverables/final-specification-set/creature-rpg/wp30-growth-learning-and-friendship.md	deliverables/final-specification-set/test-catalog/creature-rpg-wp27-28-29-30-33.md	FULL_ORIGINAL_AND_FINAL; RELEVANT_STATIC_TEST_ROWS_REVIEWED; SOURCE_SCOPE_AND_LIMITS_RECORDED; SECOND_REVIEW_ADJUDICATED	REQUIRES_REVISION_SCOPED	GIR-FD82-A024;GIR-FD82-A044;GIR-FD82-A047;GIR-FD82-A048;GIR-FD82-A049;GIR-FD82-C003	134
WP31	F09-03	A	A-07	REVIEW_COMPLETE	specs/pokemon-rules/wp31-basic-evolution.md	deliverables/final-specification-set/pokemon-rules/wp31-basic-evolution.md	deliverables/final-specification-set/test-catalog/pokemon-rules-wp31-32-37-38.md	FULL_ORIGINAL_AND_FINAL; RELEVANT_STATIC_TEST_ROWS_REVIEWED; SOURCE_SCOPE_AND_LIMITS_RECORDED; SECOND_REVIEW_ADJUDICATED	REQUIRES_REVISION_SCOPED	GIR-FD82-A045;GIR-FD82-A050	135
WP32	F09-04	A	A-07	REVIEW_COMPLETE	specs/pokemon-rules/wp32-context-inputs-and-scenarios.md;specs/pokemon-rules/wp32-contextual-trade-and-post-battle-evolution.md	deliverables/final-specification-set/pokemon-rules/wp32-context-inputs-and-scenarios.md;deliverables/final-specification-set/pokemon-rules/wp32-contextual-trade-and-post-battle-evolution.md	deliverables/final-specification-set/test-catalog/pokemon-rules-wp31-32-37-38.md	FULL_ORIGINAL_AND_FINAL; RELEVANT_STATIC_TEST_ROWS_REVIEWED; SOURCE_SCOPE_AND_LIMITS_RECORDED; SECOND_REVIEW_ADJUDICATED	REQUIRES_REVISION_SCOPED	GIR-FD82-A051;GIR-FD82-B013	136
WP33	F09-05	A	A-08	REVIEW_COMPLETE	specs/creature-rpg/wp33-daycare-and-breeding-session.md	deliverables/final-specification-set/creature-rpg/wp33-daycare-and-breeding-session.md	deliverables/final-specification-set/test-catalog/creature-rpg-wp27-28-29-30-33.md	FULL_ORIGINAL_AND_FINAL; RELEVANT_STATIC_TEST_ROWS_REVIEWED; SOURCE_SCOPE_AND_LIMITS_RECORDED; SECOND_REVIEW_ADJUDICATED	REQUIRES_REVISION_SCOPED	GIR-FD82-A052	137
WP34	F09-06	A	A-08	REVIEW_COMPLETE	specs/pokemon-rules/wp34-inheritance-and-offspring.md	deliverables/final-specification-set/pokemon-rules/wp34-inheritance-and-offspring.md	deliverables/final-specification-set/test-catalog/pokemon-rules-wp19-21-22-23-34.md	FULL_ORIGINAL_AND_FINAL; RELEVANT_STATIC_TEST_ROWS_REVIEWED; SOURCE_SCOPE_AND_LIMITS_RECORDED; SECOND_REVIEW_ADJUDICATED	PASS_SCOPED	-	138
WP35	F09-07	A	A-08	REVIEW_COMPLETE	specs/creature-rpg/wp35-eggs-and-hatching.md	deliverables/final-specification-set/creature-rpg/wp35-eggs-and-hatching.md	deliverables/final-specification-set/test-catalog/creature-rpg-wp35-36-57-64-68.md	FULL_ORIGINAL_AND_FINAL; RELEVANT_STATIC_TEST_ROWS_REVIEWED; SOURCE_SCOPE_AND_LIMITS_RECORDED; SECOND_REVIEW_ADJUDICATED	REQUIRES_REVISION_SCOPED	GIR-FD82-A053	139
WP36	F10-01;F10-02	C	C-05	REVIEW_COMPLETE	specs/creature-rpg/wp36-wild-encounters-and-modifiers.md	deliverables/final-specification-set/creature-rpg/wp36-wild-encounters-and-modifiers.md	deliverables/final-specification-set/test-catalog/creature-rpg-wp35-36-57-64-68.md	FULL_ORIGINAL_AND_FINAL; RELEVANT_STATIC_TEST_ROWS_REVIEWED; SOURCE_SCOPE_AND_LIMITS_RECORDED; SECOND_REVIEW_ADJUDICATED	REQUIRES_REVISION_SCOPED	GIR-FD82-003;GIR-FD82-B026;GIR-FD82-C003;GIR-FD82-C004;GIR-FD82-C005;GIR-FD82-C079;GIR-FD82-C080;GIR-FD82-C081;GIR-FD82-C082;GIR-FD82-C083;GIR-FD82-C084;GIR-FD82-C096	145
WP37	F10-03;F10-04	C	C-05	REVIEW_COMPLETE	specs/pokemon-rules/wp37-roaming-and-poke-radar.md	deliverables/final-specification-set/pokemon-rules/wp37-roaming-and-poke-radar.md	deliverables/final-specification-set/test-catalog/pokemon-rules-wp31-32-37-38.md	FULL_ORIGINAL_AND_FINAL; RELEVANT_STATIC_TEST_ROWS_REVIEWED; SOURCE_SCOPE_AND_LIMITS_RECORDED; SECOND_REVIEW_ADJUDICATED	REQUIRES_REVISION_SCOPED	GIR-FD82-A034;GIR-FD82-003;GIR-FD82-C007;GIR-FD82-C084;GIR-FD82-C085	146
WP38	F10-06	B	B-01	REVIEW_COMPLETE	specs/pokemon-rules/wp38-capture-and-receiving.md	deliverables/final-specification-set/pokemon-rules/wp38-capture-and-receiving.md	deliverables/final-specification-set/test-catalog/pokemon-rules-wp31-32-37-38.md	FULL_ORIGINAL_AND_FINAL; RELEVANT_STATIC_TEST_ROWS_REVIEWED; SOURCE_SCOPE_AND_LIMITS_RECORDED; SECOND_REVIEW_ADJUDICATED	REQUIRES_REVISION_SCOPED	GIR-FD82-B005;GIR-FD82-B007;GIR-FD82-B013	147
WP39	F11-01;F11-02	B	B-01	REVIEW_COMPLETE	specs/combat/wp39-battle-context-and-participants.md	deliverables/final-specification-set/combat-requirements/wp39-battle-context-and-participants.md	deliverables/final-specification-set/test-catalog/combat-requirements-wp39-40-41-42-45.md	FULL_ORIGINAL_AND_FINAL; RELEVANT_STATIC_TEST_ROWS_REVIEWED; SOURCE_SCOPE_AND_LIMITS_RECORDED; SECOND_REVIEW_ADJUDICATED	REQUIRES_REVISION_SCOPED	GIR-FD82-A059;GIR-FD82-B002;GIR-FD82-B003;GIR-FD82-003;GIR-FD82-B005;GIR-FD82-B009;GIR-FD82-B015;GIR-FD82-005	148
WP40	F11-03;F11-04	B	B-01	REVIEW_COMPLETE	specs/combat/wp40-commands-obedience-and-action-order.md	deliverables/final-specification-set/combat-requirements/wp40-commands-obedience-and-action-order.md	deliverables/final-specification-set/test-catalog/combat-requirements-wp39-40-41-42-45.md	FULL_ORIGINAL_AND_FINAL; RELEVANT_STATIC_TEST_ROWS_REVIEWED; SOURCE_SCOPE_AND_LIMITS_RECORDED; SECOND_REVIEW_ADJUDICATED	REQUIRES_REVISION_SCOPED	GIR-FD82-B008;GIR-FD82-B001;GIR-FD82-003;GIR-FD82-B005;GIR-FD82-B006	149
WP41	F11-05	B	B-02	REVIEW_COMPLETE	specs/combat/wp41-switching-positioning-and-escape.md	deliverables/final-specification-set/combat-requirements/wp41-switching-positioning-and-escape.md	deliverables/final-specification-set/test-catalog/combat-requirements-wp39-40-41-42-45.md	FULL_ORIGINAL_AND_FINAL; RELEVANT_STATIC_TEST_ROWS_REVIEWED; SOURCE_SCOPE_AND_LIMITS_RECORDED; SECOND_REVIEW_ADJUDICATED	REQUIRES_REVISION_SCOPED	GIR-FD82-B005;GIR-FD82-B012;GIR-FD82-B014;GIR-FD82-D018	150
WP42	F11-06;F11-07	B	B-02	REVIEW_COMPLETE	specs/combat/wp42-growth-end-of-round-and-battle-outcomes.md	deliverables/final-specification-set/combat-requirements/wp42-growth-end-of-round-and-battle-outcomes.md	deliverables/final-specification-set/test-catalog/combat-requirements-wp39-40-41-42-45.md	FULL_ORIGINAL_AND_FINAL; RELEVANT_STATIC_TEST_ROWS_REVIEWED; SOURCE_SCOPE_AND_LIMITS_RECORDED; SECOND_REVIEW_ADJUDICATED	REQUIRES_REVISION_SCOPED	GIR-FD82-A047;GIR-FD82-A049;GIR-FD82-B011;GIR-FD82-B013;GIR-FD82-B015;GIR-FD82-B025;GIR-FD82-D018	151
WP43	F12-01	B	B-02	REVIEW_COMPLETE	specs/pokemon-rules/wp43-types-accuracy-and-damage.md	deliverables/final-specification-set/pokemon-rules/wp43-types-accuracy-and-damage.md	deliverables/final-specification-set/test-catalog/pokemon-rules-wp43-44-46-48-50.md	FULL_ORIGINAL_AND_FINAL; RELEVANT_STATIC_TEST_ROWS_REVIEWED; SOURCE_SCOPE_AND_LIMITS_RECORDED; SECOND_REVIEW_ADJUDICATED	REQUIRES_REVISION_SCOPED	GIR-FD82-B010	152
WP44	F12-02	B	B-03	REVIEW_COMPLETE	specs/pokemon-rules/wp44-effect-coverage.md;specs/pokemon-rules/wp44-statuses-stat-stages-and-immunities.md	deliverables/final-specification-set/pokemon-rules/wp44-effect-coverage.md;deliverables/final-specification-set/pokemon-rules/wp44-statuses-stat-stages-and-immunities.md	deliverables/final-specification-set/test-catalog/pokemon-rules-wp43-44-46-48-50.md	FULL_ORIGINAL_AND_FINAL; RELEVANT_STATIC_TEST_ROWS_REVIEWED; SOURCE_SCOPE_AND_LIMITS_RECORDED; SECOND_REVIEW_ADJUDICATED	REQUIRES_REVISION_SCOPED	GIR-FD82-B016;GIR-FD82-B017;GIR-FD82-B018	153
WP45	F12-03	B	B-03	REVIEW_COMPLETE	specs/combat/wp45-weather-terrain-side-and-position-effects.md	deliverables/final-specification-set/combat-requirements/wp45-weather-terrain-side-and-position-effects.md	deliverables/final-specification-set/test-catalog/combat-requirements-wp39-40-41-42-45.md	FULL_ORIGINAL_AND_FINAL; RELEVANT_STATIC_TEST_ROWS_REVIEWED; SOURCE_SCOPE_AND_LIMITS_RECORDED; SECOND_REVIEW_ADJUDICATED	REQUIRES_REVISION_SCOPED	GIR-FD82-B015;GIR-FD82-C011	154
WP46	F12-04	B	B-03	REVIEW_COMPLETE	specs/pokemon-rules/wp46-damage-healing-coverage.md;specs/pokemon-rules/wp46-damage-multihit-and-healing.md	deliverables/final-specification-set/pokemon-rules/wp46-damage-healing-coverage.md;deliverables/final-specification-set/pokemon-rules/wp46-damage-multihit-and-healing.md	deliverables/final-specification-set/test-catalog/pokemon-rules-wp43-44-46-48-50.md	FULL_ORIGINAL_AND_FINAL; RELEVANT_STATIC_TEST_ROWS_REVIEWED; SOURCE_SCOPE_AND_LIMITS_RECORDED; SECOND_REVIEW_ADJUDICATED	REQUIRES_REVISION_SCOPED	GIR-FD82-003;GIR-FD82-B010;GIR-FD82-B015;GIR-FD82-B017;GIR-FD82-B018	155
WP47-A	F12-05	B	B-04	REVIEW_COMPLETE	specs/combat/wp47-a-attributes-targeting-calling-data.md;specs/combat/wp47-a-move-attributes-targeting-and-calling.md	deliverables/final-specification-set/combat-requirements/wp47-a-attributes-targeting-calling-data.md;deliverables/final-specification-set/combat-requirements/wp47-a-move-attributes-targeting-and-calling.md	deliverables/final-specification-set/test-catalog/combat-requirements-wp47-ab.md	FULL_ORIGINAL_AND_FINAL; RELEVANT_STATIC_TEST_ROWS_REVIEWED; SOURCE_SCOPE_AND_LIMITS_RECORDED; SECOND_REVIEW_ADJUDICATED	REQUIRES_REVISION_SCOPED	GIR-FD82-B019	156
WP47-B	F08-05;F12-05	B	B-04	REVIEW_COMPLETE	specs/combat/wp47-b-control-items-coverage-data.md;specs/combat/wp47-b-switching-control-and-item-changes.md	deliverables/final-specification-set/combat-requirements/wp47-b-control-items-coverage-data.md;deliverables/final-specification-set/combat-requirements/wp47-b-switching-control-and-item-changes.md	deliverables/final-specification-set/test-catalog/combat-requirements-wp47-ab.md	FULL_ORIGINAL_AND_FINAL; RELEVANT_STATIC_TEST_ROWS_REVIEWED; SOURCE_SCOPE_AND_LIMITS_RECORDED; SECOND_REVIEW_ADJUDICATED	REQUIRES_REVISION_SCOPED	GIR-FD82-B003;GIR-FD82-B014;GIR-FD82-B019	157
WP48	F12-06	B	B-04	REVIEW_COMPLETE	specs/pokemon-rules/wp48-ability-calculation-modifiers.md	deliverables/final-specification-set/pokemon-rules/wp48-ability-calculation-modifiers.md	deliverables/final-specification-set/test-catalog/pokemon-rules-wp43-44-46-48-50.md	FULL_ORIGINAL_AND_FINAL; RELEVANT_STATIC_TEST_ROWS_REVIEWED; SOURCE_SCOPE_AND_LIMITS_RECORDED; SECOND_REVIEW_ADJUDICATED	REQUIRES_REVISION_SCOPED	GIR-FD82-B007;GIR-FD82-B018	158
WP49	F12-06	B	B-05	REVIEW_COMPLETE	specs/combat/wp49-ability-phase-triggers.md	deliverables/final-specification-set/combat-requirements/wp49-ability-phase-triggers.md	deliverables/final-specification-set/test-catalog/combat-requirements-wp49-51-52.md	FULL_ORIGINAL_AND_FINAL; RELEVANT_STATIC_TEST_ROWS_REVIEWED; SOURCE_SCOPE_AND_LIMITS_RECORDED; SECOND_REVIEW_ADJUDICATED	PASS_SCOPED	-	159
WP50	F08-05	B	B-05	REVIEW_COMPLETE	specs/pokemon-rules/wp50-held-item-effect-coverage.md;specs/pokemon-rules/wp50-held-item-triggers-and-consumption.md	deliverables/final-specification-set/pokemon-rules/wp50-held-item-effect-coverage.md;deliverables/final-specification-set/pokemon-rules/wp50-held-item-triggers-and-consumption.md	deliverables/final-specification-set/test-catalog/pokemon-rules-wp43-44-46-48-50.md	FULL_ORIGINAL_AND_FINAL; RELEVANT_STATIC_TEST_ROWS_REVIEWED; SOURCE_SCOPE_AND_LIMITS_RECORDED; SECOND_REVIEW_ADJUDICATED	REQUIRES_REVISION_SCOPED	GIR-FD82-A046;GIR-FD82-B007;GIR-FD82-B018	160
WP51	F12-07	B	B-05	REVIEW_COMPLETE	specs/combat/wp51-ai-action-selection-and-skill.md;specs/combat/wp51-ai-decision-defaults.md	deliverables/final-specification-set/combat-requirements/wp51-ai-action-selection-and-skill.md;deliverables/final-specification-set/combat-requirements/wp51-ai-decision-defaults.md	deliverables/final-specification-set/test-catalog/combat-requirements-wp49-51-52.md	FULL_ORIGINAL_AND_FINAL; RELEVANT_STATIC_TEST_ROWS_REVIEWED; SOURCE_SCOPE_AND_LIMITS_RECORDED; SECOND_REVIEW_ADJUDICATED	REQUIRES_REVISION_SCOPED	GIR-FD82-A046;GIR-FD82-B020;GIR-FD82-B021	161
WP52-A	F12-08	B	B-06	REVIEW_COMPLETE	specs/combat/wp52-a-evaluation-coverage-and-data.md;specs/combat/wp52-a-generic-numerical-and-status-evaluation.md	deliverables/final-specification-set/combat-requirements/wp52-a-evaluation-coverage-and-data.md;deliverables/final-specification-set/combat-requirements/wp52-a-generic-numerical-and-status-evaluation.md	deliverables/final-specification-set/test-catalog/combat-requirements-wp49-51-52.md	FULL_ORIGINAL_AND_FINAL; RELEVANT_STATIC_TEST_ROWS_REVIEWED; SOURCE_SCOPE_AND_LIMITS_RECORDED; SECOND_REVIEW_ADJUDICATED	REQUIRES_REVISION_SCOPED	GIR-FD82-003;GIR-FD82-B021	162
WP52-B	F12-08	B	B-06	REVIEW_COMPLETE	specs/combat/wp52-b-effect-coverage.md;specs/combat/wp52-b-field-damage-healing-and-target-evaluation.md	deliverables/final-specification-set/combat-requirements/wp52-b-effect-coverage.md;deliverables/final-specification-set/combat-requirements/wp52-b-field-damage-healing-and-target-evaluation.md	deliverables/final-specification-set/test-catalog/combat-requirements-wp49-51-52.md	FULL_ORIGINAL_AND_FINAL; RELEVANT_STATIC_TEST_ROWS_REVIEWED; SOURCE_SCOPE_AND_LIMITS_RECORDED; SECOND_REVIEW_ADJUDICATED	REQUIRES_REVISION_SCOPED	GIR-FD82-003;GIR-FD82-B017;GIR-FD82-B021;GIR-FD82-B022;GIR-FD82-B023	163
WP52-C	F12-08	B	B-06	REVIEW_COMPLETE	specs/combat/wp52-c-item-control-coverage-and-data.md;specs/combat/wp52-c-items-calling-and-control-evaluation.md	deliverables/final-specification-set/combat-requirements/wp52-c-item-control-coverage-and-data.md;deliverables/final-specification-set/combat-requirements/wp52-c-items-calling-and-control-evaluation.md	deliverables/final-specification-set/test-catalog/combat-requirements-wp49-51-52.md	FULL_ORIGINAL_AND_FINAL; RELEVANT_STATIC_TEST_ROWS_REVIEWED; SOURCE_SCOPE_AND_LIMITS_RECORDED; SECOND_REVIEW_ADJUDICATED	REQUIRES_REVISION_SCOPED	GIR-FD82-003;GIR-FD82-B021;GIR-FD82-B022;GIR-FD82-B024	164
WP53	F13-01;F13-02	B	B-07	REVIEW_COMPLETE	specs/pokemon-rules/wp53-safari-and-bug-catching-contest.md	deliverables/final-specification-set/pokemon-rules/wp53-safari-and-bug-catching-contest.md	deliverables/final-specification-set/test-catalog/pokemon-rules-wp53-60-61-62-69-70.md	FULL_ORIGINAL_AND_FINAL; RELEVANT_STATIC_TEST_ROWS_REVIEWED; SOURCE_SCOPE_AND_LIMITS_RECORDED; SECOND_REVIEW_ADJUDICATED	REQUIRES_REVISION_SCOPED	GIR-FD82-B026	170
WP54	F13-03	B	B-07	REVIEW_COMPLETE	specs/combat/wp54-entry-eligibility-level-adjustment-and-clauses.md;specs/combat/wp54-entry-rules-and-cup-data.md	deliverables/final-specification-set/combat-requirements/wp54-entry-eligibility-level-adjustment-and-clauses.md;deliverables/final-specification-set/combat-requirements/wp54-entry-rules-and-cup-data.md	deliverables/final-specification-set/test-catalog/combat-requirements-wp54-55-56-58.md	FULL_ORIGINAL_AND_FINAL; RELEVANT_STATIC_TEST_ROWS_REVIEWED; SOURCE_SCOPE_AND_LIMITS_RECORDED; SECOND_REVIEW_ADJUDICATED	REQUIRES_REVISION_SCOPED	GIR-FD82-B003;GIR-FD82-003;GIR-FD82-B010;GIR-FD82-B025;GIR-FD82-B027	171
WP55	F13-04	B	B-07	REVIEW_COMPLETE	specs/combat/wp55-facility-session-and-restoration.md	deliverables/final-specification-set/combat-requirements/wp55-facility-session-and-restoration.md	deliverables/final-specification-set/test-catalog/combat-requirements-wp54-55-56-58.md	FULL_ORIGINAL_AND_FINAL; RELEVANT_STATIC_TEST_ROWS_REVIEWED; SOURCE_SCOPE_AND_LIMITS_RECORDED; SECOND_REVIEW_ADJUDICATED	REQUIRES_REVISION_SCOPED	GIR-FD82-B027	172
WP56	F13-04	B	B-08	REVIEW_COMPLETE	specs/combat/wp56-palace-and-arena-variants.md	deliverables/final-specification-set/combat-requirements/wp56-palace-and-arena-variants.md	deliverables/final-specification-set/test-catalog/combat-requirements-wp54-55-56-58.md	FULL_ORIGINAL_AND_FINAL; RELEVANT_STATIC_TEST_ROWS_REVIEWED; SOURCE_SCOPE_AND_LIMITS_RECORDED; SECOND_REVIEW_ADJUDICATED	REQUIRES_REVISION_SCOPED	GIR-FD82-003;GIR-FD82-B028	173
WP57	F13-05	B	B-08	REVIEW_COMPLETE	specs/creature-rpg/wp57-factory-rentals-and-swaps.md	deliverables/final-specification-set/creature-rpg/wp57-factory-rentals-and-swaps.md	deliverables/final-specification-set/test-catalog/creature-rpg-wp35-36-57-64-68.md	FULL_ORIGINAL_AND_FINAL; RELEVANT_STATIC_TEST_ROWS_REVIEWED; SOURCE_SCOPE_AND_LIMITS_RECORDED; SECOND_REVIEW_ADJUDICATED	PASS_SCOPED	-	174
WP58	F13-06	B	B-08	REVIEW_COMPLETE	specs/combat/wp58-battle-recording-and-playback.md	deliverables/final-specification-set/combat-requirements/wp58-battle-recording-and-playback.md	deliverables/final-specification-set/test-catalog/combat-requirements-wp54-55-56-58.md	FULL_ORIGINAL_AND_FINAL; RELEVANT_STATIC_TEST_ROWS_REVIEWED; SOURCE_SCOPE_AND_LIMITS_RECORDED; SECOND_REVIEW_ADJUDICATED	REQUIRES_REVISION_SCOPED	GIR-FD82-003;GIR-FD82-B018;GIR-FD82-B028;GIR-FD82-B029	175
WP59	F14-01;F14-02	C	C-05	REVIEW_COMPLETE	specs/overworld/wp59-world-time-weather-field-moves.md	deliverables/final-specification-set/engine-overworld/wp59-world-time-weather-field-moves.md	deliverables/final-specification-set/test-catalog/engine-overworld-wp11-15-59-60.md	FULL_ORIGINAL_AND_FINAL; RELEVANT_STATIC_TEST_ROWS_REVIEWED; SOURCE_SCOPE_AND_LIMITS_RECORDED; SECOND_REVIEW_ADJUDICATED	REQUIRES_REVISION_SCOPED	WP80-INTAKE-R01;GIR-FD82-002;GIR-FD82-003;GIR-FD82-C003;GIR-FD82-C007;GIR-FD82-C086;GIR-FD82-C087;GIR-FD82-C088;GIR-FD82-C089;GIR-FD82-C091;GIR-FD82-C092;GIR-FD82-C093;GIR-FD82-C094;GIR-FD82-C095;GIR-FD82-C097	176
WP60	F14-03;F14-04	C	C-06	REVIEW_COMPLETE	specs/overworld/wp60-fishing.md;specs/pokemon-rules/wp60-berry-plants.md	deliverables/final-specification-set/engine-overworld/wp60-fishing.md;deliverables/final-specification-set/pokemon-rules/wp60-berry-plants.md	deliverables/final-specification-set/test-catalog/engine-overworld-wp11-15-59-60.md;deliverables/final-specification-set/test-catalog/pokemon-rules-wp53-60-61-62-69-70.md	FULL_ORIGINAL_AND_FINAL; RELEVANT_STATIC_TEST_ROWS_REVIEWED; SOURCE_SCOPE_AND_LIMITS_RECORDED; SECOND_REVIEW_ADJUDICATED	REQUIRES_REVISION_SCOPED	GIR-FD82-003;GIR-FD82-C003;GIR-FD82-C007;GIR-FD82-C098;GIR-FD82-C099;GIR-FD82-C100;GIR-FD82-C101;GIR-FD82-C102	177
WP61	F14-05	C	C-06	REVIEW_COMPLETE	specs/pokemon-rules/wp61-field-passive-effects-and-blackout.md	deliverables/final-specification-set/pokemon-rules/wp61-field-passive-effects-and-blackout.md	deliverables/final-specification-set/test-catalog/pokemon-rules-wp53-60-61-62-69-70.md	FULL_ORIGINAL_AND_FINAL; RELEVANT_STATIC_TEST_ROWS_REVIEWED; SOURCE_SCOPE_AND_LIMITS_RECORDED; SECOND_REVIEW_ADJUDICATED	REQUIRES_REVISION_SCOPED	GIR-FD82-003;GIR-FD82-C003;GIR-FD82-C103;GIR-FD82-C104;GIR-FD82-C105;GIR-FD82-C106	178
WP62	F15-01	A	A-08	REVIEW_COMPLETE	specs/pokemon-rules/wp62-pokedex-records-regions-and-content.md	deliverables/final-specification-set/pokemon-rules/wp62-pokedex-records-regions-and-content.md	deliverables/final-specification-set/test-catalog/pokemon-rules-wp53-60-61-62-69-70.md	FULL_ORIGINAL_AND_FINAL; RELEVANT_STATIC_TEST_ROWS_REVIEWED; SOURCE_SCOPE_AND_LIMITS_RECORDED; SECOND_REVIEW_ADJUDICATED	REQUIRES_REVISION_SCOPED	GIR-FD82-A054;GIR-FD82-A055;GIR-FD82-A056;GIR-FD82-C122	184
WP63	F15-02;F15-03	C	C-06	REVIEW_COMPLETE	specs/ui/wp63-pokegear-map-music-and-phone.md	deliverables/final-specification-set/user-interface/wp63-pokegear-map-music-and-phone.md	deliverables/final-specification-set/test-catalog/user-interface-wp17-63-65-66-67-68-69-70-71.md	FULL_ORIGINAL_AND_FINAL; RELEVANT_STATIC_TEST_ROWS_REVIEWED; SOURCE_SCOPE_AND_LIMITS_RECORDED; SECOND_REVIEW_ADJUDICATED	REQUIRES_REVISION_SCOPED	GIR-FD82-003;GIR-FD82-C003;GIR-FD82-C007;GIR-FD82-C020;GIR-FD82-C028;GIR-FD82-C107;GIR-FD82-C108;GIR-FD82-C109;GIR-FD82-C110;GIR-FD82-C111;GIR-FD82-C112;GIR-FD82-C113	185
WP64	F15-04;F15-05	A	A-08	REVIEW_COMPLETE	specs/creature-rpg/wp64-mail-and-mystery-gift.md	deliverables/final-specification-set/creature-rpg/wp64-mail-and-mystery-gift.md	deliverables/final-specification-set/test-catalog/creature-rpg-wp35-36-57-64-68.md	FULL_ORIGINAL_AND_FINAL; RELEVANT_STATIC_TEST_ROWS_REVIEWED; SOURCE_SCOPE_AND_LIMITS_RECORDED; SECOND_REVIEW_ADJUDICATED	REQUIRES_REVISION_SCOPED	GIR-FD82-A057	186
WP65	F16-01;F16-02	C	C-06	REVIEW_COMPLETE	specs/ui/wp65-controls-help-appendix.md;specs/ui/wp65-title-load-options-pause-and-pc.md;specs/ui/wp65-trainer-card-appendix.md	deliverables/final-specification-set/user-interface/wp65-controls-help-appendix.md;deliverables/final-specification-set/user-interface/wp65-title-load-options-pause-and-pc.md;deliverables/final-specification-set/user-interface/wp65-trainer-card-appendix.md	deliverables/final-specification-set/test-catalog/user-interface-wp17-63-65-66-67-68-69-70-71.md	FULL_ORIGINAL_AND_FINAL; RELEVANT_STATIC_TEST_ROWS_REVIEWED; SOURCE_SCOPE_AND_LIMITS_RECORDED; SECOND_REVIEW_ADJUDICATED	REQUIRES_REVISION_SCOPED	GIR-FD82-A015;GIR-FD82-A058;GIR-FD82-003;GIR-FD82-C058;GIR-FD82-C114;GIR-FD82-C115	187
WP66-A	F16-03	C	C-07	REVIEW_COMPLETE	specs/ui/wp66-a-party-and-summary-ui.md	deliverables/final-specification-set/user-interface/wp66-a-party-and-summary-ui.md	deliverables/final-specification-set/test-catalog/user-interface-wp17-63-65-66-67-68-69-70-71.md	FULL_ORIGINAL_AND_FINAL; RELEVANT_STATIC_TEST_ROWS_REVIEWED; SOURCE_SCOPE_AND_LIMITS_RECORDED; SECOND_REVIEW_ADJUDICATED	REQUIRES_REVISION_SCOPED	GIR-FD82-A044;GIR-FD82-A048;GIR-FD82-003;GIR-FD82-C003;GIR-FD82-C118;GIR-FD82-C124;GIR-FD82-C125;GIR-FD82-C126;GIR-FD82-006	188
WP66-B	F16-03	C	C-07	REVIEW_COMPLETE	specs/ui/wp66-b-storage-and-pokedex-ui.md	deliverables/final-specification-set/user-interface/wp66-b-storage-and-pokedex-ui.md	deliverables/final-specification-set/test-catalog/user-interface-wp17-63-65-66-67-68-69-70-71.md	FULL_ORIGINAL_AND_FINAL; RELEVANT_STATIC_TEST_ROWS_REVIEWED; SOURCE_SCOPE_AND_LIMITS_RECORDED; SECOND_REVIEW_ADJUDICATED	REQUIRES_REVISION_SCOPED	GIR-FD82-A055;GIR-FD82-A056;GIR-FD82-C118;GIR-FD82-C120;GIR-FD82-C121;GIR-FD82-C122;GIR-FD82-C123;GIR-FD82-004	189
WP66-C	F16-04	C	C-07	REVIEW_COMPLETE	specs/ui/wp66-c-bag-item-storage-and-shop-ui.md	deliverables/final-specification-set/user-interface/wp66-c-bag-item-storage-and-shop-ui.md	deliverables/final-specification-set/test-catalog/user-interface-wp17-63-65-66-67-68-69-70-71.md	FULL_ORIGINAL_AND_FINAL; RELEVANT_STATIC_TEST_ROWS_REVIEWED; SOURCE_SCOPE_AND_LIMITS_RECORDED; SECOND_REVIEW_ADJUDICATED	REQUIRES_REVISION_SCOPED	GIR-FD82-B035;GIR-FD82-C117;GIR-FD82-C118;GIR-FD82-D023;GIR-FD82-006	190
WP67-A	F16-05	B	B-09	REVIEW_COMPLETE	specs/ui/wp67-a-battle-interaction-and-presentation.md	deliverables/final-specification-set/user-interface/wp67-a-battle-interaction-and-presentation.md	deliverables/final-specification-set/test-catalog/user-interface-wp17-63-65-66-67-68-69-70-71.md	FULL_ORIGINAL_AND_FINAL; RELEVANT_STATIC_TEST_ROWS_REVIEWED; SOURCE_SCOPE_AND_LIMITS_RECORDED; SECOND_REVIEW_ADJUDICATED	REQUIRES_REVISION_SCOPED	GIR-FD82-A059;GIR-FD82-003;GIR-FD82-B028;GIR-FD82-B031;GIR-FD82-B032;GIR-FD82-B033;GIR-FD82-B034;GIR-FD82-D018;GIR-FD82-005	191
WP67-B	F16-06	C	C-07	REVIEW_COMPLETE	specs/ui/wp67-b-lifecycle-presentations-and-history.md	deliverables/final-specification-set/user-interface/wp67-b-lifecycle-presentations-and-history.md	deliverables/final-specification-set/test-catalog/user-interface-wp17-63-65-66-67-68-69-70-71.md	FULL_ORIGINAL_AND_FINAL; RELEVANT_STATIC_TEST_ROWS_REVIEWED; SOURCE_SCOPE_AND_LIMITS_RECORDED; SECOND_REVIEW_ADJUDICATED	REQUIRES_REVISION_SCOPED	GIR-FD82-A050;GIR-FD82-003;GIR-FD82-C003;GIR-FD82-C119	192
WP68	F17-01;F17-02	C	C-08	REVIEW_COMPLETE	specs/creature-rpg/wp68-triple-triad.md;specs/ui/wp68-duel.md	deliverables/final-specification-set/creature-rpg/wp68-triple-triad.md;deliverables/final-specification-set/user-interface/wp68-duel.md	deliverables/final-specification-set/test-catalog/creature-rpg-wp35-36-57-64-68.md;deliverables/final-specification-set/test-catalog/user-interface-wp17-63-65-66-67-68-69-70-71.md	FULL_ORIGINAL_AND_FINAL; RELEVANT_STATIC_TEST_ROWS_REVIEWED; SOURCE_SCOPE_AND_LIMITS_RECORDED; SECOND_REVIEW_ADJUDICATED	REQUIRES_REVISION_SCOPED	WP80-INTAKE-R02;GIR-FD82-001;GIR-FD82-C127;GIR-FD82-C128	193
WP69	F17-03;F17-04	C	C-08	REVIEW_COMPLETE	specs/pokemon-rules/wp69-voltorb-flip.md;specs/pokemon-rules/wp69-voltorb-layouts.md;specs/ui/wp69-slot-machine.md;specs/ui/wp69-slot-reels.md	deliverables/final-specification-set/pokemon-rules/wp69-voltorb-flip.md;deliverables/final-specification-set/pokemon-rules/wp69-voltorb-layouts.md;deliverables/final-specification-set/user-interface/wp69-slot-machine.md;deliverables/final-specification-set/user-interface/wp69-slot-reels.md	deliverables/final-specification-set/test-catalog/pokemon-rules-wp53-60-61-62-69-70.md;deliverables/final-specification-set/test-catalog/user-interface-wp17-63-65-66-67-68-69-70-71.md	FULL_ORIGINAL_AND_FINAL; RELEVANT_STATIC_TEST_ROWS_REVIEWED; SOURCE_SCOPE_AND_LIMITS_RECORDED; SECOND_REVIEW_ADJUDICATED	REQUIRES_REVISION_SCOPED	WP80-INTAKE-R02;GIR-FD82-001	194
WP70	F17-05;F17-06	C	C-08	REVIEW_COMPLETE	specs/pokemon-rules/wp70-lottery.md;specs/ui/wp70-mining-data.md;specs/ui/wp70-mining.md	deliverables/final-specification-set/pokemon-rules/wp70-lottery.md;deliverables/final-specification-set/user-interface/wp70-mining-data.md;deliverables/final-specification-set/user-interface/wp70-mining.md	deliverables/final-specification-set/test-catalog/pokemon-rules-wp53-60-61-62-69-70.md;deliverables/final-specification-set/test-catalog/user-interface-wp17-63-65-66-67-68-69-70-71.md	FULL_ORIGINAL_AND_FINAL; RELEVANT_STATIC_TEST_ROWS_REVIEWED; SOURCE_SCOPE_AND_LIMITS_RECORDED; SECOND_REVIEW_ADJUDICATED	REQUIRES_REVISION_SCOPED	WP80-INTAKE-R02;GIR-FD82-001	195
WP71	F17-07	C	C-08	REVIEW_COMPLETE	specs/ui/wp71-tile-puzzles.md	deliverables/final-specification-set/user-interface/wp71-tile-puzzles.md	deliverables/final-specification-set/test-catalog/user-interface-wp17-63-65-66-67-68-69-70-71.md	FULL_ORIGINAL_AND_FINAL; RELEVANT_STATIC_TEST_ROWS_REVIEWED; SOURCE_SCOPE_AND_LIMITS_RECORDED; SECOND_REVIEW_ADJUDICATED	REQUIRES_REVISION_SCOPED	GIR-FD82-001;GIR-FD82-C003;GIR-FD82-C129;GIR-FD82-C130;GIR-FD82-C131	196
WP72	F18-01	C	C-01	REVIEW_COMPLETE	specs/demo/wp72-debug-contexts-and-controls.md	deliverables/final-specification-set/demo-dx/wp72-debug-contexts-and-controls.md	deliverables/final-specification-set/test-catalog/demo-dx-wp72-73-74-75-76-77.md	FULL_ORIGINAL_AND_FINAL; RELEVANT_STATIC_TEST_ROWS_REVIEWED; SOURCE_SCOPE_AND_LIMITS_RECORDED; SECOND_REVIEW_ADJUDICATED	REQUIRES_REVISION_SCOPED	WP80-INTAKE-R01;GIR-FD82-003;GIR-FD82-C002;GIR-FD82-C003;GIR-FD82-C005;GIR-FD82-C007;GIR-FD82-C008;GIR-FD82-C009;GIR-FD82-C010;GIR-FD82-C011;GIR-FD82-C012;GIR-FD82-C013;GIR-FD82-C014;GIR-FD82-C015;GIR-FD82-D025	202
WP73-A	F18-02	C	C-01	REVIEW_COMPLETE	specs/demo/wp73-a-content-editors.md	deliverables/final-specification-set/demo-dx/wp73-a-content-editors.md	deliverables/final-specification-set/test-catalog/demo-dx-wp72-73-74-75-76-77.md	FULL_ORIGINAL_AND_FINAL; RELEVANT_STATIC_TEST_ROWS_REVIEWED; SOURCE_SCOPE_AND_LIMITS_RECORDED; SECOND_REVIEW_ADJUDICATED	REQUIRES_REVISION_SCOPED	GIR-FD82-003;GIR-FD82-C003;GIR-FD82-C005;GIR-FD82-C017;GIR-FD82-C018;GIR-FD82-C019;GIR-FD82-C020;GIR-FD82-C021;GIR-FD82-C022;GIR-FD82-C023	203
WP73-B	F18-02	C	C-01	REVIEW_COMPLETE	specs/demo/wp73-b-world-editors.md	deliverables/final-specification-set/demo-dx/wp73-b-world-editors.md	deliverables/final-specification-set/test-catalog/demo-dx-wp72-73-74-75-76-77.md	FULL_ORIGINAL_AND_FINAL; RELEVANT_STATIC_TEST_ROWS_REVIEWED; SOURCE_SCOPE_AND_LIMITS_RECORDED; SECOND_REVIEW_ADJUDICATED	REQUIRES_REVISION_SCOPED	GIR-FD82-003;GIR-FD82-C004;GIR-FD82-C005;GIR-FD82-C016;GIR-FD82-C019;GIR-FD82-C021	204
WP74	F18-03	C	C-02	REVIEW_COMPLETE	specs/demo/wp74-battle-animation-authoring-and-exchange.md	deliverables/final-specification-set/demo-dx/wp74-battle-animation-authoring-and-exchange.md	deliverables/final-specification-set/test-catalog/demo-dx-wp72-73-74-75-76-77.md	FULL_ORIGINAL_AND_FINAL; RELEVANT_STATIC_TEST_ROWS_REVIEWED; SOURCE_SCOPE_AND_LIMITS_RECORDED; SECOND_REVIEW_ADJUDICATED	REQUIRES_REVISION_SCOPED	WP80-INTAKE-R01;GIR-FD82-003;GIR-FD82-C003;GIR-FD82-C020;GIR-FD82-C025;GIR-FD82-C026;GIR-FD82-C031;GIR-FD82-C032;GIR-FD82-C033;GIR-FD82-D024	205
WP75	F18-04	C	C-02	REVIEW_COMPLETE	specs/demo/wp75-project-conversion-and-authoring-tools.md	deliverables/final-specification-set/demo-dx/wp75-project-conversion-and-authoring-tools.md	deliverables/final-specification-set/test-catalog/demo-dx-wp72-73-74-75-76-77.md	FULL_ORIGINAL_AND_FINAL; RELEVANT_STATIC_TEST_ROWS_REVIEWED; SOURCE_SCOPE_AND_LIMITS_RECORDED; SECOND_REVIEW_ADJUDICATED	REQUIRES_REVISION_SCOPED	WP80-INTAKE-R01;GIR-FD82-C003;GIR-FD82-C007;GIR-FD82-C024;GIR-FD82-C027;GIR-FD82-C030;GIR-FD82-C034;GIR-FD82-C051	206
WP76	F18-05	B	B-09	REVIEW_COMPLETE	specs/demo/wp76-facility-content-generation-and-simulation.md	deliverables/final-specification-set/demo-dx/wp76-facility-content-generation-and-simulation.md	deliverables/final-specification-set/test-catalog/demo-dx-wp72-73-74-75-76-77.md	FULL_ORIGINAL_AND_FINAL; RELEVANT_STATIC_TEST_ROWS_REVIEWED; SOURCE_SCOPE_AND_LIMITS_RECORDED; SECOND_REVIEW_ADJUDICATED	REQUIRES_REVISION_SCOPED	GIR-FD82-A040;GIR-FD82-003;GIR-FD82-B034	207
WP77	F18-06;F18-07	C	C-02	REVIEW_COMPLETE	specs/demo/wp77-demo-evidence-and-capability-coverage.md	deliverables/final-specification-set/demo-dx/wp77-demo-evidence-and-capability-coverage.md	deliverables/final-specification-set/test-catalog/demo-dx-wp72-73-74-75-76-77.md	FULL_ORIGINAL_AND_FINAL; RELEVANT_STATIC_TEST_ROWS_REVIEWED; SOURCE_SCOPE_AND_LIMITS_RECORDED; SECOND_REVIEW_ADJUDICATED	REQUIRES_REVISION_SCOPED	GIR-FD82-C028;GIR-FD82-C029;GIR-FD82-C083	208
WP78	-	ROOT	ROOT-01	IN_PROGRESS	-	-	-	NOT_YET_REVIEWED	PENDING	-	209
WP79	-	ROOT	ROOT-01	IN_PROGRESS	-	-	-	NOT_YET_REVIEWED	PENDING	-	210
WP80	-	ROOT	ROOT-01	IN_PROGRESS	-	-	-	NOT_YET_REVIEWED	PENDING	-	211
