role	path	git_blob	sha256	bytes	binding	independent_scope
formal	deliverables/final-specification-set/creature-rpg/wp18-creature-identity-species-ownership.md	f03d080ec39973be1eeb3f85683be6f56d9e6a7b	c6aa52539257dec601c11a8c5a80274f5ce1dacd420ef8e76b19dc5b24a71f90	28643	1914cd379bcb7c8b6feb13dc3e872b7ded27d9a4	candidate scoped only; actual integration pending
formal	deliverables/final-specification-set/creature-rpg/wp20-hp-status-moves-helditem.md	2e72bd85513ef2dc1726f289f919e2a0e1be91b7	0427e01e632e758a776b0a87a313e32fcb23fc6e1eb09f1a88e95a57c9cb20e0	26427	1914cd379bcb7c8b6feb13dc3e872b7ded27d9a4	candidate scoped only; actual integration pending
formal	deliverables/final-specification-set/pokemon-rules/wp19-attributes-ability-and-stats.md	eb0b8e9939cac2c5c49902c640bd9fa394e7ad51	1fa10a6a6ad03cbf2c99cccc55a4dacae42f4a251f91e13071b874c269ab1137	28311	1914cd379bcb7c8b6feb13dc3e872b7ded27d9a4	candidate scoped only; actual integration pending
formal	deliverables/final-specification-set/pokemon-rules/wp21-dynamic-forms-and-display.md	2bb7cb94ea07111177674afa51e9082d933b4750	5d1f03aee8b83046a86f52ae4c1ed701d905e3559676e3a448998c6e216a7a01	34492	1914cd379bcb7c8b6feb13dc3e872b7ded27d9a4	candidate scoped only; actual integration pending
formal	deliverables/final-specification-set/pokemon-rules/wp22-mega-and-primal-reversion.md	dcbdc8a7134df755e5426d6d725d499469edbe54	33bf91ba9936aeb7f7fd94087df3796f883b2b75f94eb4994b7b13e22305b8e3	17740	1914cd379bcb7c8b6feb13dc3e872b7ded27d9a4	candidate scoped only; actual integration pending
formal	deliverables/final-specification-set/pokemon-rules/wp22-transformation-data.md	900c94476203e66199ed41a4105551d175945a9a	022525f7e3899f60b9523147f68ca8d0d06828d55f8d80dc222490dd7a02e20d	6067	1914cd379bcb7c8b6feb13dc3e872b7ded27d9a4	candidate scoped only; actual integration pending
formal	deliverables/final-specification-set/pokemon-rules/wp23-shadow-data-and-vectors.md	89ae0f0a7214aa2333a765d6af13f8e9e1cfebaf	9a9c8b3af3b88ac44ad83e64aecb4666358402061cacc1bf6729405d4eda16d5	13073	1914cd379bcb7c8b6feb13dc3e872b7ded27d9a4	candidate scoped only; actual integration pending
formal	deliverables/final-specification-set/pokemon-rules/wp23-shadow-hyper-and-purification.md	9b021e4443647bed5dffc5a6d66b5e44f9df6577	f5f794b974f4d5c8ce176eda90f9e11fe4d159000800011de0707ccf74ba8fab	33884	1914cd379bcb7c8b6feb13dc3e872b7ded27d9a4	candidate scoped only; actual integration pending
formal	deliverables/final-specification-set/test-catalog/creature-rpg-wp18-20-24-25-26.md	b84cfaff8a9ba9d9929b126cf8c5b262d843ddee	5d21276d65c43465e24863a9e0519692f971e93e1126388474040b6d4c01b585	25059	1914cd379bcb7c8b6feb13dc3e872b7ded27d9a4	candidate scoped only; actual integration pending
formal	deliverables/final-specification-set/test-catalog/pokemon-rules-wp19-21-22-23-34.md	01d8ed6137f4f39d37f958f082df8542d387af1a	936d1814ee93ff941a9693f91120068625add136daa2e0e96ab79dd770506543	37129	1914cd379bcb7c8b6feb13dc3e872b7ded27d9a4	candidate scoped only; actual integration pending
formal	specs/creature-rpg/wp18-creature-identity-species-ownership.md	ae3c7b897374470c5727442344651ee40ec401e9	458f91b8b292a5e24bbcfde96302c035d911cc22abb75da2f8ef76107d6d67b7	40828	1914cd379bcb7c8b6feb13dc3e872b7ded27d9a4	candidate scoped only; actual integration pending
formal	specs/creature-rpg/wp20-hp-status-moves-helditem.md	85fd3d8d034c33af1062c404c3002e869b7efbbe	2f895be08ae546abbb9f6a4ef465393b57a09a313eebb2674882f1b0f2561c72	39873	1914cd379bcb7c8b6feb13dc3e872b7ded27d9a4	candidate scoped only; actual integration pending
formal	specs/pokemon-rules/wp19-attributes-ability-and-stats.md	e793025302222c8303d644357378195a0992f6c3	1bc41ea2313a34bfb900ba15002752689617a2f974ef3f6178d0eb662824607d	43494	1914cd379bcb7c8b6feb13dc3e872b7ded27d9a4	candidate scoped only; actual integration pending
formal	specs/pokemon-rules/wp21-dynamic-forms-and-display.md	8893c50f835e5cb3020b17c626dae63183119a3c	c9688de92df637f65404a4322a4d45c877c2566966d8c69db6d6677194cc286b	47415	1914cd379bcb7c8b6feb13dc3e872b7ded27d9a4	candidate scoped only; actual integration pending
formal	specs/pokemon-rules/wp23-shadow-hyper-and-purification.md	e60ac7a4a0a9cc5ebc8274fb03167e11b42c1ed1	119cc979f9442f15440a758446b1c7410e1bd4134effbc7e02e12ffb6412ee31	48520	1914cd379bcb7c8b6feb13dc3e872b7ded27d9a4	candidate scoped only; actual integration pending
public	audit/source-traceability.md	dda12cd67da6ff4d5ece26be50fd91a8e980ea20	fbcbcc9588832bb3ab163894a7363e38c2a3c258f90c2c4c8be75335be3937d7	258454	frozen B05-G payload commit	author application; pending actual Ultra
public	deliverables/final-specification-set/README.md	8a9992beca1b74ef947845cc9d2c8ba726fadb36	5241db9813a2ef9cfd042e56720ef4705cfb76071273b5fb9414ef832e20ac30	10264	frozen B05-G payload commit	author application; pending actual Ultra
public	deliverables/final-specification-set/scope-statement.md	5a6b9196978be7a0d2f10845aef5b7606871dafd	4d156496434a4ec6d900b4f64d59d4fa0739c98dca7a81305a902611ecb4ac1d	5637	frozen B05-G payload commit	author application; pending actual Ultra
public	deliverables/final-specification-set/test-catalog/README.md	01aabcaac6d3bd556da3e372d9bbb50bf43f5dfa	71999cb97002162fa9788ed2815f4846a6505139e910c716a8a29c0a51a11210	9566	frozen B05-G payload commit	author application; pending actual Ultra
public	planning/coverage.md	7ad6c3a062b3a65ba8fac81fbc63b92bd53df8d7	245b5c0c2dce0339e50bdbe66e1ee0a1c81461e4c26be90bd40bd7f4b3f30aed	24415	frozen B05-G payload commit	author application; pending actual Ultra
public	planning/feature-matrix.md	f02634ce392c70cfc819d1b4fe1f866879d4c0e9	ba0db3a36a6f52c3fc6ae2fb778c412ef94b11fdc9c84c34b470594d9c770d52	76849	frozen B05-G payload commit	author application; pending actual Ultra
public	review/remediation/20261003-prepare/historical-errata.md	5b79c48b5e1dde2171cc081a2bac5a8f3ac00ba5	afc82876909955845cf7dd2c2d9c60870d911bf5f3be6d703e4a9bd135ddfa02	5175	frozen B05-G payload commit	author application; pending actual Ultra
public	review/remediation/20261003-prepare/final-integration-review.md	2d7a7f30fa3fcf640f22dcb9c6e9f7ecaebf79ec	3b8128a08053c9f5529c0d4acd40366e0aad665438596f1d9a73ded42a1cfe23	22597	frozen B05-G payload commit	author application; pending actual Ultra
public	review/remediation/20261003-prepare/approval-ledger.tsv	a7f22adc4cb7960d66313ba4cca9e16a57f71c36	3dbdf6a1cd661e1a04270af83b7257c606dd76cff8c1b92e8528b6137d643d6c	42994	frozen B05-G payload commit	author application; pending actual Ultra
public	review/remediation/20261003-prepare/traceability-successor.tsv	14066aabaa602fd3f0a0a400f21d6f01feb11964	6a66af7e072bed920cc2b8e379249e332a308b9edaa30526ce0665d6d3d24289	102615	frozen B05-G payload commit	author application; pending actual Ultra
dependency	AGENTS.md	07b3655388c7405ec32aeb12e143db10a5e28c81	41cea9c6aa439dc70eaca2c26ce1f7967a887538c1aef25b9297c07b0437ff40	6328	9576f00e7d3aeb96f7ca8c42caccfba8f808505e	unchanged frozen input; no new scope approval
dependency	deliverables/final-specification-set/creature-rpg/wp28-item-use-and-training.md	048b8ecc193fccaacf0f6f6e8bf1d887f3856076	6aba982f3fff5a053030d0bfff71b3866b9c4f5ac55aa6f21a2df4ed176e2feb	32079	9576f00e7d3aeb96f7ca8c42caccfba8f808505e	unchanged frozen input; no new scope approval
dependency	deliverables/final-specification-set/creature-rpg/wp30-growth-learning-and-friendship.md	72578036b0cc9d1268d3be5250a3737195082df9	24ad1e4513a5e2ac0458895851d32a6969c1cc2ffe8ee38728260ea98257d610	25396	9576f00e7d3aeb96f7ca8c42caccfba8f808505e	unchanged frozen input; no new scope approval
dependency	deliverables/final-specification-set/demo-dx/wp76-facility-content-generation-and-simulation.md	6522ae175032543bf6b9451b003f59ac2eca05a3	471d6318e02fee0414cbd2ff29ec580547d65d8bebcb90d9b25294f271e89c5c	48572	9576f00e7d3aeb96f7ca8c42caccfba8f808505e	unchanged frozen input; no new scope approval
dependency	deliverables/final-specification-set/generic-kernel/wp03-content-identity-and-schema.md	341b45b6a41a3c48aae82fea53bcc0e320b5aaa8	8b3db613832f70dedc5c36a23a0480213ce6e7ffe7a6029949bde717116151e5	23287	9576f00e7d3aeb96f7ca8c42caccfba8f808505e	unchanged frozen input; no new scope approval
dependency	deliverables/final-specification-set/user-interface/wp66-a-party-and-summary-ui.md	ddff983774e687ba737b87fa1d2beedf8abfd573	1aac4b7d39dacb163d044cef19e3f0dcd8c4856a240ed4e795aaa3e463b95e3c	35472	9576f00e7d3aeb96f7ca8c42caccfba8f808505e	unchanged frozen input; no new scope approval
dependency	specs/creature-rpg/wp28-item-use-and-training.md	e4597f2697505d9dcb4e07e013d352eb5a0c3765	a4ccb38365521eeb130b30d9e04a281812cd03ccc76ca5443393f5fbc352d95a	44159	9576f00e7d3aeb96f7ca8c42caccfba8f808505e	unchanged frozen input; no new scope approval
dependency	specs/pokemon-rules/wp22-transformation-data.md	70cecb20558d42d71b498c80464dae39decc623c	310956bf2c308626f3035b86fd256e35e68fdc58d340c3d941e07f8cdc9a03e3	6410	9576f00e7d3aeb96f7ca8c42caccfba8f808505e	unchanged frozen input; no new scope approval
dependency	specs/pokemon-rules/wp23-shadow-data-and-vectors.md	60221fcff07b4a275d551b9e3bda845a425fcf3a	20a561cb27c6b6d164ad3f6814aa0d926ea0ba1389cfc85a7118a097170b7457	13995	9576f00e7d3aeb96f7ca8c42caccfba8f808505e	unchanged frozen input; no new scope approval
dependency	specs/ui/wp66-a-party-and-summary-ui.md	e2818baa4e33c0547fe3b06efb807f2da0f7332c	49f373e278ace6f78fe810a11382d994931f63960e0b09356fd75898d3023210	44563	9576f00e7d3aeb96f7ca8c42caccfba8f808505e	unchanged frozen input; no new scope approval
