id	B07_primary	formal_clause	static_ids	controlling_report	control_sha256	reference_ranges
GIR-FD82-A020	true	WP28 §5.3 → WP19 §3.5完整表N	IU-56;ST完整既有目录	93e10babe0b9c9ef8b3f5277754541b447beeeb4	e8bc3a47ccd94ae8e683fc84d3b07371633b9b48fb6fef16b8158b2e3059afb3	Data/Scripts/010_Data/001_Hardcoded data/009_Nature.rb:30-173;Data/Scripts/014_Pokemon/001_Pokemon.rb:496-503;Data/Scripts/014_Pokemon/001_Pokemon.rb:1099-1117;PBS/pokemon.txt:3-17
GIR-FD82-A024	false	WP30 §6.3 最初记录实际消费者	GR-49;GR-52	93e10babe0b9c9ef8b3f5277754541b447beeeb4	234bb80ec48f83c9a20929b15fe8a9370f0d164e950275544244a5c9afc157fc	Data/Scripts/016_UI/022_UI_MoveRelearner.rb:150-165;Data/Scripts/014_Pokemon/001_Pokemon.rb:717-723;Data/Scripts/001_Settings.rb:147-151;PBS/pokemon.txt:3-18;PBS/moves.txt:7324-7332
GIR-FD82-A026	true	WP28 §5.6 → WP21 §4.2完整表F	IU-57;FM既有目录	93e10babe0b9c9ef8b3f5277754541b447beeeb4	bddf787e17a04c68d2eeefee8cdd3069beb970398b2c5c0b2d878bd62c7cefc9	Data/Scripts/014_Pokemon/001_Pokemon-related/001_FormHandlers.rb:221-265;Data/Scripts/014_Pokemon/001_Pokemon-related/001_FormHandlers.rb:330-383;Data/Scripts/014_Pokemon/001_Pokemon-related/001_FormHandlers.rb:562-587;Data/Scripts/014_Pokemon/001_Pokemon-related/001_FormHandlers.rb:653-729;Data/Scripts/013_Items/001_Item_Utilities.rb:582-628;PBS/moves.txt:8016-8022
GIR-FD82-A039	true	WP28 §5.3 原始数量上限三层	IU-49;IU-14;IU-15	93e10babe0b9c9ef8b3f5277754541b447beeeb4	a1432ac92c4ec067215cf3f0061953d4384334087de5ebde387657ddad441742	Data/Scripts/013_Items/001_Item_Utilities.rb:445-484;Data/Scripts/013_Items/001_Item_Utilities.rb:89-94;Data/Scripts/013_Items/001_Item_Utilities.rb:674-689;Data/Scripts/013_Items/002_Item_Effects.rb:995-1007;PBS/items.txt:5371-5378;Data/Scripts/001_Settings.rb:246-249
GIR-FD82-A040	true	WP28 §6.6 → WP19 §5.3	IU-50;IU-09～17	93e10babe0b9c9ef8b3f5277754541b447beeeb4	722233b8bd085d37d6c70a7af8d220081adada845043fee8603cccb4af575af7	Data/Scripts/014_Pokemon/001_Pokemon.rb:45-52;Data/Scripts/014_Pokemon/001_Pokemon.rb:1085-1095;Data/Scripts/018_Alternate battle modes/001_Battle Frontier/002_Challenge_Data.rb:114-138;Data/Scripts/018_Alternate battle modes/001_Battle Frontier/002_Challenge_Data.rb:201-217;PBS/battle_tower_pokemon.txt:5-5;Data/Scripts/013_Items/001_Item_Utilities.rb:401-422
GIR-FD82-A041	true	WP28 §5.1 上下文拒绝/效果表	IU-51	93e10babe0b9c9ef8b3f5277754541b447beeeb4	93c8f4e1f23202cb62b51e31c6ed56f6eb8ab29cd740a297d38b81371181effa	Data/Scripts/013_Items/003_Item_BattleEffects.rb:119-143;Data/Scripts/013_Items/003_Item_BattleEffects.rb:426-452;Data/Scripts/013_Items/002_Item_Effects.rb:525-557;Data/Scripts/011_Battle/001_Battle/006_Battle_ActionUseItem.rb:5-23;Data/Scripts/011_Battle/001_Battle/006_Battle_ActionUseItem.rb:87-101;Data/Scripts/011_Battle/002_Battler/004_Battler_Statuses.rb:499-501;PBS/items.txt:2983-2991;PBS/items.txt:3054-3062
GIR-FD82-A043	true	WP29 §3.4及原稿售出·正常	SH-08;SH-27	93e10babe0b9c9ef8b3f5277754541b447beeeb4	eef5b441abcb963c20106338ef21d83cf979e9ccf5ae98f862147ce4ab758acc	Data/Scripts/016_UI/020_UI_PokeMart.rb:477-538;Data/Scripts/016_UI/020_UI_PokeMart.rb:678-710;Data/Scripts/015_Trainers and player/004_Player.rb:78-81
GIR-FD82-A044	false	WP28 §5.4、WP30 §6.3	IU-58;GR-49	93e10babe0b9c9ef8b3f5277754541b447beeeb4	2a6b861573bd0acfc91abdb7386741afbe282ab34262bd112697bd2ff64371c8	Data/Scripts/013_Items/002_Item_Effects.rb:75-91;Data/Scripts/019_Utilities/001_Utilities.rb:452-486;Data/Scripts/013_Items/001_Item_Utilities.rb:582-627;Data/Scripts/013_Items/001_Item_Utilities.rb:710-752;Data/Scripts/014_Pokemon/001_Pokemon.rb:646-667;Data/Scripts/014_Pokemon/001_Pokemon.rb:681-698;Data/Scripts/016_UI/005_UI_Party.rb:726-743;Data/Scripts/016_UI/005_UI_Party.rb:1394-1405;Data/Scripts/016_UI/022_UI_MoveRelearner.rb:150-164;Data/Scripts/001_Settings.rb:148-151;PBS/items.txt:4654-4663;PBS/pokemon.txt:2125-2150
GIR-FD82-A045	true	WP28 §5.3/§6.2/§7 → WP31 §6	IU-54;BE13原行	93e10babe0b9c9ef8b3f5277754541b447beeeb4	c219dba4202f1bc16481592f5d684b109c59523c192f427f50e483ff30151c44	Data/Scripts/013_Items/002_Item_Effects.rb:918-947;Data/Scripts/013_Items/001_Item_Utilities.rb:674-689;Data/Scripts/016_UI/001_Non-interactive UI/004_UI_Evolution.rb:84-134;Data/Scripts/014_Pokemon/001_Pokemon.rb:976-981;Data/Scripts/014_Pokemon/001_Pokemon.rb:1035-1044;Data/Scripts/010_Data/001_Hardcoded data/007_Evolution.rb:69-75;Data/Scripts/001_Settings.rb:243-249;PBS/pokemon.txt:237-261;PBS/items.txt:3793-3801
GIR-FD82-A046	true	WP28 §5.1主动HP请求表	IU-52;IU-53	93e10babe0b9c9ef8b3f5277754541b447beeeb4	74790f0b44508f835b3ca4e1249f55456e88cb7340f6e341df1bd43903a13508	Data/Scripts/013_Items/002_Item_Effects.rb:412-453;Data/Scripts/013_Items/002_Item_Effects.rb:589-602;Data/Scripts/013_Items/003_Item_BattleEffects.rb:333-374;Data/Scripts/013_Items/001_Item_Utilities.rb:333-361;PBS/items.txt:5281-5289
GIR-FD82-A047	true	WP30 §4.2	GR-45～48;GR-15修前提;GR-08～18其它原行	93e10babe0b9c9ef8b3f5277754541b447beeeb4	5fda859e0510a4ee71503fff9347d012e0cc9440617b3afe0aad723983d658aa	Data/Scripts/011_Battle/001_Battle/003_Battle_ExpAndMoveLearning.rb:100-163;PBS/pokemon.txt:237-261;Data/Scripts/002_BattleSettings.rb:102-117;Data/Scripts/010_Data/002_PBS data/008_Species.rb:68-75
GIR-FD82-A048	false	WP30 §6.3	GR-50;GR-30～34原ID非空资格	93e10babe0b9c9ef8b3f5277754541b447beeeb4	ed299cb26a0cbb92b1fad6d49d9ec288a1b22b923a80df721dc59405ac148d15	Data/Scripts/016_UI/022_UI_MoveRelearner.rb:19-49;Data/Scripts/016_UI/022_UI_MoveRelearner.rb:52-107;Data/Scripts/016_UI/022_UI_MoveRelearner.rb:150-199;Data/Scripts/010_Data/002_PBS data/005_Move.rb:18-39;Data/Scripts/010_Data/001_GameData.rb:97-104;Data/Scripts/001_Technical/001_Debugging/004_Validation.rb:12-29;PBS/pokemon.txt:237-261;Data/Scripts/016_UI/022_UI_MoveRelearner.rb:19-49;52-108;150-184;Data/Scripts/010_Data/001_GameData.rb:97-105;PBS/pokemon.txt:3402-3426
GIR-FD82-A049	true	WP30 §6.1/§6.3	GR-51;GR-25/26	93e10babe0b9c9ef8b3f5277754541b447beeeb4	ba2fee4c90025cc1cc4514fc61d7954faea06d3af8ccd1dfcc453a96c9ee790d	Data/Scripts/011_Battle/001_Battle/003_Battle_ExpAndMoveLearning.rb:247-270;Data/Scripts/011_Battle/004_Scene/003_Scene_ChooseCommands.rb:441-455;Data/Scripts/013_Items/001_Item_Utilities.rb:630-637;Data/Scripts/016_UI/006_UI_Summary.rb:184-207;Data/Scripts/016_UI/006_UI_Summary.rb:1232-1268;Data/Scripts/016_UI/006_UI_Summary.rb:1355-1365
GIR-FD82-A050	true	WP31 §5.1	BE36;BE37	93e10babe0b9c9ef8b3f5277754541b447beeeb4	c6db4e3794f822ccf0cbb86c9caa308be0bc94d82d1b6ee47b452ff956900662	Data/Scripts/016_UI/001_Non-interactive UI/004_UI_Evolution.rb:22-81;Data/Scripts/016_UI/001_Non-interactive UI/004_UI_Evolution.rb:99-125;Data/Scripts/016_UI/001_Non-interactive UI/004_UI_Evolution.rb:152-177;Data/Scripts/005_Sprites/010_PictureEx.rb:290-322;Data/Scripts/005_Sprites/010_PictureEx.rb:362-459;Data/Scripts/005_Sprites/010_PictureEx.rb:483-508
GIR-FD82-A051	true	WP32 §5、附表§4	CX22原ID;CX39	93e10babe0b9c9ef8b3f5277754541b447beeeb4	1f9a8db389fe240ee61e3783c9d9f5176086e6d9e0ac340d3783e93bc7b8bee0	Data/Scripts/011_Battle/007_Other battle code/005_Battle_CatchAndStoreMixin.rb:15-80;Data/Scripts/011_Battle/007_Other battle code/004_Battle_Peers.rb:5-23;Data/Scripts/015_Trainers and player/001_Trainer.rb:65-83;Data/Scripts/001_Settings.rb:219-220
GIR-FD82-B008	false	WP28 §3.5/§6.5	IU-55	93e10babe0b9c9ef8b3f5277754541b447beeeb4	6ea984313fc79014be6b3fb94a99decc5a7558f2f294425ccdae969bbe1e9ee4	Data/Scripts/011_Battle/001_Battle/009_Battle_CommandPhase.rb:100-137;Data/Scripts/011_Battle/004_Scene/003_Scene_ChooseCommands.rb:208-237;Data/Scripts/011_Battle/004_Scene/003_Scene_ChooseCommands.rb:290-314;Data/Scripts/013_Items/001_Item_Utilities.rb:96-114;Data/Scripts/003_Game processing/005_Event_Handlers.rb:148-160;Data/Scripts/003_Game processing/005_Event_Handlers.rb:192-195;Data/Scripts/011_Battle/001_Battle/006_Battle_ActionUseItem.rb:34-59;Data/Scripts/011_Battle/001_Battle/006_Battle_ActionUseItem.rb:134-148;Data/Scripts/010_Data/002_PBS data/006_Item.rb:25-43;Data/Scripts/010_Data/002_PBS data/006_Item.rb:119-138;Data/Scripts/010_Data/002_PBS data/006_Item.rb:189-197;Data/Scripts/011_Battle/001_Battle/009_Battle_CommandPhase.rb:100-136;Data/Scripts/011_Battle/004_Scene/003_Scene_ChooseCommands.rb:208-230;312-314;Data/Scripts/003_Game processing/005_Event_Handlers.rb:154-160;192-195;294-295;Data/Scripts/011_Battle/001_Battle/006_Battle_ActionUseItem.rb:34-59;133-147;Data/Scripts/010_Data/002_PBS data/006_Item.rb:37-38;129-133;196-197
GIR-FD82-B013	false	WP32 §5持物依赖（§4/T2→当前持物读取）	CX40～42	93e10babe0b9c9ef8b3f5277754541b447beeeb4	85a8c8e63e296230c3db9468bc77e26c4cbb1237514de9fd9d33f28d40a10ed9	Data/Scripts/012_Overworld/002_Battle triggering/001_Overworld_BattleStarting.rb:182-201;388-394;Data/Scripts/011_Battle/001_Battle/001_Battle.rb:119-159;303-305;Data/Scripts/011_Battle/007_Other battle code/005_Battle_CatchAndStoreMixin.rb:15-79;Data/Scripts/011_Battle/007_Other battle code/004_Battle_Peers.rb:5-24;Data/Scripts/014_Pokemon/001_Pokemon-related/004_PokemonStorage.rb:38-44;170-175;231-249;Data/Scripts/011_Battle/001_Battle/002_Battle_StartAndEnd.rb:479-511
GIR-FD82-C003	false	WP28 §5.1、WP30 §6.3	IU-59;GR-52;GR-53	93e10babe0b9c9ef8b3f5277754541b447beeeb4	d15815f17cd3774f9f3a71a4344cd7582375e7272a7dba4513eedf336c68d313	Data/Scripts/020_Debug/002_Editor_DataTypes.rb:32-160;Data/Scripts/007_Objects and windows/011_Messages.rb:93-111;166-205;Data/Scripts/020_Debug/002_Editor_DataTypes.rb:924-928;Data/Scripts/020_Debug/001_Editor screens/001_EditorScreens.rb:898-903;Data/Scripts/020_Debug/003_Debug menus/003_Debug_MenuExtraCode.rb:615-640;Data/Scripts/021_Compiler/004_Compiler_MapsAndEvents.rb:523-565;1419-1428;scripts_combine.rb:119-137;Data/Scripts/007_Objects and windows/011_Messages.rb:430-443;477-483;587-587;Data/Scripts/012_Overworld/008_Overworld_RandomDungeons.rb:347-377;Data/Scripts/010_Data/002_PBS data/020_DungeonParameters.rb:71-78;PBS/dungeon_parameters.txt:3-5;Data/Scripts/007_Objects and windows/010_DrawText.rb:385-423;Data/Scripts/005_Sprites/004_Sprite_Reflection.rb:9-12;Data/Scripts/005_Sprites/004_Sprite_Reflection.rb:57-83;Data/Scripts/012_Overworld/003_Overworld_Time.rb:82-109;Data/Scripts/012_Overworld/002_Battle triggering/003_Overworld_WildEncounters.rb:49-97;211-216;284-307;Data/Scripts/014_Pokemon/001_Pokemon.rb:824-827;Data/Scripts/013_Items/001_Item_Utilities.rb:333-338;Data/Scripts/016_UI/022_UI_MoveRelearner.rb:150-164;Data/Scripts/016_UI/005_UI_Party.rb:1525-1530;Data/Scripts/017_Minigames/007_Minigame_TilePuzzles.rb:497-509
GIR-FD82-D023	false	WP29 §4正确表保留、§8显示边界	SH-25原行;SH-28	93e10babe0b9c9ef8b3f5277754541b447beeeb4	a2c7f28ba7c7cb5639e4638ed087653de5eb4f68eed82dacd3f0e89906ed5a0c	Data/Scripts/016_UI/021_UI_BattlePointShop.rb:330-348
