id	primary_in_B03	original_sync_disposition	original_paths	original_clauses	static_vector_ids	effective_qualification_pointer
GIR-FD82-002	false	MINIMAL_APPROVED_SYNC_IN_AUTHOR_V2	specs/overworld/wp11-map-topology-transfer.md,specs/overworld/wp13-interpreter-command-matrix.md	WP11 §5.3 地点进入门与生命周期；IM 231–235/§2.3 命令输入/业务时钟；124 原行并无错误且不在批准具名行表，不作新增原稿扩围	MP24–MP27, IM27–IM35	../author/effective-finding-inputs.json#GIR-FD82-002
GIR-FD82-C003	false	MINIMAL_APPROVED_SYNC_IN_AUTHOR_V2	specs/overworld/wp11-map-topology-transfer.md,specs/overworld/wp12-terrain-movement-vehicles.md,specs/overworld/wp14-random-dungeons.md	§9.2 分离默认/样本与成对输入，静态目录编号沿用；C03 实际有界扩展，不提前闭合其他领域	MV03, DG01, DG23, DG25, MP22–MP23	../author/effective-finding-inputs.json#GIR-FD82-C003
GIR-FD82-C007	false	MINIMAL_APPROVED_SYNC_IN_AUTHOR_V2	specs/overworld/wp13-move-route-matrix.md	MR §1/15/45/§3 精确行首字面、正常求值后处理与长后缀/非匹配对照	MR08, MR10–MR16	../author/effective-finding-inputs.json#GIR-FD82-C007
GIR-FD82-C035	true	ALREADY_CORRECT_PROTECTED	specs/overworld/wp12-terrain-movement-vehicles.md	§5.1 原骑行取消谓词方向已正确，保持原子句；同段仅以 C037 校准传送实际消费者	MV42–MV43	../author/effective-finding-inputs.json#GIR-FD82-C035
GIR-FD82-C036	true	MINIMAL_APPROVED_SYNC_IN_AUTHOR_V2	specs/overworld/wp12-terrain-movement-vehicles.md	§3.2 每次判定坐标/非玩家水冰前反向；同图双端保持、单有效层/其他0/无提前许可反例	MV11, MV13, MV44–MV47	../author/effective-finding-inputs.json#GIR-FD82-C036
GIR-FD82-C037	true	MINIMAL_APPROVED_SYNC_IN_AUTHOR_V2	specs/overworld/wp11-map-topology-transfer.md,specs/overworld/wp12-terrain-movement-vehicles.md,specs/overworld/wp13-interpreter-command-matrix.md	WP11 §4/9.2 同图共有前置；WP12 §4.2/5.1；IM201 排队、主/迷你两个 false 与直接 true 默认分列	MP05, MP20–MP21, MV36	../author/effective-finding-inputs.json#GIR-FD82-C037
GIR-FD82-C038	true	ALREADY_CORRECT_PROTECTED	specs/overworld/wp13-interpreter-command-matrix.md,specs/overworld/wp13-map-events-npc-followers.md	原314非空操作及28/2/66、原主文空操作集合已正确，逐字保护，无新增原稿机制	IM01, IM09, EV20	../author/effective-finding-inputs.json#GIR-FD82-C038
GIR-FD82-C039	true	MINIMAL_APPROVED_SYNC_IN_AUTHOR_V2	specs/overworld/wp13-interpreter-command-matrix.md,specs/overworld/wp13-map-events-npc-followers.md	IM101/413/§2.1，主文§5：112缩进0→101缩进1→413缩进0→0，预读在显示/置等待之前失败；正常路径反例不扩大成所有循环失败	IM13–IM15	../author/effective-finding-inputs.json#GIR-FD82-C039
GIR-FD82-C040	true	MINIMAL_APPROVED_SYNC_IN_AUTHOR_V2	specs/overworld/wp13-interpreter-command-matrix.md,specs/overworld/wp13-map-events-npc-followers.md	IM111/411；主文§5：nil两支均跳、严格false Else、真值Then，原脚本值不二值化	IM16–IM18	../author/effective-finding-inputs.json#GIR-FD82-C040
GIR-FD82-C041	true	MINIMAL_APPROVED_SYNC_IN_AUTHOR_V2	specs/overworld/wp13-interpreter-command-matrix.md,specs/overworld/wp13-map-events-npc-followers.md,specs/overworld/wp13-move-route-matrix.md	IM106、主文§4.1、MR15/§1：n/20秒、0/1/20；路线0时长仍结束本次分派	IM19–IM20, MR17	../author/effective-finding-inputs.json#GIR-FD82-C041
GIR-FD82-C042	true	MINIMAL_APPROVED_SYNC_IN_AUTHOR_V2	specs/overworld/wp13-interpreter-command-matrix.md	IM251：参数名不消费、无名停止；宿主多通道输出仍具名未知	IM26	../author/effective-finding-inputs.json#GIR-FD82-C042
GIR-FD82-C043	true	MINIMAL_APPROVED_SYNC_IN_AUTHOR_V2	specs/overworld/wp14-random-dungeons.md	§4.2/9.2：A→B/B→A 两记录不放回抽样、数量不足取全部；两方向抽中只增加同一无向边	DG08	../author/effective-finding-inputs.json#GIR-FD82-C043
GIR-FD82-C044	true	MINIMAL_APPROVED_SYNC_IN_AUTHOR_V2	specs/overworld/wp14-random-dungeons.md	§4.2/8/9.2：空可访问集合起点读取失败先于房间派生/fallback；种子已消费、地图未重写	DG26–DG28	../author/effective-finding-inputs.json#GIR-FD82-C044
GIR-FD82-C045	true	MINIMAL_APPROVED_SYNC_IN_AUTHOR_V2	specs/overworld/wp14-random-dungeons.md	§4.2/4.4/6.1/8/9.2：初次小区/零房间地面不登记候选；重绘不清旧矩形、摆放不查当前地形；仅条件向量不编真实seed	DG02, DG07, DG28–DG29	../author/effective-finding-inputs.json#GIR-FD82-C045
GIR-FD82-C046	true	MINIMAL_APPROVED_SYNC_IN_AUTHOR_V2	specs/overworld/wp14-random-dungeons.md	§6.1/9.2：max两轴差>=2，横隔2正例/对角相邻反例及多格占格对；尺寸/偏移/1000尝试保留	DG11, DG30–DG31	../author/effective-finding-inputs.json#GIR-FD82-C046
GIR-FD82-C047	true	MINIMAL_APPROVED_SYNC_IN_AUTHOR_V2	specs/overworld/wp14-random-dungeons.md	§4.5/8/9.2：四零密度非空映射/前阶段通过时各自除零，映射缺席只跳该项；播种后/原图改写与摆放前失败	DG32–DG33	../author/effective-finding-inputs.json#GIR-FD82-C047
GIR-FD82-C048	true	MINIMAL_APPROVED_SYNC_IN_AUTHOR_V2	specs/overworld/wp14-random-dungeons.md	§3.5/4/5/9.2：九图样、房间通道几何、独立256墙/自动邻接与四组编号表引用同批净化合同、四装饰次数/抽样域/零密度；概要 wall_top 层索引2明确第三图块层，同批最终WP14单句及DG43同步	DG01, DG23–DG25, DG34–DG43	../author/effective-finding-inputs.json#GIR-FD82-C048
GIR-FD82-C049	true	MINIMAL_APPROVED_SYNC_IN_AUTHOR_V2	specs/overworld/wp12-terrain-movement-vehicles.md,specs/overworld/wp13-map-events-npc-followers.md,specs/overworld/wp13-move-route-matrix.md	WP12§4.3；WP13§6.1与MR§3转引独立占格/固定对角/NPC中心轴、失败另轴与自主比例合同	MV57–MV63	../author/effective-finding-inputs.json#GIR-FD82-C049
GIR-FD82-C050	true	MINIMAL_APPROVED_SYNC_IN_AUTHOR_V2	specs/overworld/wp12-terrain-movement-vehicles.md	§4.2状态表/8：仍在冰但前方受阻退出冰滑，恢复walk_anime、不清through；调试/离冰反例	MV48–MV50	../author/effective-finding-inputs.json#GIR-FD82-C050
GIR-FD82-C051	false	MINIMAL_APPROVED_SYNC_IN_AUTHOR_V2	specs/overworld/wp13-map-events-npc-followers.md	§6.3/9.2：门入快照链、仅隐藏/出门持久位置、through包装/WAIT0/未消费waitComplete/编译210静态消费者；B20主责接口保持未闭合	EV36–EV39	../author/effective-finding-inputs.json#GIR-FD82-C051
GIR-FD82-C052	true	MINIMAL_APPROVED_SYNC_IN_AUTHOR_V2	specs/overworld/wp11-map-topology-transfer.md,specs/overworld/wp12-terrain-movement-vehicles.md	WP11§4/9.2与WP12静态引用：跨界有效目标、方向0及全向/碰撞门；源前向/目标反向不查，同图双端反例仍拒绝	MP16–MP19, MV29–MV30	../author/effective-finding-inputs.json#GIR-FD82-C052
GIR-FD82-C053	true	MINIMAL_APPROVED_SYNC_IN_AUTHOR_V2	specs/overworld/wp13-interpreter-command-matrix.md,specs/overworld/wp13-map-events-npc-followers.md	IM102/§2.2、主文§5：同缩进组102删除/404保留、后402编号偏移、取消0/1–4/5、改名隐藏原身份一次清空	IM21–IM25	../author/effective-finding-inputs.json#GIR-FD82-C053
GIR-FD82-C054	true	MINIMAL_APPROVED_SYNC_IN_AUTHOR_V2	specs/overworld/wp12-terrain-movement-vehicles.md	§4.1/4.3：上一帧移动或同向>=0.075，方向0/四阻塞门/自动强制优先；末端触发与队列竞争分阶段	MV51–MV56	../author/effective-finding-inputs.json#GIR-FD82-C054
GIR-FD82-C067	false	MINIMAL_APPROVED_SYNC_IN_AUTHOR_V2	specs/overworld/wp13-interpreter-command-matrix.md	IM205/206/223/234/§2.3：游戏时钟n/20，零时长只改当前、不清旧任务，旧值回落正反对照；B04显示四入口仍待补	IM27–IM29	../author/effective-finding-inputs.json#GIR-FD82-C067
GIR-FD82-C094	false	MINIMAL_APPROVED_SYNC_IN_AUTHOR_V2	specs/overworld/wp11-map-topology-transfer.md,specs/overworld/wp12-terrain-movement-vehicles.md	WP11§4/9.2天气进入后写20，原20行逐字保留、非20秒/类型差异/已有渐变门；WP12静态引用；B14WT07完整流程待补	MP22–MP23	../author/effective-finding-inputs.json#GIR-FD82-C094
GIR-FD82-C095	false	MINIMAL_APPROVED_SYNC_IN_AUTHOR_V2	specs/overworld/wp12-terrain-movement-vehicles.md	§5.3/9.2：面向上+正前本体/瀑顶才实际计数置位，无即时位移；右向外层true不能代表激活；B14三资格/确认演出入口仍待补	MV64–MV66	../author/effective-finding-inputs.json#GIR-FD82-C095
WP80-INTAKE-R01	false	MINIMAL_APPROVED_SYNC_IN_AUTHOR_V2	specs/overworld/wp13-map-events-npc-followers.md,specs/overworld/wp14-random-dungeons.md	WP13§6.1/9.2、WP14§9.2：保留原ASCII sight/trainer/counter/size字面和s:，补大小写/无空格/全角不匹配对照；不扩大到任意中文标点禁令	EV27–EV29, EV32–EV35, DG12	../author/effective-finding-inputs.json#WP80-INTAKE-R01
