sha256	bytes	path
41cea9c6aa439dc70eaca2c26ce1f7967a887538c1aef25b9297c07b0437ff40	6328	AGENTS.md
f165b1cbb32a122100a9d9f844b1184a036ad908b845bae65ae8b0a758601e8e	16555	analysis/inventory/out/wp02-settings-inventory-appendix.md
8ce853cc28577ca3567407fe4b92d97e2f319835508834e5ae7cbd4151bdd05e	3323	analysis/inventory/wp02-regen-check-2026-09-19.md
7c965c9d36a7eccb039a703312aa10a6c418fc120db769b888666c03d73c03d6	12192	analysis/inventory/wp02_build_appendix.py
ba01d4d23f6f2eef42b123befc6809d09bfac282a7dd9f928aa6ac31427a868d	8231	analysis/inventory/wp02_settings_common.py
dfa38c407258607da467e6c609e0b75c78485dc974e85f387aa9cd12969c0ca3	1491	analysis/inventory/wp02_settings_inventory.py
1ca34f4442f4e997359addfb797ac209407a69ea6f3065740d65c75093b86e0e	29838	analysis/repository-overview.md
c173587708c9fcaaaaa1a4079bdedaa14d02405871b3fe3cd2ed6d16caeffd78	46915	planning/extraction-plan.md
c45057153c68b88fc836f7028cca4fc330ec93fc26c641a05f382fff4b35c3dc	41308	planning/feature-matrix.md
32eab70d503be63ceba06287afb648ec0b1b5fe8ca6225aaab28975c67360352	17523	planning/module-map.md
98dc16cce0056ea65874a2b780341e259a1b03c65dec1507da8324e794f8389e	107234	planning/review-manifest-2026-09-19.md
f0e0029db9a1e17a9c650a5a936a4ed1dd700e580e78efd305b02d020adf9494	12253	review/joint-review-2026-09-19.md
e044597c5d3933d9376c42207da68351063806a285041785b383b877b5afe74b	11708	review/wp01-review-2026-09-19.md
5f9630118e9fbdda6578106b3ebb96b9db6777519650485d7569d5fb28c49d7d	10820	review/wp02-closure-review-2026-09-19.md
858adc69f6d525ac7e4107d9466d02d9e8143e1342dea1ec65652662eed3981a	14343	review/wp02-recheck-2026-09-19.md
b39230435fe4a6f1aaa83f68979c9c8a529cc6f176729801c2f1d3eb41e61151	18146	review/wp02-review-2026-09-19.md
a8fa4858089357ffe3a6003a1b82793879c84f654877fbdf85a00b09c97e617e	10093	review/wp03-closure-review-2026-09-19/next-batch-prompt.md
1544a1794074681b2f0df0e0995479ba76d42998e6e0c189d7600d43d11e9167	7778	review/wp03-closure-review-2026-09-19/report.md
799f7c0dfb8fe49add0c3a43659901b55821694d91338cfb6ce70a5ec906296d	14947	review/wp03-recheck-2026-09-19/report.md
3f2d9661cda4d3b96deef7b1bb88b0b30d3274131f8c0837352d5ae8623d3a3a	7776	review/wp03-recheck-v3-2026-09-19/report.md
6f5bd583ee53b017828f3f3060682b31cf99eb82b5f6a82c6bc74a7eadd88846	18612	review/wp03-review-2026-09-19/report.md
a416fcc2dae05a5e1e24e4d6280c89f0b551247222af3efa3073208264f290c4	10313	review/wp04-wp07-closure-review-2026-09-19/next-batch-prompt.md
1cc5e453a023fea7d0b7225e35895fc946637e04528d84172e0cb5ce3df3b9ce	7457	review/wp04-wp07-closure-review-2026-09-19/report.md
4c208ff8713bda3ea26a857422d420f04fd3f20b188f2c3bbeb0bc2559a33ed2	10897	review/wp04-wp07-recheck-v3-2026-09-19/report.md
4b247519f52a70b1439a70b61fe470058f1ab8e2d3863e2f33145e8e92fa2215	3983	review/wp04-wp07-recheck-v3-2026-09-19/revision-prompt.md
22fe65a9602b7a9d15cdfe0d52cc7d25c8f21d5a7060690371f1805bb22bec99	10818	review/wp08-wp10-closure-review-2026-09-19/next-batch-prompt.md
f414b7ff4232d6df892b8c90cc9c7ea0e43e2955546a01349b4bd24fda9c6150	7335	review/wp08-wp10-closure-review-2026-09-19/report.md
03ac20b4a64bdd868affe6ada45822f6580b2c23eaef108492701e4299251e62	10903	review/wp08-wp10-recheck-2026-09-19/report.md
facc4d4c9b17864b11ce2331e818eb9f75c5dea7202fcdcc1c1d1a0429f02b4c	4040	review/wp08-wp10-recheck-2026-09-19/revision-prompt.md
4e455ffc6295c470477653dc2aa6b3a24968e527904c3f9af154d0c3a254635b	21222	review/wp08-wp10-review-2026-09-19/report.md
ebfc287b9a61659b9a77da301c96bae21b65c8904fe1125f3435b9afb60fcd09	7637	review/wp08-wp10-review-2026-09-19/revision-prompt.md
8f22bbe0636f03eb6764cd3ca79482787a0534a56c161257711be106b98cd8f5	3645	review/wp11-wp13-closure-review-2026-09-23/next-batch-prompt.md
e84f45eaac4db2fa3d970ece6b794b60fe87b0a4b751bddf00674161a69ff0d4	6153	review/wp11-wp13-closure-review-2026-09-23/report.md
80d829f306e2aba9d19b25dfd89acb4ebe602b422bb2ce9e8ef8ea0f38ca5854	20746	review/wp11-wp13-recheck-2026-09-20/report.md
d82215d749cc1ab8b6215f174eb539c5730d6d688c174c94ba28b0b5a44f3af1	8713	review/wp11-wp13-recheck-2026-09-20/revision-diffs/wp11-map-topology-transfer.diff
407f47a7679e58a99fa76a9c30880825de41aea0a14d7cde1f03fe22c659bf8a	18060	review/wp11-wp13-recheck-2026-09-20/revision-diffs/wp12-terrain-movement-vehicles.diff
393b8c0cd21db2bf97b4e96d3e3fbab6dc92c85f48d444ed3f63613b46bff6d3	1621	review/wp11-wp13-recheck-2026-09-20/revision-diffs/wp13-interpreter-command-matrix.diff
995070d2cbe6ad4ad6e3bbb767b59e269eed77f2c29c6bde919d4e9d5ed981c2	17398	review/wp11-wp13-recheck-2026-09-20/revision-diffs/wp13-map-events-npc-followers.diff
355c9260e88b31af17e815cdce8074df32a67032e1bb292556c7b4fb15efcd47	5313	review/wp11-wp13-recheck-2026-09-20/revision-diffs/wp13-move-route-matrix.diff
5cf2dd7eda388586a035a8cc5f0c6e901597f3af723b356f3c3ba763fd686354	8784	review/wp11-wp13-recheck-2026-09-20/revision-prompt.md
afeca04a52f7b0a447fb68c51e876144e29a4e3abdb8a8c42a8828aa7bc2833a	9382	review/wp11-wp13-recheck-2026-09-20/revision-response.md
0d605917577f59aeb0667ba89b457346872912ab3e3d1e7c667a7c615ecf23ea	10497	review/wp11-wp13-recheck-v3-2026-09-22/report.md
3807b3268baba972c7137414929ad9622aee8247e181636d22baac736969d853	7594	review/wp11-wp13-recheck-v3-2026-09-22/revision-diffs/feature-matrix.diff
a73e1873d392c06904be0bdad742d8c6d522dcea212da3463c157b92c9f0ae67	2594	review/wp11-wp13-recheck-v3-2026-09-22/revision-diffs/wp11-map-topology-transfer.diff
573cc2122d2b210e44ce30dd892c8a7883f474adfa8be2fbb92a084bed73feda	3592	review/wp11-wp13-recheck-v3-2026-09-22/revision-diffs/wp12-terrain-movement-vehicles.diff
42c134f5d10759859ed5d535cc81b01d087ef8984dd659395cd85121e7ae0376	7887	review/wp11-wp13-recheck-v3-2026-09-22/revision-diffs/wp13-map-events-npc-followers.diff
932a4386ff352acc8e0f8fddd664db86981089df950155e4f92273dd3c41444c	3261	review/wp11-wp13-recheck-v3-2026-09-22/revision-prompt.md
ded1f0874f0e0fc1b5e4d499e35bafcff357759dc9fd0a5ac277e1df9e0e4830	3860	review/wp11-wp13-recheck-v3-2026-09-22/revision-response.md
490e02ac1030e11c869699bad9c8f402dcd9322a4d65d9df5ae71e39df40692d	21538	review/wp11-wp13-review-2026-09-19/report.md
031308f7ef3059cd02afd2b673cbea0e73ccc2c8d39e23a1bd4cbacc23f902a8	23168	review/wp11-wp13-review-2026-09-19/revision-diffs/wp11-map-topology-transfer.diff
5dd8b477ab85d0b013b757c40ac60ce84799f70c96cf0e3d73cce55e75419195	31633	review/wp11-wp13-review-2026-09-19/revision-diffs/wp12-terrain-movement-vehicles.diff
367d0e0c4f6e159d993e1147a6139bd05e44795bc53fcb8912b68e5411a4559c	23105	review/wp11-wp13-review-2026-09-19/revision-diffs/wp13-interpreter-command-matrix.diff
a5dc6d8f53a14ce0872e4a1c6cdabfbd7e893bb021efaf90521cb5cec3178681	28599	review/wp11-wp13-review-2026-09-19/revision-diffs/wp13-map-events-npc-followers.diff
bc6c9624c2fc941756080f0c2698d5b313688d66de4cae1ec227996c57c038f7	9769	review/wp11-wp13-review-2026-09-19/revision-prompt.md
048cf40b059647e3feed3a184ddeee4b46aa4334ec50f6a1dad4b910098f545d	12906	review/wp11-wp13-review-2026-09-19/revision-response.md
313a9434a91c8000b6493df31ad37cc25364ec5451b953318aefd2ad7e1d47a4	6917	review/wp14-wp16-closure-review-2026-09-23/next-batch-prompt.md
a2839f929fce00e3b039952c609a9943402a3d377a0628b41c0bae57155dcb07	7423	review/wp14-wp16-closure-review-2026-09-23/report.md
9d6bc1018da9de6000f28db140f6e2fb3a25e71eb5e55020e4d1b574402eac25	11764	review/wp14-wp16-recheck-2026-09-23/report.md
860dec6af0e8fa105a0692556195c3b875ff2f1c8e26cc4265c336fdb096c51d	6798	review/wp14-wp16-recheck-2026-09-23/revision-diffs/wp14-random-dungeons.diff
2a06fde4a331ecd14e46a703f7976cf8cc2b4a53999cf2c1f7a8aa91b6ef21fd	8800	review/wp14-wp16-recheck-2026-09-23/revision-diffs/wp15-resource-matching-and-audio.diff
4905328e34986a9682a24317983c4577bc86ccac7713846568a1ed60f2b9f7b4	9450	review/wp14-wp16-recheck-2026-09-23/revision-diffs/wp16-world-rendering-and-visual-transitions.diff
8c0f54f3c3f2de8f15e0622223f9bcd632ef0dd415433b03463a388f2ff3cd61	4909	review/wp14-wp16-recheck-2026-09-23/revision-prompt.md
92ebec7d281e86e497ae8ce63d0f32a8be23430de0b2ba284bbb3661a8691b45	5016	review/wp14-wp16-recheck-2026-09-23/revision-response.md
bd48bcb3bf8515910d2fd6e904c8607fe6aeebec7a8d7d8f62af7eb776994152	7978	review/wp14-wp16-review-2026-09-23/report.md
7d5a33d041d37e4177fae892ff6f37990ba911899e18c85eb9fd7d598af8d917	7302	review/wp14-wp16-review-2026-09-23/revision-diffs/wp14-random-dungeons.diff
36ecbfc2e847cc663b1ca816873b7215edccf03235183f6338c6b954fd436594	6286	review/wp14-wp16-review-2026-09-23/revision-diffs/wp15-resource-matching-and-audio.diff
fe718118533d22e77875157572a649ed7090208915cecde3aeaf18e44d74cf39	7626	review/wp14-wp16-review-2026-09-23/revision-diffs/wp16-world-rendering-and-visual-transitions.diff
7e1e709bcb1321b0c3088dd5e7a9a7a8a8e6a7da214e66a38b406d6cbe8aea23	3470	review/wp14-wp16-review-2026-09-23/revision-prompt.md
bc317dc4c244b6117503cc995278520c4c94cd31f5a37e0013bce45f30b3120c	5080	review/wp14-wp16-review-2026-09-23/revision-response.md
da7a0ed331c72e9f85b1b616895171a6d9f74383c4cff1e76ac831c7f48a10b2	10593	review/wp17-closure-review-2026-09-23/next-batch-prompt.md
8a36381baa4b3640409052fcead16676d573a2762aaa6b0b965c504f82576f11	10720	review/wp17-closure-review-2026-09-23/report.md
0c6bb45fa6282e66e4d9f0a70d5490643da3dd6fbe8b5d67b14312a587fb85ef	9033	review/wp17-recheck-2026-09-23/report.md
1ae1d131b4e2c78f3cfa69fd8eaee448da03603c00def96ef19b288940a44d84	6304	review/wp17-recheck-2026-09-23/revision-diffs/wp17-draw-text-tags.diff
7f3ab7390ed02c8edfddffb55e513c961414f4bb06f5d5ad4778e43d897d180d	7289	review/wp17-recheck-2026-09-23/revision-diffs/wp17-messages-windows-input.diff
d6159d83b8999b3d9953f933ec611d05facfb441e1142e0e40f78afd79ce571e	3387	review/wp17-recheck-2026-09-23/revision-prompt.md
01632506f5fc23773fab5db7a522b5503d5e24e8c299bec2756aa0f29964b418	3229	review/wp17-recheck-2026-09-23/revision-response.md
a94e8448b8389781f8d89bb0407fd5061963b365d498e1f232f80700d7e51cc2	14508	review/wp17-review-2026-09-23/report.md
89db47cab238234ca9358220255b74efd6de0067ed138e5b2c99dace9e4c27bb	38511	review/wp17-review-2026-09-23/revision-diffs/wp17-messages-windows-input.diff
f117f89cd379902d86707e8f7268ac83223b3af938ec0b975190ee90d799599a	5917	review/wp17-review-2026-09-23/revision-prompt.md
852993f729e827dd38e120b4e7ac7a76db6bb424260ec66649652b13e0470fbf	5856	review/wp17-review-2026-09-23/revision-response.md
cd213c33479a77842faec025f68eeecd6a665018af9b95f975a088be6a1a9453	10450	review/wp18-wp20-closure-review-2026-09-26/next-batch-prompt.md
93f1de1c669e3410304511b1e18c695278779a9943eea4b5e70c50d736d634ef	8748	review/wp18-wp20-closure-review-2026-09-26/report.md
ec86e13d32ee0afa1a38d63eb64195563fa28681982d24c79b15316366414c91	10524	review/wp18-wp20-delivery-2026-09-26/current-hashes.tsv
5118e628da49cec0917ad7bab48f135d91e78104fb108f785d28d7d54ffcca67	12099	review/wp18-wp20-delivery-2026-09-26/delivery-summary.md
bcd3d0e4e86cb07911790daa8b9773893c4ee47f880944f6433fcb49ddd57707	11774	review/wp18-wp20-delivery-2026-09-26/feature-matrix-diff-from-review.diff
7d04f96424cd7e8427eb819ce2e83b9fbacc674258ccd9ddefe3be0aeab91fda	3301	review/wp18-wp20-delivery-2026-09-26/wp17-backfill.diff
1835691740ada23333e8d5ea7b05463de46671f2352085c28c3597400b328542	11643	review/wp18-wp20-recheck-2026-09-26/report.md
8c15d66d32329f83cb312a11e05ad4a9ba37e37883715b28fb2491fa2b8d7a2c	11664	review/wp18-wp20-recheck-2026-09-26/revision-diffs/delivery-summary.diff
113a1fbeed89a43443dca3b8f0743bc7c6f308405cea73fd198753ead9155774	12689	review/wp18-wp20-recheck-2026-09-26/revision-diffs/feature-matrix.diff
709c73f91f81925f541a0076b3b7cfa2cc57d33a7a6ddc6c329e8d1003c34d9b	7475	review/wp18-wp20-recheck-2026-09-26/revision-diffs/wp18-creature-identity-species-ownership.diff
d299a14bedc75bc036ddc75ee25877bb1ab4b11d0ce0e6119796429859dc0e7e	8249	review/wp18-wp20-recheck-2026-09-26/revision-diffs/wp19-attributes-ability-and-stats.diff
5aa23ca038c30084d023ba5b9e742897ef3d1d67e8ba3d7c2afe273142797ae0	7947	review/wp18-wp20-recheck-2026-09-26/revision-diffs/wp20-hp-status-moves-helditem.diff
e67680a74859913ee072114d4c255d9eced34d400490138e59bd22e09b1f3de4	4890	review/wp18-wp20-recheck-2026-09-26/revision-prompt.md
07a481ab7774d9b5ad5ccb0c0f2a90fd083fa29739bee3ba5bafa5d46deec97a	6501	review/wp18-wp20-recheck-2026-09-26/revision-response.md
2f8b22e308e33e2ce3c332b21e3a6f735dc78e53b766bf105afdc48deafe4c16	19173	review/wp18-wp20-review-2026-09-26/report.md
26aa590645a3dd3dc914c9492ad14683dc73aa81728fb1a194139b528ab6b823	9447	review/wp18-wp20-review-2026-09-26/revision-diffs/delivery-summary.diff
090149517a9fe65bece87232471200c52307f3e1c11189edd6a11fd365b45d70	12426	review/wp18-wp20-review-2026-09-26/revision-diffs/feature-matrix.diff
a5f7283d9309c38c14429af8b7f771f4c9eb8ef3cd5b1c281e28c5be020acc15	12875	review/wp18-wp20-review-2026-09-26/revision-diffs/wp18-creature-identity-species-ownership.diff
fe6c4de94c90122a9569febcc3acd300321d918533e331e85a9b02c88fa6dbaa	23608	review/wp18-wp20-review-2026-09-26/revision-diffs/wp19-attributes-ability-and-stats.diff
e8ba1b68d442f7c32054200f5187c94c076e8c9dd389b44c5a6b75d7cb67e002	30733	review/wp18-wp20-review-2026-09-26/revision-diffs/wp20-hp-status-moves-helditem.diff
44cccbcae8d0cfcff015103388136d599cd5e8ec4fb7d5521a39835f1ab991a1	8697	review/wp18-wp20-review-2026-09-26/revision-prompt.md
aea5c122fe64e145d471a80cfcb5e0a871b69154dd804b2f3e4e0c378b13c374	12269	review/wp18-wp20-review-2026-09-26/revision-response.md
f09c5a8a4cdab1c1f059386513fab4191d32502c8e3e9f4f11a244bd91867bd4	10380	review/wp21-wp25-closure-review-2026-09-26/next-batch-prompt.md
12e283ae0cfb665452c3a89fc73ecc21e26fbdff29a73d3613974f99a5d141f0	8339	review/wp21-wp25-closure-review-2026-09-26/report.md
b5aa766b55156f1cdf2d8dc1799a1e976c08e4451d90817dc4b1d714e3637734	14888	review/wp21-wp25-closure-review-2026-09-26/revision-diffs/delivery-summary.diff
118a8d314c5870684e900624be3ac6affde0028e3d77d60308dda748dc936820	4133	review/wp21-wp25-closure-review-2026-09-26/revision-diffs/feature-matrix.diff
4f7542547b81da9e7725019c67bde4f9779430c71ec17eb51698cb8a0b064e65	1458	review/wp21-wp25-closure-review-2026-09-26/revision-diffs/wp18-creature-identity-species-ownership.diff
7958529bf3c2740b08c2da3fb1d078042ddd094e7c4990d95a286f602d74634d	1073	review/wp21-wp25-closure-review-2026-09-26/revision-diffs/wp19-attributes-ability-and-stats.diff
a492601961e08a8fb2d6c8dc0128ed75ab9f0896e7ed64163cf94cde9595243b	3516	review/wp21-wp25-closure-review-2026-09-26/revision-diffs/wp21-dynamic-forms-and-display.diff
1369e8b96d216e7f38cf9c5d5140f36eadc3f0f81dabf9b5b4a5e310f66b2b38	913	review/wp21-wp25-closure-review-2026-09-26/revision-diffs/wp25-party-and-storage.diff
90961bb019ee40f8ae023476594d4f2ceeef9ce237dfa55de6e8935eb8e09123	3590	review/wp21-wp25-closure-review-2026-09-26/revision-response.md
8d8b7e5d06234285efc16707af254991881d25d871c6589c07620f09ade13bb2	13976	review/wp21-wp25-delivery-2026-09-26/delivery-summary.md
278faedafc01d8e5da5a026675f105cf7669866da909b5032e0f0b58aca70591	3153	review/wp21-wp25-delivery-2026-09-26/wp18-backfill.diff
5b760f9c9de0d200acea6ccfc0dc345de1c03c61e6857b73b0f85d36de3ab071	3356	review/wp21-wp25-delivery-2026-09-26/wp19-backfill.diff
98cb92a4b05c25b31eb3bc8fb04a3ed34830047e13def14561a3bffea5550187	3374	review/wp21-wp25-delivery-2026-09-26/wp20-refsync.diff
f2dc78d21de9982c71677f80e8a0b109a27870c2602a0b728de7b85aa43ea6fa	11521	review/wp21-wp25-recheck-2026-09-26/report.md
30f62f8b33ae8258fcdd65b72f719ee6161f1c1ec32fe47125ddb45b2fd050eb	13797	review/wp21-wp25-recheck-2026-09-26/revision-diffs/delivery-summary.diff
a82406ba28c683a74bbc7db834512f42e382908df57399010896d3603669c9ae	8017	review/wp21-wp25-recheck-2026-09-26/revision-diffs/feature-matrix.diff
d812eabe2ef3c51c414617da8bd83d356ea08169ebb45b529cd4c6cde7a3e8f3	12874	review/wp21-wp25-recheck-2026-09-26/revision-diffs/wp21-dynamic-forms-and-display.diff
91b61274a48ded0385644e0a3f390a6e91a18d48c490f69fd007c19df9231992	6861	review/wp21-wp25-recheck-2026-09-26/revision-diffs/wp24-player-trainers-partners.diff
96c2046a01cfa93a17c88029bcfcea9052cb6463e192fab44bd2b344bc1c7650	9168	review/wp21-wp25-recheck-2026-09-26/revision-diffs/wp25-party-and-storage.diff
6e6fc526fde90d964c56ea31222cdb81acee3db9f2ab17466c4c9080d343faa7	4550	review/wp21-wp25-recheck-2026-09-26/revision-prompt.md
7b5d3775390c200cde13ded556be5eb6f7d99b4f0941186de37bb3522a46f4cc	6023	review/wp21-wp25-recheck-2026-09-26/revision-response.md
a6354444fc83f38724d1112cb236ac4c3f14e09fb1fe3ed16025870b43a44577	18772	review/wp21-wp25-review-2026-09-26/report.md
0f822f78b4b6233f7b0383e29f42929c18d9dcdee9874721137deb7ae3ee3f74	8922	review/wp21-wp25-review-2026-09-26/revision-diffs/delivery-summary.diff
991e2b8f0b04a27e83ba97e7dbdc52abdeb14ba00ef758ed5f115a632d9cce08	7882	review/wp21-wp25-review-2026-09-26/revision-diffs/feature-matrix.diff
68debf8bf0df649833444d30f1e0c4c11f4e175d53eb592464fd14591e870539	3427	review/wp21-wp25-review-2026-09-26/revision-diffs/wp19-attributes-ability-and-stats.diff
7b8eb22aee4785902ab76cb2b40c504ab30415697e859e4904278a73c1dd8d42	41319	review/wp21-wp25-review-2026-09-26/revision-diffs/wp21-dynamic-forms-and-display.diff
cf748fc86b35fe1d0105ef5dc36ff354f1b0894c8984d92178f3871831650e56	21841	review/wp21-wp25-review-2026-09-26/revision-diffs/wp24-player-trainers-partners.diff
3b15e838c3219c0e8fe976485c541172f5de3a850d43777eaaf68382355e1cb3	27331	review/wp21-wp25-review-2026-09-26/revision-diffs/wp25-party-and-storage.diff
2e8f5a67f8da408f969d129d71db7b6b79c8dc31824d428c93ac839b42dacf58	8164	review/wp21-wp25-review-2026-09-26/revision-prompt.md
34a3fb5ecb6ab9f59620610f18f30d4b82741fde39216c13a443aa72b781ebe9	9585	review/wp21-wp25-review-2026-09-26/revision-response.md
dd06a4bdc6b921c67666b0a1b2bcec3fe72902763034c4e5bc0b15a42ad73802	9731	review/wp26-wp27-wp30-delivery-2026-09-26/delivery-summary.md
c8b700944e511a503ddab985933e074e7ad86663a971b6c9e3e55381a4cd29a3	12628	review/wp26-wp27-wp30-delivery-2026-09-26/feature-matrix-diff-from-closure.diff
bcc98655fabece2cce3f8925d02cb4a87628448698b8f55256b93ccd4c3fd657	3830	review/wp26-wp27-wp30-review-2026-09-26/arithmetic-checks.json
7c2cd648e48edcb174db7892a439730ffb4f5df5c8ea3450b20eca15956b9ef8	71656	review/wp26-wp27-wp30-review-2026-09-26/changes-from-previous.diff
7ca03a73fadd6a209e0af4d8a8e5ab084a2bc3b5c844453c556e1f9af26cf048	21678	review/wp26-wp27-wp30-review-2026-09-26/current-hashes.tsv
5daa658f1e0e58329571b3645d41317465213cf93f12b84ae73c73eef5892fce	6790	review/wp26-wp27-wp30-review-2026-09-26/diff-checks.json
ae80ef6b9a9ee1cdd85bfea485f0007a48ba7a61867b27c35207e68397592af3	2494	review/wp26-wp27-wp30-review-2026-09-26/final-checks.json
1b70901fd15ad64d96b7456738c54e19dff754be2af954a49466cdc22449fe0a	101263	review/wp26-wp27-wp30-review-2026-09-26/input-manifest.json
78a9ba42675f16cc8900dc434f97a6eaacb5c819c42b072aa38f538b0d7e9e23	25241	review/wp26-wp27-wp30-review-2026-09-26/report.md
097b56e4023111695c7c21ae10bc5b694622fbd9d8505cca3234cbf2b1121454	11638	review/wp26-wp27-wp30-review-2026-09-26/revision-diffs/delivery-summary.diff
edf6b1fb6c163c60b70fbcdbe034dc105653aeff0e4bf994dfdb53efc6982a6f	10401	review/wp26-wp27-wp30-review-2026-09-26/revision-diffs/feature-matrix.diff
a7855f91355185fc9d79d4bf87cc932d870a25720f1f863ab0a4ed8ed6d742d8	29067	review/wp26-wp27-wp30-review-2026-09-26/revision-diffs/wp26-acquisition-gifts-and-script-trade.diff
0a329ee2030a7c5168a573ab2cfcc67e8d4d54b47b7f9225ea3b19b62b711f93	21706	review/wp26-wp27-wp30-review-2026-09-26/revision-diffs/wp27-bag-and-item-storage.diff
4e89689cda3c04534651800ed859ca605a36a6904c38b68d7e2a2fd1d1c33364	28948	review/wp26-wp27-wp30-review-2026-09-26/revision-diffs/wp30-growth-learning-and-friendship.diff
5f48b43b17fd233cb3e9321208c4ba48e7a185b95747a84f5c274d4b96bf24a8	9590	review/wp26-wp27-wp30-review-2026-09-26/revision-prompt.md
2765129f9a94c5cc94e7ce731c9c84655943ccb5e5058728ac509aa4d16f5258	9462	review/wp26-wp27-wp30-review-2026-09-26/revision-response.md
985f0b6277db62b5a43a7cdea4f113f4ede50bacd0686f3cd44882ca28d7224e	8682	review/wp26-wp27-wp30-review-2026-09-26/source-checks.json
2a46db788e830773c15ea2a8b205aaadd43a97d3f40cef99bc210f061b23e312	636	review/wp26-wp27-wp30-review-2026-09-26/static-checks.json
0464ca07fb608ee97b46240e1887269214ebc037496b155dfe449bdc115eba2f	37313	specs/creature-rpg/wp18-creature-identity-species-ownership.md
f2f904e52a0fe578292e1b0df89ed304c7e1f4a4496d6339c33daca85e39fa48	34978	specs/creature-rpg/wp20-hp-status-moves-helditem.md
325940946f7b120c4e484695dd35c5804c2baf9411798d95c22af2f944a2e7e5	29668	specs/creature-rpg/wp24-player-trainers-partners.md
edc275c558a58b2e4967fe3e42f97d4ffaf3064000aed1e77a7dac34bd15667c	27058	specs/creature-rpg/wp25-party-and-storage.md
6705681214adf7e045dc832c641753d171798bf6a59eb487dc375e95ebffcff4	33910	specs/creature-rpg/wp26-acquisition-gifts-and-script-trade.md
0a6a28f78f26f6bcc173130a47457355cfece4cb3a1f99f4bd2ebd76ea94a6a2	25961	specs/creature-rpg/wp27-bag-and-item-storage.md
114038f31bdb0f91157fed19434333f4c39be95b0f29cd91641adeb638280ed2	34957	specs/creature-rpg/wp30-growth-learning-and-friendship.md
2a52e94e615d0f1f45d55b0d14317b79e58bc6f988b76095e044f770ca41b407	16543	specs/demo/wp01-baseline-and-evidence-scope.md
82b471510ff563e6964697cb28e77ae816e190062dfafc9e328f44a81c2131fa	37817	specs/kernel/wp02-rule-configuration-and-data-variants.md
f165b1cbb32a122100a9d9f844b1184a036ad908b845bae65ae8b0a758601e8e	16555	specs/kernel/wp02-settings-inventory-appendix.md
de331460e013bfc07533d0f368967fe729bcf0720d98e7d990a16a0614e9c27d	30708	specs/kernel/wp03-content-identity-and-schema.md
b5d33db1ac4172c216715df713bda414f7358fa69dcf5c21b5a8a0409d48da59	23172	specs/kernel/wp04-pbs-lifecycle.md
d65b6d14bf95f47d59166f7bcef74984d92b243e465f8c035daa95b9521a24f7	18497	specs/kernel/wp05-events-extensions-plugins.md
15b75cea1698c8978f4cc33380089f3c501cfec0ab8894f3991a6a6513e2d04a	14954	specs/kernel/wp06-stats-directory.md
c01140cb60d76f8f13de454a7a52f5fae544ac0fe415eaf81d877df0e24c9d7d	21359	specs/kernel/wp06-time-random-steps-stats.md
2cd5408ae9dbb1d96281057829c6bff125fdf471b2afc0e96020d105801cdbd2	17398	specs/kernel/wp07-diagnostics-files-http.md
4aa7c989d3874e63cfc9772f0e04c1c71b4f511c022a3d632a7df6e62dc4b331	18258	specs/kernel/wp08-localization.md
76450356b03f11abc59808e84c7c07e0f69c3f6543aaafc9b1856b3cdf2de4e6	18087	specs/kernel/wp09-save-startup-continue.md
b01a9fc7315bcef7fd5e9a246c147d0dcf5597f134abcc42ce33d9dc8c2df17b	22733	specs/kernel/wp10-migration-failure-recovery.md
84ca24a5919f05a280e67b0470436cdaf5557800ced19a0fccb218fbf3f38275	19944	specs/overworld/wp11-map-topology-transfer.md
8187e7deb59950301a12a6518a3c81a1e2a3aebabc347f7fa388e02364e8b280	32153	specs/overworld/wp12-terrain-movement-vehicles.md
ab69bc87c97b805f1a2f0848a35e9b86aa8b582f8128553038f2487b85245de5	17561	specs/overworld/wp13-interpreter-command-matrix.md
0b9bbd02e9b6032690967549f62d0f5024c0a8bf6ad541e0f7b94b7a09d242d8	28571	specs/overworld/wp13-map-events-npc-followers.md
f637f1c32db9fd59e93b0b3c81f33637f22e715dfeaaabb74f5fad6a71db12c7	8315	specs/overworld/wp13-move-route-matrix.md
cb4edd9caac4109baa392b1792c4a52f6c00afb210e63afbf7aa019276ee96f7	24017	specs/overworld/wp14-random-dungeons.md
cb184c3d58a51fa86bc4bc89b5708dc61fa77ad33578709804846494fa7c6143	21219	specs/overworld/wp15-resource-matching-and-audio.md
d7aad4aa649cf7e07cebdda593b7f8b454a712f9fb05ae673cc8cc0a4dca347a	21399	specs/overworld/wp16-world-rendering-and-visual-transitions.md
c7fb40fa893887a885d1ff461fd17368f86025cff6a9d656af30ed1fa780a731	36406	specs/pokemon-rules/wp19-attributes-ability-and-stats.md
19a36297d8570341ec137df0c773768adde458b7164f1b459e2a9b6a9bd0b883	42449	specs/pokemon-rules/wp21-dynamic-forms-and-display.md
e01466ef9f45f661c57f2bb7e53adaa7504d4bafa7e25308f3cb41950a9a24d0	7129	specs/ui/wp17-draw-text-tags.md
bb61f967a91423de675a32f71f2a1efd91efc822a6e5d5a08be63d3af246fc12	30047	specs/ui/wp17-messages-windows-input.md
