sha256	bytes	local_relative_path
b88a153539d54510576de328e2afc92d9dd1c7989fb56e44cd4293831990bd19	8665	delivery/boundary-checks.json
33abbd81ade3a7b0d64ebf1feafd4443837f9384ece31174ba02586acd5ff75a	6384	delivery/checks/verify_delivery.py
e97521d6c589f3eb63863d9b048facfac95cad62004c3542658e053d6b66aa63	2634	delivery/checks/verify_package.py
01b129e16e7bd20d9d0a0fd44c382becbb8428df4e56df329be692379584bff2	483	delivery/checks/wp68-constant-checks.json
b26df4b94bf49fec4eb0a0cdd64316c9e3cc381bafb97e59d36476578679edfb	3031	delivery/checks/wp68-fixed.json
1cfedc929aec00b3f46828213b0c1b56fc0027ce3f0f7b99fc9fc9f73f8949e7	878	delivery/checks/wp69-constant-checks.json
55f2bf42ecae7699cfbe9013b5c29c2b18dbff78b6d68eed4ce122e79391abbc	3863	delivery/checks/wp69-fixed.json
94b0c2a3ec2c3808cf337a1ea3eae1df20b7377295d388918d68a6a3abc4201c	4289	delivery/checks/wp70-constant-checks.json
bb81d26dab9ac6c5da855f3870875126d0a456825e4d9a8d71d0d58add274442	3243	delivery/checks/wp70-fixed.json
53af402e567def39288b12c098603ec044c18b5e0b1d66b2d5e06a0fcb73ee7b	7311	delivery/delivery-summary.md
0dd5fcd559c373b8ea5445f7e5b93252700fee3a8c812b6da4317b25fd942686	17009	delivery/evidence/batch-integrity.json
0895375ef13c3e3b041926ea24d8ee83eb1e6a53513fe8439bd626bf1dd18b13	14339	delivery/evidence/source-manifest.json
68f04a04d72214d75f2aacdfb88692fb87412fcaa3c34100403503225c4466f3	1549	delivery/final-checks.json
699fc23b7a5cbd0c986ba7aa76ab8d7432185a9b6dc0c3bb83e9070ac7836cdc	11849	delivery/input-manifest.json
c4c4c6ea6e56547b9f15320066b6f8696095f71453a40a265f63c0747df089cd	19820	delivery/integration-proposal.json
62371334e87bb116b66d03e75f5d638272f7deafcb2d362a082e87839c7aebec	1979	delivery/new-observations.md
b3a6dea6655a214b13a4afb89768d4bb1de10af97734aa95515eff727dd08eb7	4035	delivery/proposed-feature-matrix-rows.md
4f6f22448691798ff2bc5cea032c81a1e13a0bfa26c84ecac78c8e56a95df729	17282	delivery/self-checks.json
1cb1ebf9da6989c3a0ab1edf26a7cf0157fc8c702c679ca17d245274fbb03adf	17196	specs/creature-rpg/wp68-triple-triad.md
1708fbb07da943c13b6726ea2232f6eaa13b9906d77ccd39fa57b094c00eb60d	10295	specs/pokemon-rules/wp69-voltorb-flip.md
50d97a9f6a61c97087341a1b0c1f5551957a60ad62b46afe91ad1d4a1973ec97	4053	specs/pokemon-rules/wp69-voltorb-layouts.md
f37d37df4c2992b81e8a6a38bd02570d0de4db927c3d0efd051fb6181a40f7ed	10078	specs/pokemon-rules/wp70-lottery.md
6699589968fd4b8822f563f75c5b083cc89fda6fe23adefa04041ee895db2ede	9133	specs/ui/wp68-duel.md
ac2c0ad509b897f72287a9ee55c12930a8c7e6c0aa395b90f968a9c6a00d0fe6	11143	specs/ui/wp69-slot-machine.md
6065db8382d3cc0eba4f506c75e58194c04ece6747e1706bf539b09f106dc3b1	1945	specs/ui/wp69-slot-reels.md
ddd6f46d30f61912fd052d22df3c90716799a820c8c6e6c1ad2135ac92fce9f9	5594	specs/ui/wp70-mining-data.md
7c692fbbf9990dfb3b50a13e9e2773b00dc29b1bde4a60142714c15fe21e238a	12474	specs/ui/wp70-mining.md
