wave	stage	role	requested_model	requested_reasoning	requested_speed	active_slots_in_wave	dependencies	purpose
1	PRE0	A-REG	gpt-6.1-sol	Max	Standard (default)	1		freeze request receipts, baselines and inherited premises; no behavior approval
2	B01-A	A-REG	gpt-6.1-sol	Max	Standard (default)	1	PRE0	bounded author candidate
3	B01-R	R-B01	gpt-6.1-sol	Ultra	Standard (default)	1	B01-A	Ultra candidate independent review
4	B01-G	A-REG	gpt-6.1-sol	Max	Standard (default)	1	B01-R	serial integration + public proposals, freeze integration identity
5	B01-I	R-B01	gpt-6.1-sol	Ultra	Standard (default)	1	B01-G	Ultra actual integration affected check
6	B01-C	A-REG	gpt-6.1-sol	Max	Standard (default)	2	B01-I	register verified contribution; keep canonical open until all contributors/final gate
6	B05-A	A-B05	gpt-6.1-sol	Max	Standard (default)	2	B01-I;PRE0	bounded author candidate
7	B05-R	R-B05	gpt-6.1-sol	Ultra	Standard (default)	2	B05-A	Ultra candidate independent review
7	B02-A	A-B02	gpt-6.1-sol	Max	Standard (default)	2	B01-I;PRE0	bounded author candidate
8	B02-R	R-B02	gpt-6.1-sol	Ultra	Standard (default)	1	B02-A	Ultra candidate independent review
9	B02-G	A-REG	gpt-6.1-sol	Max	Standard (default)	1	B02-R	serial integration + public proposals, freeze integration identity
10	B02-I	R-B02	gpt-6.1-sol	Ultra	Standard (default)	1	B02-G	Ultra actual integration affected check
11	B05-G	A-REG	gpt-6.1-sol	Max	Standard (default)	1	B05-R	serial integration + public proposals, freeze integration identity
12	B05-I	R-B05	gpt-6.1-sol	Ultra	Standard (default)	2	B05-G	Ultra actual integration affected check
12	B03-A	A-B03	gpt-6.1-sol	Max	Standard (default)	2	B01-I;B02-I;PRE0	bounded author candidate
13	B03-R	R-B03	gpt-6.1-sol	Ultra	Standard (default)	2	B03-A	Ultra candidate independent review
13	B06-A	A-B06	gpt-6.1-sol	Max	Standard (default)	2	B02-I;B05-I;PRE0	bounded author candidate
14	B06-R	R-B06	gpt-6.1-sol	Ultra	Standard (default)	2	B06-A	Ultra candidate independent review
14	B02-C	A-REG	gpt-6.1-sol	Max	Standard (default)	2	B02-I	register verified contribution; keep canonical open until all contributors/final gate
15	B03-G	A-REG	gpt-6.1-sol	Max	Standard (default)	1	B03-R	serial integration + public proposals, freeze integration identity
16	B03-I	R-B03	gpt-6.1-sol	Ultra	Standard (default)	1	B03-G	Ultra actual integration affected check
17	B06-G	A-REG	gpt-6.1-sol	Max	Standard (default)	1	B06-R	serial integration + public proposals, freeze integration identity
18	B06-I	R-B06	gpt-6.1-sol	Ultra	Standard (default)	2	B06-G	Ultra actual integration affected check
18	B04-A	A-B04	gpt-6.1-sol	Max	Standard (default)	2	B03-I;PRE0	bounded author candidate
19	B04-R	R-B04	gpt-6.1-sol	Ultra	Standard (default)	1	B04-A	Ultra candidate independent review
20	B04-G	A-REG	gpt-6.1-sol	Max	Standard (default)	1	B04-R	serial integration + public proposals, freeze integration identity
21	B04-I	R-B04	gpt-6.1-sol	Ultra	Standard (default)	2	B04-G	Ultra actual integration affected check
21	B07-A	A-B07	gpt-6.1-sol	Max	Standard (default)	2	B05-I;B06-I;PRE0	bounded author candidate
22	B07-R	R-B07	gpt-6.1-sol	Ultra	Standard (default)	2	B07-A	Ultra candidate independent review
22	B03-C	A-REG	gpt-6.1-sol	Max	Standard (default)	2	B03-I	register verified contribution; keep canonical open until all contributors/final gate
23	B07-G	A-REG	gpt-6.1-sol	Max	Standard (default)	1	B07-R	serial integration + public proposals, freeze integration identity
24	B07-I	R-B07	gpt-6.1-sol	Ultra	Standard (default)	1	B07-G	Ultra actual integration affected check
25	B04-C	A-REG	gpt-6.1-sol	Max	Standard (default)	1	B04-I	register verified contribution; keep canonical open until all contributors/final gate
26	B05-C	A-REG	gpt-6.1-sol	Max	Standard (default)	1	B05-I	register verified contribution; keep canonical open until all contributors/final gate
27	B06-C	A-REG	gpt-6.1-sol	Max	Standard (default)	1	B06-I	register verified contribution; keep canonical open until all contributors/final gate
28	B07-C	A-REG	gpt-6.1-sol	Max	Standard (default)	1	B07-I	register verified contribution; keep canonical open until all contributors/final gate
29	B08-A	A-B08	gpt-6.1-sol	Max	Standard (default)	1	B03-I;B05-I;B07-I;PRE0	bounded author candidate
30	B08-R	R-B08	gpt-6.1-sol	Ultra	Standard (default)	1	B08-A	Ultra candidate independent review
31	B08-G	A-REG	gpt-6.1-sol	Max	Standard (default)	1	B08-R	serial integration + public proposals, freeze integration identity
32	B08-I	R-B08	gpt-6.1-sol	Ultra	Standard (default)	1	B08-G	Ultra actual integration affected check
33	B08-C	A-REG	gpt-6.1-sol	Max	Standard (default)	1	B08-I	register verified contribution; keep canonical open until all contributors/final gate
34	B09-A	A-B09	gpt-6.1-sol	Max	Standard (default)	1	B06-I;B07-I;B08-I;PRE0	bounded author candidate
35	B09-R	R-B09	gpt-6.1-sol	Ultra	Standard (default)	1	B09-A	Ultra candidate independent review
36	B09-G	A-REG	gpt-6.1-sol	Max	Standard (default)	1	B09-R	serial integration + public proposals, freeze integration identity
37	B09-I	R-B09	gpt-6.1-sol	Ultra	Standard (default)	2	B09-G	Ultra actual integration affected check
37	B14-A	A-B14	gpt-6.1-sol	Max	Standard (default)	2	B03-I;B04-I;B08-I;PRE0	bounded author candidate
38	B14-R	R-B14	gpt-6.1-sol	Ultra	Standard (default)	1	B14-A	Ultra candidate independent review
39	B14-G	A-REG	gpt-6.1-sol	Max	Standard (default)	1	B14-R	serial integration + public proposals, freeze integration identity
40	B14-I	R-B14	gpt-6.1-sol	Ultra	Standard (default)	2	B14-G	Ultra actual integration affected check
40	B10-A	A-B10	gpt-6.1-sol	Max	Standard (default)	2	B05-I;B09-I;PRE0	bounded author candidate
41	B10-R	R-B10	gpt-6.1-sol	Ultra	Standard (default)	1	B10-A	Ultra candidate independent review
42	B10-G	A-REG	gpt-6.1-sol	Max	Standard (default)	1	B10-R	serial integration + public proposals, freeze integration identity
43	B10-I	R-B10	gpt-6.1-sol	Ultra	Standard (default)	2	B10-G	Ultra actual integration affected check
43	B15-A	A-B15	gpt-6.1-sol	Max	Standard (default)	2	B05-I;B06-I;B07-I;B08-I;B14-I;PRE0	bounded author candidate
44	B15-R	R-B15	gpt-6.1-sol	Ultra	Standard (default)	2	B15-A	Ultra candidate independent review
44	B11-A	A-B11	gpt-6.1-sol	Max	Standard (default)	2	B10-I;PRE0	bounded author candidate
45	B11-R	R-B11	gpt-6.1-sol	Ultra	Standard (default)	2	B11-A	Ultra candidate independent review
45	B15-G	A-REG	gpt-6.1-sol	Max	Standard (default)	2	B15-R	serial integration + public proposals, freeze integration identity
46	B15-I	R-B15	gpt-6.1-sol	Ultra	Standard (default)	1	B15-G	Ultra actual integration affected check
47	B11-G	A-REG	gpt-6.1-sol	Max	Standard (default)	1	B11-R	serial integration + public proposals, freeze integration identity
48	B11-I	R-B11	gpt-6.1-sol	Ultra	Standard (default)	2	B11-G	Ultra actual integration affected check
48	B16-A	A-B16	gpt-6.1-sol	Max	Standard (default)	2	B02-I;B04-I;B06-I;B07-I;B15-I;PRE0	bounded author candidate
49	B16-R	R-B16	gpt-6.1-sol	Ultra	Standard (default)	1	B16-A	Ultra candidate independent review
50	B16-G	A-REG	gpt-6.1-sol	Max	Standard (default)	1	B16-R	serial integration + public proposals, freeze integration identity
51	B16-I	R-B16	gpt-6.1-sol	Ultra	Standard (default)	2	B16-G	Ultra actual integration affected check
51	B12-A	A-B12	gpt-6.1-sol	Max	Standard (default)	2	B09-I;B10-I;B11-I;PRE0	bounded author candidate
52	B12-R	R-B12	gpt-6.1-sol	Ultra	Standard (default)	1	B12-A	Ultra candidate independent review
53	B12-G	A-REG	gpt-6.1-sol	Max	Standard (default)	1	B12-R	serial integration + public proposals, freeze integration identity
54	B12-I	R-B12	gpt-6.1-sol	Ultra	Standard (default)	1	B12-G	Ultra actual integration affected check
55	B09-C	A-REG	gpt-6.1-sol	Max	Standard (default)	1	B09-I	register verified contribution; keep canonical open until all contributors/final gate
56	B10-C	A-REG	gpt-6.1-sol	Max	Standard (default)	1	B10-I	register verified contribution; keep canonical open until all contributors/final gate
57	B11-C	A-REG	gpt-6.1-sol	Max	Standard (default)	1	B11-I	register verified contribution; keep canonical open until all contributors/final gate
58	B12-C	A-REG	gpt-6.1-sol	Max	Standard (default)	1	B12-I	register verified contribution; keep canonical open until all contributors/final gate
59	B14-C	A-REG	gpt-6.1-sol	Max	Standard (default)	1	B14-I	register verified contribution; keep canonical open until all contributors/final gate
60	B15-C	A-REG	gpt-6.1-sol	Max	Standard (default)	1	B15-I	register verified contribution; keep canonical open until all contributors/final gate
61	B16-C	A-REG	gpt-6.1-sol	Max	Standard (default)	1	B16-I	register verified contribution; keep canonical open until all contributors/final gate
62	B13-A	A-B13	gpt-6.1-sol	Max	Standard (default)	1	B07-I;B09-I;B10-I;B12-I;PRE0	bounded author candidate
63	B13-R	R-B13	gpt-6.1-sol	Ultra	Standard (default)	1	B13-A	Ultra candidate independent review
64	B13-G	A-REG	gpt-6.1-sol	Max	Standard (default)	1	B13-R	serial integration + public proposals, freeze integration identity
65	B13-I	R-B13	gpt-6.1-sol	Ultra	Standard (default)	1	B13-G	Ultra actual integration affected check
66	B13-C	A-REG	gpt-6.1-sol	Max	Standard (default)	1	B13-I	register verified contribution; keep canonical open until all contributors/final gate
67	B17-A	A-B17	gpt-6.1-sol	Max	Standard (default)	1	B09-I;B10-I;B13-I;B16-I;PRE0	bounded author candidate
68	B17-R	R-B17	gpt-6.1-sol	Ultra	Standard (default)	1	B17-A	Ultra candidate independent review
69	B17-G	A-REG	gpt-6.1-sol	Max	Standard (default)	1	B17-R	serial integration + public proposals, freeze integration identity
70	B17-I	R-B17	gpt-6.1-sol	Ultra	Standard (default)	1	B17-G	Ultra actual integration affected check
71	B17-C	A-REG	gpt-6.1-sol	Max	Standard (default)	1	B17-I	register verified contribution; keep canonical open until all contributors/final gate
72	B18-A	A-B18	gpt-6.1-sol	Max	Standard (default)	1	B02-I;B06-I;B16-I;PRE0	bounded author candidate
73	B18-R	R-B18	gpt-6.1-sol	Ultra	Standard (default)	1	B18-A	Ultra candidate independent review
74	B18-G	A-REG	gpt-6.1-sol	Max	Standard (default)	1	B18-R	serial integration + public proposals, freeze integration identity
75	B18-I	R-B18	gpt-6.1-sol	Ultra	Standard (default)	2	B18-G	Ultra actual integration affected check
75	B19-A	A-B19	gpt-6.1-sol	Max	Standard (default)	2	B01-I;B05-I;B08-I;B14-I;B16-I;B17-I;PRE0	bounded author candidate
76	B19-R	R-B19	gpt-6.1-sol	Ultra	Standard (default)	1	B19-A	Ultra candidate independent review
77	B19-G	A-REG	gpt-6.1-sol	Max	Standard (default)	1	B19-R	serial integration + public proposals, freeze integration identity
78	B19-I	R-B19	gpt-6.1-sol	Ultra	Standard (default)	1	B19-G	Ultra actual integration affected check
79	B18-C	A-REG	gpt-6.1-sol	Max	Standard (default)	1	B18-I	register verified contribution; keep canonical open until all contributors/final gate
80	B19-C	A-REG	gpt-6.1-sol	Max	Standard (default)	1	B19-I	register verified contribution; keep canonical open until all contributors/final gate
81	B20-A	A-B20	gpt-6.1-sol	Max	Standard (default)	1	B03-I;B04-I;B08-I;B14-I;B15-I;B17-I;B19-I;PRE0	bounded author candidate
82	B20-R	R-B20	gpt-6.1-sol	Ultra	Standard (default)	1	B20-A	Ultra candidate independent review
83	B20-G	A-REG	gpt-6.1-sol	Max	Standard (default)	1	B20-R	serial integration + public proposals, freeze integration identity
84	B20-I	R-B20	gpt-6.1-sol	Ultra	Standard (default)	1	B20-G	Ultra actual integration affected check
85	B20-C	A-REG	gpt-6.1-sol	Max	Standard (default)	1	B20-I	register verified contribution; keep canonical open until all contributors/final gate
86	B21-A	A-REG	gpt-6.1-sol	Max	Standard (default)	1	B01-I;B02-I;B03-I;B04-I;B05-I;B06-I;B07-I;B08-I;B09-I;B10-I;B11-I;B12-I;B13-I;B14-I;B15-I;B16-I;B17-I;B18-I;B19-I;B20-I;PRE0	bounded author candidate
87	B21-R	R-B21	gpt-6.1-sol	Ultra	Standard (default)	1	B21-A	Ultra candidate independent review
88	B21-G	A-REG	gpt-6.1-sol	Max	Standard (default)	1	B21-R	serial integration + public proposals, freeze integration identity
89	B21-I	R-B21	gpt-6.1-sol	Ultra	Standard (default)	1	B21-G	Ultra actual integration affected check
90	FINAL-1	R-FINAL	gpt-6.1-sol	Ultra	Standard (default)	1	B01-C;B02-C;B03-C;B04-C;B05-C;B06-C;B07-C;B08-C;B09-C;B10-C;B11-C;B12-C;B13-C;B14-C;B15-C;B16-C;B17-C;B18-C;B19-C;B20-C;B21-I	Ultra final 229 IDs + 54 junctions + 8 chains + public registry
91	B21-C	A-REG	gpt-6.1-sol	Max	Standard (default)	1	B21-I;FINAL-1	A-REG closure ledger only after all contributor checks and FINAL-1; freezes final deliverable commit
92	FINAL-2	R-FINAL	gpt-6.1-sol	Ultra	Standard (default)	1	B21-C	Ultra check exact final deliverable identity including closure metadata; same final reviewer task
