finding_id	priority	required_revision	primary_owner	contributor_batches	work_packages	canonical_object	effective_acceptance	status	closure_gate
GIR-FD82-001	P3	true	B21	B01;B18;B21	WP01;WP68;WP69;WP70;WP71;WP80	https://github.com/y805939188/pokemon-essentials-clean-room/blob/93e10babe0b9c9ef8b3f5277754541b447beeeb4/review/global-independent-review/2026-10-03-fd82a639/findings.json#GIR-FD82-001	finding-acceptance.json#GIR-FD82-001	PLANNED_OPEN_NOT_REVISED	all contributor candidate+integration checks; final Ultra; A-REG ledger
GIR-FD82-002	P2	true	B21	B03;B04;B14;B21	WP11;WP13;WP16;WP59;WP79	https://github.com/y805939188/pokemon-essentials-clean-room/blob/93e10babe0b9c9ef8b3f5277754541b447beeeb4/review/global-independent-review/2026-10-03-fd82a639/findings.json#GIR-FD82-002	finding-acceptance.json#GIR-FD82-002	PLANNED_OPEN_NOT_REVISED	all contributor candidate+integration checks; final Ultra; A-REG ledger
GIR-FD82-003	P2	true	B21	B04;B08;B09;B10;B12;B13;B14;B15;B16;B17;B19;B20;B21	WP15;WP16;WP36;WP37;WP39;WP40;WP52-A;WP52-B;WP52-C;WP54;WP59;WP60;WP61;WP63;WP65;WP66-A;WP67-B;WP72;WP73-A;WP73-B;WP74	https://github.com/y805939188/pokemon-essentials-clean-room/blob/93e10babe0b9c9ef8b3f5277754541b447beeeb4/review/global-independent-review/2026-10-03-fd82a639/findings.json#GIR-FD82-003	finding-acceptance.json#GIR-FD82-003	PLANNED_OPEN_NOT_REVISED	all contributor candidate+integration checks; final Ultra; A-REG ledger
GIR-FD82-004	P2	true	B16	B16	WP66-B	https://github.com/y805939188/pokemon-essentials-clean-room/blob/93e10babe0b9c9ef8b3f5277754541b447beeeb4/review/global-independent-review/2026-10-03-fd82a639/findings.json#GIR-FD82-004	finding-acceptance.json#GIR-FD82-004	PLANNED_OPEN_NOT_REVISED	all contributor candidate+integration checks; final Ultra; A-REG ledger
GIR-FD82-005	P2	true	B17	B09;B17	WP67-A	https://github.com/y805939188/pokemon-essentials-clean-room/blob/93e10babe0b9c9ef8b3f5277754541b447beeeb4/review/global-independent-review/2026-10-03-fd82a639/findings.json#GIR-FD82-005	finding-acceptance.json#GIR-FD82-005	PLANNED_OPEN_NOT_REVISED	all contributor candidate+integration checks; final Ultra; A-REG ledger
GIR-FD82-006	P3	true	B21	B04;B16;B21	WP17;WP66-A;WP66-C;WP79	https://github.com/y805939188/pokemon-essentials-clean-room/blob/93e10babe0b9c9ef8b3f5277754541b447beeeb4/review/global-independent-review/2026-10-03-fd82a639/findings.json#GIR-FD82-006	finding-acceptance.json#GIR-FD82-006	PLANNED_OPEN_NOT_REVISED	all contributor candidate+integration checks; final Ultra; A-REG ledger
GIR-FD82-A001	P2	true	B01	B01	WP04	https://github.com/y805939188/pokemon-essentials-clean-room/blob/93e10babe0b9c9ef8b3f5277754541b447beeeb4/review/global-independent-review/2026-10-03-fd82a639/findings.json#GIR-FD82-A001	finding-acceptance.json#GIR-FD82-A001	PLANNED_OPEN_NOT_REVISED	all contributor candidate+integration checks; final Ultra; A-REG ledger
GIR-FD82-A002	P2	true	B01	B01	WP04	https://github.com/y805939188/pokemon-essentials-clean-room/blob/93e10babe0b9c9ef8b3f5277754541b447beeeb4/review/global-independent-review/2026-10-03-fd82a639/findings.json#GIR-FD82-A002	finding-acceptance.json#GIR-FD82-A002	PLANNED_OPEN_NOT_REVISED	all contributor candidate+integration checks; final Ultra; A-REG ledger
GIR-FD82-A003	P2	true	B01	B01	WP05	https://github.com/y805939188/pokemon-essentials-clean-room/blob/93e10babe0b9c9ef8b3f5277754541b447beeeb4/review/global-independent-review/2026-10-03-fd82a639/findings.json#GIR-FD82-A003	finding-acceptance.json#GIR-FD82-A003	PLANNED_OPEN_NOT_REVISED	all contributor candidate+integration checks; final Ultra; A-REG ledger
GIR-FD82-A004	P2	true	B01	B01	WP05	https://github.com/y805939188/pokemon-essentials-clean-room/blob/93e10babe0b9c9ef8b3f5277754541b447beeeb4/review/global-independent-review/2026-10-03-fd82a639/findings.json#GIR-FD82-A004	finding-acceptance.json#GIR-FD82-A004	PLANNED_OPEN_NOT_REVISED	all contributor candidate+integration checks; final Ultra; A-REG ledger
GIR-FD82-A006	P2	true	B02	B01;B02	WP02;WP08	https://github.com/y805939188/pokemon-essentials-clean-room/blob/93e10babe0b9c9ef8b3f5277754541b447beeeb4/review/global-independent-review/2026-10-03-fd82a639/findings.json#GIR-FD82-A006	finding-acceptance.json#GIR-FD82-A006	PLANNED_OPEN_NOT_REVISED	all contributor candidate+integration checks; final Ultra; A-REG ledger
GIR-FD82-A009	P3	true	B01	B01	WP05	https://github.com/y805939188/pokemon-essentials-clean-room/blob/93e10babe0b9c9ef8b3f5277754541b447beeeb4/review/global-independent-review/2026-10-03-fd82a639/findings.json#GIR-FD82-A009	finding-acceptance.json#GIR-FD82-A009	PLANNED_OPEN_NOT_REVISED	all contributor candidate+integration checks; final Ultra; A-REG ledger
GIR-FD82-A010	P2	true	B02	B02	WP06	https://github.com/y805939188/pokemon-essentials-clean-room/blob/93e10babe0b9c9ef8b3f5277754541b447beeeb4/review/global-independent-review/2026-10-03-fd82a639/findings.json#GIR-FD82-A010	finding-acceptance.json#GIR-FD82-A010	PLANNED_OPEN_NOT_REVISED	all contributor candidate+integration checks; final Ultra; A-REG ledger
GIR-FD82-A011	P2	true	B02	B02	WP06	https://github.com/y805939188/pokemon-essentials-clean-room/blob/93e10babe0b9c9ef8b3f5277754541b447beeeb4/review/global-independent-review/2026-10-03-fd82a639/findings.json#GIR-FD82-A011	finding-acceptance.json#GIR-FD82-A011	PLANNED_OPEN_NOT_REVISED	all contributor candidate+integration checks; final Ultra; A-REG ledger
GIR-FD82-A012	P2	true	B02	B02	WP07	https://github.com/y805939188/pokemon-essentials-clean-room/blob/93e10babe0b9c9ef8b3f5277754541b447beeeb4/review/global-independent-review/2026-10-03-fd82a639/findings.json#GIR-FD82-A012	finding-acceptance.json#GIR-FD82-A012	PLANNED_OPEN_NOT_REVISED	all contributor candidate+integration checks; final Ultra; A-REG ledger
GIR-FD82-A013	P2	true	B02	B02	WP08	https://github.com/y805939188/pokemon-essentials-clean-room/blob/93e10babe0b9c9ef8b3f5277754541b447beeeb4/review/global-independent-review/2026-10-03-fd82a639/findings.json#GIR-FD82-A013	finding-acceptance.json#GIR-FD82-A013	PLANNED_OPEN_NOT_REVISED	all contributor candidate+integration checks; final Ultra; A-REG ledger
GIR-FD82-A014	P2	true	B02	B02	WP09;WP10	https://github.com/y805939188/pokemon-essentials-clean-room/blob/93e10babe0b9c9ef8b3f5277754541b447beeeb4/review/global-independent-review/2026-10-03-fd82a639/findings.json#GIR-FD82-A014	finding-acceptance.json#GIR-FD82-A014	PLANNED_OPEN_NOT_REVISED	all contributor candidate+integration checks; final Ultra; A-REG ledger
GIR-FD82-A015	P2	true	B16	B02;B16	WP09;WP65	https://github.com/y805939188/pokemon-essentials-clean-room/blob/93e10babe0b9c9ef8b3f5277754541b447beeeb4/review/global-independent-review/2026-10-03-fd82a639/findings.json#GIR-FD82-A015	finding-acceptance.json#GIR-FD82-A015	PLANNED_OPEN_NOT_REVISED	all contributor candidate+integration checks; final Ultra; A-REG ledger
GIR-FD82-A016	P2	true	B02	B02	WP06;WP10	https://github.com/y805939188/pokemon-essentials-clean-room/blob/93e10babe0b9c9ef8b3f5277754541b447beeeb4/review/global-independent-review/2026-10-03-fd82a639/findings.json#GIR-FD82-A016	finding-acceptance.json#GIR-FD82-A016	PLANNED_OPEN_NOT_REVISED	all contributor candidate+integration checks; final Ultra; A-REG ledger
GIR-FD82-A017	P3	true	B02	B02;B21	WP06	https://github.com/y805939188/pokemon-essentials-clean-room/blob/93e10babe0b9c9ef8b3f5277754541b447beeeb4/review/global-independent-review/2026-10-03-fd82a639/findings.json#GIR-FD82-A017	finding-acceptance.json#GIR-FD82-A017	PLANNED_OPEN_NOT_REVISED	all contributor candidate+integration checks; final Ultra; A-REG ledger
GIR-FD82-A018	P3	true	B02	B02	WP08	https://github.com/y805939188/pokemon-essentials-clean-room/blob/93e10babe0b9c9ef8b3f5277754541b447beeeb4/review/global-independent-review/2026-10-03-fd82a639/findings.json#GIR-FD82-A018	finding-acceptance.json#GIR-FD82-A018	PLANNED_OPEN_NOT_REVISED	all contributor candidate+integration checks; final Ultra; A-REG ledger
GIR-FD82-A020	P2	true	B07	B01;B05;B07	WP19;WP28	https://github.com/y805939188/pokemon-essentials-clean-room/blob/93e10babe0b9c9ef8b3f5277754541b447beeeb4/review/global-independent-review/2026-10-03-fd82a639/findings.json#GIR-FD82-A020	finding-acceptance.json#GIR-FD82-A020	PLANNED_OPEN_NOT_REVISED	all contributor candidate+integration checks; final Ultra; A-REG ledger
GIR-FD82-A021	P3	true	B05	B05	WP18	https://github.com/y805939188/pokemon-essentials-clean-room/blob/93e10babe0b9c9ef8b3f5277754541b447beeeb4/review/global-independent-review/2026-10-03-fd82a639/findings.json#GIR-FD82-A021	finding-acceptance.json#GIR-FD82-A021	PLANNED_OPEN_NOT_REVISED	all contributor candidate+integration checks; final Ultra; A-REG ledger
GIR-FD82-A022	P2	true	B05	B05	WP18;WP21	https://github.com/y805939188/pokemon-essentials-clean-room/blob/93e10babe0b9c9ef8b3f5277754541b447beeeb4/review/global-independent-review/2026-10-03-fd82a639/findings.json#GIR-FD82-A022	finding-acceptance.json#GIR-FD82-A022	PLANNED_OPEN_NOT_REVISED	all contributor candidate+integration checks; final Ultra; A-REG ledger
GIR-FD82-A023	P2	true	B05	B05	WP20	https://github.com/y805939188/pokemon-essentials-clean-room/blob/93e10babe0b9c9ef8b3f5277754541b447beeeb4/review/global-independent-review/2026-10-03-fd82a639/findings.json#GIR-FD82-A023	finding-acceptance.json#GIR-FD82-A023	PLANNED_OPEN_NOT_REVISED	all contributor candidate+integration checks; final Ultra; A-REG ledger
GIR-FD82-A024	P3	true	B05	B05;B07	WP20	https://github.com/y805939188/pokemon-essentials-clean-room/blob/93e10babe0b9c9ef8b3f5277754541b447beeeb4/review/global-independent-review/2026-10-03-fd82a639/findings.json#GIR-FD82-A024	finding-acceptance.json#GIR-FD82-A024	PLANNED_OPEN_NOT_REVISED	all contributor candidate+integration checks; final Ultra; A-REG ledger
GIR-FD82-A025	P3	true	B05	B05	WP20	https://github.com/y805939188/pokemon-essentials-clean-room/blob/93e10babe0b9c9ef8b3f5277754541b447beeeb4/review/global-independent-review/2026-10-03-fd82a639/findings.json#GIR-FD82-A025	finding-acceptance.json#GIR-FD82-A025	PLANNED_OPEN_NOT_REVISED	all contributor candidate+integration checks; final Ultra; A-REG ledger
GIR-FD82-A026	P2	true	B07	B05;B07	WP21;WP28	https://github.com/y805939188/pokemon-essentials-clean-room/blob/93e10babe0b9c9ef8b3f5277754541b447beeeb4/review/global-independent-review/2026-10-03-fd82a639/findings.json#GIR-FD82-A026	finding-acceptance.json#GIR-FD82-A026	PLANNED_OPEN_NOT_REVISED	all contributor candidate+integration checks; final Ultra; A-REG ledger
GIR-FD82-A027	P2	true	B05	B05	WP21	https://github.com/y805939188/pokemon-essentials-clean-room/blob/93e10babe0b9c9ef8b3f5277754541b447beeeb4/review/global-independent-review/2026-10-03-fd82a639/findings.json#GIR-FD82-A027	finding-acceptance.json#GIR-FD82-A027	PLANNED_OPEN_NOT_REVISED	all contributor candidate+integration checks; final Ultra; A-REG ledger
GIR-FD82-A028	P2	true	B05	B05	WP22	https://github.com/y805939188/pokemon-essentials-clean-room/blob/93e10babe0b9c9ef8b3f5277754541b447beeeb4/review/global-independent-review/2026-10-03-fd82a639/findings.json#GIR-FD82-A028	finding-acceptance.json#GIR-FD82-A028	PLANNED_OPEN_NOT_REVISED	all contributor candidate+integration checks; final Ultra; A-REG ledger
GIR-FD82-A029	P2	true	B05	B05	WP23	https://github.com/y805939188/pokemon-essentials-clean-room/blob/93e10babe0b9c9ef8b3f5277754541b447beeeb4/review/global-independent-review/2026-10-03-fd82a639/findings.json#GIR-FD82-A029	finding-acceptance.json#GIR-FD82-A029	PLANNED_OPEN_NOT_REVISED	all contributor candidate+integration checks; final Ultra; A-REG ledger
GIR-FD82-A030	P2	true	B05	B05	WP23	https://github.com/y805939188/pokemon-essentials-clean-room/blob/93e10babe0b9c9ef8b3f5277754541b447beeeb4/review/global-independent-review/2026-10-03-fd82a639/findings.json#GIR-FD82-A030	finding-acceptance.json#GIR-FD82-A030	PLANNED_OPEN_NOT_REVISED	all contributor candidate+integration checks; final Ultra; A-REG ledger
GIR-FD82-A031	P3	true	B05	B05	WP23	https://github.com/y805939188/pokemon-essentials-clean-room/blob/93e10babe0b9c9ef8b3f5277754541b447beeeb4/review/global-independent-review/2026-10-03-fd82a639/findings.json#GIR-FD82-A031	finding-acceptance.json#GIR-FD82-A031	PLANNED_OPEN_NOT_REVISED	all contributor candidate+integration checks; final Ultra; A-REG ledger
GIR-FD82-A032	P3	true	B06	B06	WP24	https://github.com/y805939188/pokemon-essentials-clean-room/blob/93e10babe0b9c9ef8b3f5277754541b447beeeb4/review/global-independent-review/2026-10-03-fd82a639/findings.json#GIR-FD82-A032	finding-acceptance.json#GIR-FD82-A032	PLANNED_OPEN_NOT_REVISED	all contributor candidate+integration checks; final Ultra; A-REG ledger
GIR-FD82-A033	P3	true	B06	B06	WP24	https://github.com/y805939188/pokemon-essentials-clean-room/blob/93e10babe0b9c9ef8b3f5277754541b447beeeb4/review/global-independent-review/2026-10-03-fd82a639/findings.json#GIR-FD82-A033	finding-acceptance.json#GIR-FD82-A033	PLANNED_OPEN_NOT_REVISED	all contributor candidate+integration checks; final Ultra; A-REG ledger
GIR-FD82-A034	P2	true	B06	B06;B08	WP24	https://github.com/y805939188/pokemon-essentials-clean-room/blob/93e10babe0b9c9ef8b3f5277754541b447beeeb4/review/global-independent-review/2026-10-03-fd82a639/findings.json#GIR-FD82-A034	finding-acceptance.json#GIR-FD82-A034	PLANNED_OPEN_NOT_REVISED	all contributor candidate+integration checks; final Ultra; A-REG ledger
GIR-FD82-A035	P2	true	B06	B06	WP25	https://github.com/y805939188/pokemon-essentials-clean-room/blob/93e10babe0b9c9ef8b3f5277754541b447beeeb4/review/global-independent-review/2026-10-03-fd82a639/findings.json#GIR-FD82-A035	finding-acceptance.json#GIR-FD82-A035	PLANNED_OPEN_NOT_REVISED	all contributor candidate+integration checks; final Ultra; A-REG ledger
GIR-FD82-A036	P3	true	B06	B06	WP25	https://github.com/y805939188/pokemon-essentials-clean-room/blob/93e10babe0b9c9ef8b3f5277754541b447beeeb4/review/global-independent-review/2026-10-03-fd82a639/findings.json#GIR-FD82-A036	finding-acceptance.json#GIR-FD82-A036	PLANNED_OPEN_NOT_REVISED	all contributor candidate+integration checks; final Ultra; A-REG ledger
GIR-FD82-A037	P3	true	B06	B06	WP26	https://github.com/y805939188/pokemon-essentials-clean-room/blob/93e10babe0b9c9ef8b3f5277754541b447beeeb4/review/global-independent-review/2026-10-03-fd82a639/findings.json#GIR-FD82-A037	finding-acceptance.json#GIR-FD82-A037	PLANNED_OPEN_NOT_REVISED	all contributor candidate+integration checks; final Ultra; A-REG ledger
GIR-FD82-A038	P3	true	B06	B06	WP27	https://github.com/y805939188/pokemon-essentials-clean-room/blob/93e10babe0b9c9ef8b3f5277754541b447beeeb4/review/global-independent-review/2026-10-03-fd82a639/findings.json#GIR-FD82-A038	finding-acceptance.json#GIR-FD82-A038	PLANNED_OPEN_NOT_REVISED	all contributor candidate+integration checks; final Ultra; A-REG ledger
GIR-FD82-A039	P2	true	B07	B07	WP28	https://github.com/y805939188/pokemon-essentials-clean-room/blob/93e10babe0b9c9ef8b3f5277754541b447beeeb4/review/global-independent-review/2026-10-03-fd82a639/findings.json#GIR-FD82-A039	finding-acceptance.json#GIR-FD82-A039	PLANNED_OPEN_NOT_REVISED	all contributor candidate+integration checks; final Ultra; A-REG ledger
GIR-FD82-A040	P2	true	B07	B05;B07;B17	WP19;WP28	https://github.com/y805939188/pokemon-essentials-clean-room/blob/93e10babe0b9c9ef8b3f5277754541b447beeeb4/review/global-independent-review/2026-10-03-fd82a639/findings.json#GIR-FD82-A040	finding-acceptance.json#GIR-FD82-A040	PLANNED_OPEN_NOT_REVISED	all contributor candidate+integration checks; final Ultra; A-REG ledger
GIR-FD82-A041	P2	true	B07	B07	WP28	https://github.com/y805939188/pokemon-essentials-clean-room/blob/93e10babe0b9c9ef8b3f5277754541b447beeeb4/review/global-independent-review/2026-10-03-fd82a639/findings.json#GIR-FD82-A041	finding-acceptance.json#GIR-FD82-A041	PLANNED_OPEN_NOT_REVISED	all contributor candidate+integration checks; final Ultra; A-REG ledger
GIR-FD82-A043	P3	true	B07	B07	WP29	https://github.com/y805939188/pokemon-essentials-clean-room/blob/93e10babe0b9c9ef8b3f5277754541b447beeeb4/review/global-independent-review/2026-10-03-fd82a639/findings.json#GIR-FD82-A043	finding-acceptance.json#GIR-FD82-A043	PLANNED_OPEN_NOT_REVISED	all contributor candidate+integration checks; final Ultra; A-REG ledger
GIR-FD82-A044	P2	true	B16	B05;B07;B16	WP20;WP28;WP30;WP66-A	https://github.com/y805939188/pokemon-essentials-clean-room/blob/93e10babe0b9c9ef8b3f5277754541b447beeeb4/review/global-independent-review/2026-10-03-fd82a639/findings.json#GIR-FD82-A044	finding-acceptance.json#GIR-FD82-A044	PLANNED_OPEN_NOT_REVISED	all contributor candidate+integration checks; final Ultra; A-REG ledger
GIR-FD82-A045	P2	true	B07	B07	WP28;WP31	https://github.com/y805939188/pokemon-essentials-clean-room/blob/93e10babe0b9c9ef8b3f5277754541b447beeeb4/review/global-independent-review/2026-10-03-fd82a639/findings.json#GIR-FD82-A045	finding-acceptance.json#GIR-FD82-A045	PLANNED_OPEN_NOT_REVISED	all contributor candidate+integration checks; final Ultra; A-REG ledger
GIR-FD82-A046	P2	true	B07	B07;B11;B12	WP28	https://github.com/y805939188/pokemon-essentials-clean-room/blob/93e10babe0b9c9ef8b3f5277754541b447beeeb4/review/global-independent-review/2026-10-03-fd82a639/findings.json#GIR-FD82-A046	finding-acceptance.json#GIR-FD82-A046	PLANNED_OPEN_NOT_REVISED	all contributor candidate+integration checks; final Ultra; A-REG ledger
GIR-FD82-A047	P2	true	B07	B07;B09	WP30	https://github.com/y805939188/pokemon-essentials-clean-room/blob/93e10babe0b9c9ef8b3f5277754541b447beeeb4/review/global-independent-review/2026-10-03-fd82a639/findings.json#GIR-FD82-A047	finding-acceptance.json#GIR-FD82-A047	PLANNED_OPEN_NOT_REVISED	all contributor candidate+integration checks; final Ultra; A-REG ledger
GIR-FD82-A048	P2	true	B16	B07;B16	WP30;WP66-A	https://github.com/y805939188/pokemon-essentials-clean-room/blob/93e10babe0b9c9ef8b3f5277754541b447beeeb4/review/global-independent-review/2026-10-03-fd82a639/findings.json#GIR-FD82-A048	finding-acceptance.json#GIR-FD82-A048	PLANNED_OPEN_NOT_REVISED	all contributor candidate+integration checks; final Ultra; A-REG ledger
GIR-FD82-A049	P3	true	B07	B07;B09	WP30	https://github.com/y805939188/pokemon-essentials-clean-room/blob/93e10babe0b9c9ef8b3f5277754541b447beeeb4/review/global-independent-review/2026-10-03-fd82a639/findings.json#GIR-FD82-A049	finding-acceptance.json#GIR-FD82-A049	PLANNED_OPEN_NOT_REVISED	all contributor candidate+integration checks; final Ultra; A-REG ledger
GIR-FD82-A050	P3	true	B07	B07;B17	WP31	https://github.com/y805939188/pokemon-essentials-clean-room/blob/93e10babe0b9c9ef8b3f5277754541b447beeeb4/review/global-independent-review/2026-10-03-fd82a639/findings.json#GIR-FD82-A050	finding-acceptance.json#GIR-FD82-A050	PLANNED_OPEN_NOT_REVISED	all contributor candidate+integration checks; final Ultra; A-REG ledger
GIR-FD82-A051	P3	true	B07	B07	WP32	https://github.com/y805939188/pokemon-essentials-clean-room/blob/93e10babe0b9c9ef8b3f5277754541b447beeeb4/review/global-independent-review/2026-10-03-fd82a639/findings.json#GIR-FD82-A051	finding-acceptance.json#GIR-FD82-A051	PLANNED_OPEN_NOT_REVISED	all contributor candidate+integration checks; final Ultra; A-REG ledger
GIR-FD82-A052	P3	true	B08	B08	WP33	https://github.com/y805939188/pokemon-essentials-clean-room/blob/93e10babe0b9c9ef8b3f5277754541b447beeeb4/review/global-independent-review/2026-10-03-fd82a639/findings.json#GIR-FD82-A052	finding-acceptance.json#GIR-FD82-A052	PLANNED_OPEN_NOT_REVISED	all contributor candidate+integration checks; final Ultra; A-REG ledger
GIR-FD82-A053	P2	true	B08	B08	WP35	https://github.com/y805939188/pokemon-essentials-clean-room/blob/93e10babe0b9c9ef8b3f5277754541b447beeeb4/review/global-independent-review/2026-10-03-fd82a639/findings.json#GIR-FD82-A053	finding-acceptance.json#GIR-FD82-A053	PLANNED_OPEN_NOT_REVISED	all contributor candidate+integration checks; final Ultra; A-REG ledger
GIR-FD82-A054	P2	true	B15	B15	WP62	https://github.com/y805939188/pokemon-essentials-clean-room/blob/93e10babe0b9c9ef8b3f5277754541b447beeeb4/review/global-independent-review/2026-10-03-fd82a639/findings.json#GIR-FD82-A054	finding-acceptance.json#GIR-FD82-A054	PLANNED_OPEN_NOT_REVISED	all contributor candidate+integration checks; final Ultra; A-REG ledger
GIR-FD82-A055	P2	true	B15	B15;B16	WP62	https://github.com/y805939188/pokemon-essentials-clean-room/blob/93e10babe0b9c9ef8b3f5277754541b447beeeb4/review/global-independent-review/2026-10-03-fd82a639/findings.json#GIR-FD82-A055	finding-acceptance.json#GIR-FD82-A055	PLANNED_OPEN_NOT_REVISED	all contributor candidate+integration checks; final Ultra; A-REG ledger
GIR-FD82-A056	P3	true	B16	B15;B16	WP62;WP66-B	https://github.com/y805939188/pokemon-essentials-clean-room/blob/93e10babe0b9c9ef8b3f5277754541b447beeeb4/review/global-independent-review/2026-10-03-fd82a639/findings.json#GIR-FD82-A056	finding-acceptance.json#GIR-FD82-A056	PLANNED_OPEN_NOT_REVISED	all contributor candidate+integration checks; final Ultra; A-REG ledger
GIR-FD82-A057	P2	true	B15	B15	WP64	https://github.com/y805939188/pokemon-essentials-clean-room/blob/93e10babe0b9c9ef8b3f5277754541b447beeeb4/review/global-independent-review/2026-10-03-fd82a639/findings.json#GIR-FD82-A057	finding-acceptance.json#GIR-FD82-A057	PLANNED_OPEN_NOT_REVISED	all contributor candidate+integration checks; final Ultra; A-REG ledger
GIR-FD82-A058	P2	true	B16	B04;B16;B21	WP17;WP65;WP79	https://github.com/y805939188/pokemon-essentials-clean-room/blob/93e10babe0b9c9ef8b3f5277754541b447beeeb4/review/global-independent-review/2026-10-03-fd82a639/findings.json#GIR-FD82-A058	finding-acceptance.json#GIR-FD82-A058	PLANNED_OPEN_NOT_REVISED	all contributor candidate+integration checks; final Ultra; A-REG ledger
GIR-FD82-A059	P2	true	B17	B04;B06;B09;B17;B21	WP15;WP39;WP67-A;WP79	https://github.com/y805939188/pokemon-essentials-clean-room/blob/93e10babe0b9c9ef8b3f5277754541b447beeeb4/review/global-independent-review/2026-10-03-fd82a639/findings.json#GIR-FD82-A059	finding-acceptance.json#GIR-FD82-A059	PLANNED_OPEN_NOT_REVISED	all contributor candidate+integration checks; final Ultra; A-REG ledger
GIR-FD82-B001	P2	true	B09	B09	WP40	https://github.com/y805939188/pokemon-essentials-clean-room/blob/93e10babe0b9c9ef8b3f5277754541b447beeeb4/review/global-independent-review/2026-10-03-fd82a639/findings.json#GIR-FD82-B001	finding-acceptance.json#GIR-FD82-B001	PLANNED_OPEN_NOT_REVISED	all contributor candidate+integration checks; final Ultra; A-REG ledger
GIR-FD82-B002	P2	true	B09	B09	WP39	https://github.com/y805939188/pokemon-essentials-clean-room/blob/93e10babe0b9c9ef8b3f5277754541b447beeeb4/review/global-independent-review/2026-10-03-fd82a639/findings.json#GIR-FD82-B002	finding-acceptance.json#GIR-FD82-B002	PLANNED_OPEN_NOT_REVISED	all contributor candidate+integration checks; final Ultra; A-REG ledger
GIR-FD82-B003	P2	true	B11	B09;B11;B13	WP39;WP47-B	https://github.com/y805939188/pokemon-essentials-clean-room/blob/93e10babe0b9c9ef8b3f5277754541b447beeeb4/review/global-independent-review/2026-10-03-fd82a639/findings.json#GIR-FD82-B003	finding-acceptance.json#GIR-FD82-B003	PLANNED_OPEN_NOT_REVISED	all contributor candidate+integration checks; final Ultra; A-REG ledger
GIR-FD82-B005	P2	true	B09	B09	WP38;WP39;WP40;WP41	https://github.com/y805939188/pokemon-essentials-clean-room/blob/93e10babe0b9c9ef8b3f5277754541b447beeeb4/review/global-independent-review/2026-10-03-fd82a639/findings.json#GIR-FD82-B005	finding-acceptance.json#GIR-FD82-B005	PLANNED_OPEN_NOT_REVISED	all contributor candidate+integration checks; final Ultra; A-REG ledger
GIR-FD82-B006	P2	true	B09	B09	WP40	https://github.com/y805939188/pokemon-essentials-clean-room/blob/93e10babe0b9c9ef8b3f5277754541b447beeeb4/review/global-independent-review/2026-10-03-fd82a639/findings.json#GIR-FD82-B006	finding-acceptance.json#GIR-FD82-B006	PLANNED_OPEN_NOT_REVISED	all contributor candidate+integration checks; final Ultra; A-REG ledger
GIR-FD82-B007	P2	true	B09	B09;B11	WP38	https://github.com/y805939188/pokemon-essentials-clean-room/blob/93e10babe0b9c9ef8b3f5277754541b447beeeb4/review/global-independent-review/2026-10-03-fd82a639/findings.json#GIR-FD82-B007	finding-acceptance.json#GIR-FD82-B007	PLANNED_OPEN_NOT_REVISED	all contributor candidate+integration checks; final Ultra; A-REG ledger
GIR-FD82-B008	P2	true	B09	B07;B09	WP28;WP40	https://github.com/y805939188/pokemon-essentials-clean-room/blob/93e10babe0b9c9ef8b3f5277754541b447beeeb4/review/global-independent-review/2026-10-03-fd82a639/findings.json#GIR-FD82-B008	finding-acceptance.json#GIR-FD82-B008	PLANNED_OPEN_NOT_REVISED	all contributor candidate+integration checks; final Ultra; A-REG ledger
GIR-FD82-B009	P2	true	B09	B09	WP39	https://github.com/y805939188/pokemon-essentials-clean-room/blob/93e10babe0b9c9ef8b3f5277754541b447beeeb4/review/global-independent-review/2026-10-03-fd82a639/findings.json#GIR-FD82-B009	finding-acceptance.json#GIR-FD82-B009	PLANNED_OPEN_NOT_REVISED	all contributor candidate+integration checks; final Ultra; A-REG ledger
GIR-FD82-B010	P2	true	B13	B10;B13	WP43;WP46;WP54	https://github.com/y805939188/pokemon-essentials-clean-room/blob/93e10babe0b9c9ef8b3f5277754541b447beeeb4/review/global-independent-review/2026-10-03-fd82a639/findings.json#GIR-FD82-B010	finding-acceptance.json#GIR-FD82-B010	PLANNED_OPEN_NOT_REVISED	all contributor candidate+integration checks; final Ultra; A-REG ledger
GIR-FD82-B011	P2	true	B09	B09	WP42	https://github.com/y805939188/pokemon-essentials-clean-room/blob/93e10babe0b9c9ef8b3f5277754541b447beeeb4/review/global-independent-review/2026-10-03-fd82a639/findings.json#GIR-FD82-B011	finding-acceptance.json#GIR-FD82-B011	PLANNED_OPEN_NOT_REVISED	all contributor candidate+integration checks; final Ultra; A-REG ledger
GIR-FD82-B012	P2	true	B09	B09	WP41	https://github.com/y805939188/pokemon-essentials-clean-room/blob/93e10babe0b9c9ef8b3f5277754541b447beeeb4/review/global-independent-review/2026-10-03-fd82a639/findings.json#GIR-FD82-B012	finding-acceptance.json#GIR-FD82-B012	PLANNED_OPEN_NOT_REVISED	all contributor candidate+integration checks; final Ultra; A-REG ledger
GIR-FD82-B013	P2	true	B09	B07;B09	WP32;WP38;WP42	https://github.com/y805939188/pokemon-essentials-clean-room/blob/93e10babe0b9c9ef8b3f5277754541b447beeeb4/review/global-independent-review/2026-10-03-fd82a639/findings.json#GIR-FD82-B013	finding-acceptance.json#GIR-FD82-B013	PLANNED_OPEN_NOT_REVISED	all contributor candidate+integration checks; final Ultra; A-REG ledger
GIR-FD82-B014	P2	true	B09	B09;B11	WP41	https://github.com/y805939188/pokemon-essentials-clean-room/blob/93e10babe0b9c9ef8b3f5277754541b447beeeb4/review/global-independent-review/2026-10-03-fd82a639/findings.json#GIR-FD82-B014	finding-acceptance.json#GIR-FD82-B014	PLANNED_OPEN_NOT_REVISED	all contributor candidate+integration checks; final Ultra; A-REG ledger
GIR-FD82-B015	P2	true	B09	B09;B10	WP42	https://github.com/y805939188/pokemon-essentials-clean-room/blob/93e10babe0b9c9ef8b3f5277754541b447beeeb4/review/global-independent-review/2026-10-03-fd82a639/findings.json#GIR-FD82-B015	finding-acceptance.json#GIR-FD82-B015	PLANNED_OPEN_NOT_REVISED	all contributor candidate+integration checks; final Ultra; A-REG ledger
GIR-FD82-B016	P2	true	B10	B10	WP44	https://github.com/y805939188/pokemon-essentials-clean-room/blob/93e10babe0b9c9ef8b3f5277754541b447beeeb4/review/global-independent-review/2026-10-03-fd82a639/findings.json#GIR-FD82-B016	finding-acceptance.json#GIR-FD82-B016	PLANNED_OPEN_NOT_REVISED	all contributor candidate+integration checks; final Ultra; A-REG ledger
GIR-FD82-B017	P2	true	B10	B10;B12	WP44;WP46	https://github.com/y805939188/pokemon-essentials-clean-room/blob/93e10babe0b9c9ef8b3f5277754541b447beeeb4/review/global-independent-review/2026-10-03-fd82a639/findings.json#GIR-FD82-B017	finding-acceptance.json#GIR-FD82-B017	PLANNED_OPEN_NOT_REVISED	all contributor candidate+integration checks; final Ultra; A-REG ledger
GIR-FD82-B018	P3	true	B11	B10;B11;B13	WP44;WP46;WP48;WP50	https://github.com/y805939188/pokemon-essentials-clean-room/blob/93e10babe0b9c9ef8b3f5277754541b447beeeb4/review/global-independent-review/2026-10-03-fd82a639/findings.json#GIR-FD82-B018	finding-acceptance.json#GIR-FD82-B018	PLANNED_OPEN_NOT_REVISED	all contributor candidate+integration checks; final Ultra; A-REG ledger
GIR-FD82-B019	P2	true	B11	B11	WP47-A;WP47-B	https://github.com/y805939188/pokemon-essentials-clean-room/blob/93e10babe0b9c9ef8b3f5277754541b447beeeb4/review/global-independent-review/2026-10-03-fd82a639/findings.json#GIR-FD82-B019	finding-acceptance.json#GIR-FD82-B019	PLANNED_OPEN_NOT_REVISED	all contributor candidate+integration checks; final Ultra; A-REG ledger
GIR-FD82-B020	P2	true	B12	B12	WP51	https://github.com/y805939188/pokemon-essentials-clean-room/blob/93e10babe0b9c9ef8b3f5277754541b447beeeb4/review/global-independent-review/2026-10-03-fd82a639/findings.json#GIR-FD82-B020	finding-acceptance.json#GIR-FD82-B020	PLANNED_OPEN_NOT_REVISED	all contributor candidate+integration checks; final Ultra; A-REG ledger
GIR-FD82-B021	P2	true	B12	B12	WP51;WP52-A;WP52-B;WP52-C	https://github.com/y805939188/pokemon-essentials-clean-room/blob/93e10babe0b9c9ef8b3f5277754541b447beeeb4/review/global-independent-review/2026-10-03-fd82a639/findings.json#GIR-FD82-B021	finding-acceptance.json#GIR-FD82-B021	PLANNED_OPEN_NOT_REVISED	all contributor candidate+integration checks; final Ultra; A-REG ledger
GIR-FD82-B022	P2	true	B12	B12	WP52-B;WP52-C	https://github.com/y805939188/pokemon-essentials-clean-room/blob/93e10babe0b9c9ef8b3f5277754541b447beeeb4/review/global-independent-review/2026-10-03-fd82a639/findings.json#GIR-FD82-B022	finding-acceptance.json#GIR-FD82-B022	PLANNED_OPEN_NOT_REVISED	all contributor candidate+integration checks; final Ultra; A-REG ledger
GIR-FD82-B023	P2	true	B12	B12	WP52-B	https://github.com/y805939188/pokemon-essentials-clean-room/blob/93e10babe0b9c9ef8b3f5277754541b447beeeb4/review/global-independent-review/2026-10-03-fd82a639/findings.json#GIR-FD82-B023	finding-acceptance.json#GIR-FD82-B023	PLANNED_OPEN_NOT_REVISED	all contributor candidate+integration checks; final Ultra; A-REG ledger
GIR-FD82-B024	P2	true	B12	B12	WP52-C	https://github.com/y805939188/pokemon-essentials-clean-room/blob/93e10babe0b9c9ef8b3f5277754541b447beeeb4/review/global-independent-review/2026-10-03-fd82a639/findings.json#GIR-FD82-B024	finding-acceptance.json#GIR-FD82-B024	PLANNED_OPEN_NOT_REVISED	all contributor candidate+integration checks; final Ultra; A-REG ledger
GIR-FD82-B025	P2	true	B13	B09;B13	WP54	https://github.com/y805939188/pokemon-essentials-clean-room/blob/93e10babe0b9c9ef8b3f5277754541b447beeeb4/review/global-independent-review/2026-10-03-fd82a639/findings.json#GIR-FD82-B025	finding-acceptance.json#GIR-FD82-B025	PLANNED_OPEN_NOT_REVISED	all contributor candidate+integration checks; final Ultra; A-REG ledger
GIR-FD82-B026	P2	true	B12	B08;B12	WP53	https://github.com/y805939188/pokemon-essentials-clean-room/blob/93e10babe0b9c9ef8b3f5277754541b447beeeb4/review/global-independent-review/2026-10-03-fd82a639/findings.json#GIR-FD82-B026	finding-acceptance.json#GIR-FD82-B026	PLANNED_OPEN_NOT_REVISED	all contributor candidate+integration checks; final Ultra; A-REG ledger
GIR-FD82-B027	P3	true	B13	B13	WP54;WP55	https://github.com/y805939188/pokemon-essentials-clean-room/blob/93e10babe0b9c9ef8b3f5277754541b447beeeb4/review/global-independent-review/2026-10-03-fd82a639/findings.json#GIR-FD82-B027	finding-acceptance.json#GIR-FD82-B027	PLANNED_OPEN_NOT_REVISED	all contributor candidate+integration checks; final Ultra; A-REG ledger
GIR-FD82-B028	P2	true	B13	B13	WP56	https://github.com/y805939188/pokemon-essentials-clean-room/blob/93e10babe0b9c9ef8b3f5277754541b447beeeb4/review/global-independent-review/2026-10-03-fd82a639/findings.json#GIR-FD82-B028	finding-acceptance.json#GIR-FD82-B028	PLANNED_OPEN_NOT_REVISED	all contributor candidate+integration checks; final Ultra; A-REG ledger
GIR-FD82-B029	P2	true	B13	B13	WP58	https://github.com/y805939188/pokemon-essentials-clean-room/blob/93e10babe0b9c9ef8b3f5277754541b447beeeb4/review/global-independent-review/2026-10-03-fd82a639/findings.json#GIR-FD82-B029	finding-acceptance.json#GIR-FD82-B029	PLANNED_OPEN_NOT_REVISED	all contributor candidate+integration checks; final Ultra; A-REG ledger
GIR-FD82-B031	P2	true	B17	B17	WP67-A	https://github.com/y805939188/pokemon-essentials-clean-room/blob/93e10babe0b9c9ef8b3f5277754541b447beeeb4/review/global-independent-review/2026-10-03-fd82a639/findings.json#GIR-FD82-B031	finding-acceptance.json#GIR-FD82-B031	PLANNED_OPEN_NOT_REVISED	all contributor candidate+integration checks; final Ultra; A-REG ledger
GIR-FD82-B032	P2	true	B17	B17	WP67-A	https://github.com/y805939188/pokemon-essentials-clean-room/blob/93e10babe0b9c9ef8b3f5277754541b447beeeb4/review/global-independent-review/2026-10-03-fd82a639/findings.json#GIR-FD82-B032	finding-acceptance.json#GIR-FD82-B032	PLANNED_OPEN_NOT_REVISED	all contributor candidate+integration checks; final Ultra; A-REG ledger
GIR-FD82-B033	P2	true	B17	B17	WP67-A	https://github.com/y805939188/pokemon-essentials-clean-room/blob/93e10babe0b9c9ef8b3f5277754541b447beeeb4/review/global-independent-review/2026-10-03-fd82a639/findings.json#GIR-FD82-B033	finding-acceptance.json#GIR-FD82-B033	PLANNED_OPEN_NOT_REVISED	all contributor candidate+integration checks; final Ultra; A-REG ledger
GIR-FD82-B034	P3	true	B17	B17	WP67-A;WP76	https://github.com/y805939188/pokemon-essentials-clean-room/blob/93e10babe0b9c9ef8b3f5277754541b447beeeb4/review/global-independent-review/2026-10-03-fd82a639/findings.json#GIR-FD82-B034	finding-acceptance.json#GIR-FD82-B034	PLANNED_OPEN_NOT_REVISED	all contributor candidate+integration checks; final Ultra; A-REG ledger
GIR-FD82-B035	P2	true	B16	B16	WP66-C	https://github.com/y805939188/pokemon-essentials-clean-room/blob/93e10babe0b9c9ef8b3f5277754541b447beeeb4/review/global-independent-review/2026-10-03-fd82a639/findings.json#GIR-FD82-B035	finding-acceptance.json#GIR-FD82-B035	PLANNED_OPEN_NOT_REVISED	all contributor candidate+integration checks; final Ultra; A-REG ledger
GIR-FD82-C002	P2	true	B19	B19	WP72	https://github.com/y805939188/pokemon-essentials-clean-room/blob/93e10babe0b9c9ef8b3f5277754541b447beeeb4/review/global-independent-review/2026-10-03-fd82a639/findings.json#GIR-FD82-C002	finding-acceptance.json#GIR-FD82-C002	PLANNED_OPEN_NOT_REVISED	all contributor candidate+integration checks; final Ultra; A-REG ledger
GIR-FD82-C003	P2	true	B21	B02;B03;B04;B07;B08;B14;B15;B16;B17;B18;B19;B20;B21	WP06;WP11;WP12;WP13;WP14;WP17;WP36;WP59;WP60;WP61;WP63;WP66-A;WP67-B;WP71;WP72;WP73-A;WP74;WP75;WP80	https://github.com/y805939188/pokemon-essentials-clean-room/blob/93e10babe0b9c9ef8b3f5277754541b447beeeb4/review/global-independent-review/2026-10-03-fd82a639/findings.json#GIR-FD82-C003	finding-acceptance.json#GIR-FD82-C003	PLANNED_OPEN_NOT_REVISED	all contributor candidate+integration checks; final Ultra; A-REG ledger
GIR-FD82-C004	P2	true	B19	B01;B08;B19	WP04;WP36;WP73-B	https://github.com/y805939188/pokemon-essentials-clean-room/blob/93e10babe0b9c9ef8b3f5277754541b447beeeb4/review/global-independent-review/2026-10-03-fd82a639/findings.json#GIR-FD82-C004	finding-acceptance.json#GIR-FD82-C004	PLANNED_OPEN_NOT_REVISED	all contributor candidate+integration checks; final Ultra; A-REG ledger
GIR-FD82-C005	P2	true	B19	B08;B19	WP36;WP72;WP73-B	https://github.com/y805939188/pokemon-essentials-clean-room/blob/93e10babe0b9c9ef8b3f5277754541b447beeeb4/review/global-independent-review/2026-10-03-fd82a639/findings.json#GIR-FD82-C005	finding-acceptance.json#GIR-FD82-C005	PLANNED_OPEN_NOT_REVISED	all contributor candidate+integration checks; final Ultra; A-REG ledger
GIR-FD82-C007	P2	true	B21	B03;B04;B08;B14;B15;B19;B20;B21	WP13;WP15;WP37;WP59;WP60;WP63;WP72;WP75	https://github.com/y805939188/pokemon-essentials-clean-room/blob/93e10babe0b9c9ef8b3f5277754541b447beeeb4/review/global-independent-review/2026-10-03-fd82a639/findings.json#GIR-FD82-C007	finding-acceptance.json#GIR-FD82-C007	PLANNED_OPEN_NOT_REVISED	all contributor candidate+integration checks; final Ultra; A-REG ledger
GIR-FD82-C008	P2	true	B19	B19	WP72	https://github.com/y805939188/pokemon-essentials-clean-room/blob/93e10babe0b9c9ef8b3f5277754541b447beeeb4/review/global-independent-review/2026-10-03-fd82a639/findings.json#GIR-FD82-C008	finding-acceptance.json#GIR-FD82-C008	PLANNED_OPEN_NOT_REVISED	all contributor candidate+integration checks; final Ultra; A-REG ledger
GIR-FD82-C009	P2	true	B19	B19	WP72	https://github.com/y805939188/pokemon-essentials-clean-room/blob/93e10babe0b9c9ef8b3f5277754541b447beeeb4/review/global-independent-review/2026-10-03-fd82a639/findings.json#GIR-FD82-C009	finding-acceptance.json#GIR-FD82-C009	PLANNED_OPEN_NOT_REVISED	all contributor candidate+integration checks; final Ultra; A-REG ledger
GIR-FD82-C010	P2	true	B19	B19	WP72	https://github.com/y805939188/pokemon-essentials-clean-room/blob/93e10babe0b9c9ef8b3f5277754541b447beeeb4/review/global-independent-review/2026-10-03-fd82a639/findings.json#GIR-FD82-C010	finding-acceptance.json#GIR-FD82-C010	PLANNED_OPEN_NOT_REVISED	all contributor candidate+integration checks; final Ultra; A-REG ledger
GIR-FD82-C011	P2	true	B19	B10;B19	WP72	https://github.com/y805939188/pokemon-essentials-clean-room/blob/93e10babe0b9c9ef8b3f5277754541b447beeeb4/review/global-independent-review/2026-10-03-fd82a639/findings.json#GIR-FD82-C011	finding-acceptance.json#GIR-FD82-C011	PLANNED_OPEN_NOT_REVISED	all contributor candidate+integration checks; final Ultra; A-REG ledger
GIR-FD82-C012	P2	true	B19	B19	WP72	https://github.com/y805939188/pokemon-essentials-clean-room/blob/93e10babe0b9c9ef8b3f5277754541b447beeeb4/review/global-independent-review/2026-10-03-fd82a639/findings.json#GIR-FD82-C012	finding-acceptance.json#GIR-FD82-C012	PLANNED_OPEN_NOT_REVISED	all contributor candidate+integration checks; final Ultra; A-REG ledger
GIR-FD82-C013	P2	true	B19	B19	WP72	https://github.com/y805939188/pokemon-essentials-clean-room/blob/93e10babe0b9c9ef8b3f5277754541b447beeeb4/review/global-independent-review/2026-10-03-fd82a639/findings.json#GIR-FD82-C013	finding-acceptance.json#GIR-FD82-C013	PLANNED_OPEN_NOT_REVISED	all contributor candidate+integration checks; final Ultra; A-REG ledger
GIR-FD82-C014	P2	true	B19	B19	WP72	https://github.com/y805939188/pokemon-essentials-clean-room/blob/93e10babe0b9c9ef8b3f5277754541b447beeeb4/review/global-independent-review/2026-10-03-fd82a639/findings.json#GIR-FD82-C014	finding-acceptance.json#GIR-FD82-C014	PLANNED_OPEN_NOT_REVISED	all contributor candidate+integration checks; final Ultra; A-REG ledger
GIR-FD82-C015	P3	true	B19	B19	WP72	https://github.com/y805939188/pokemon-essentials-clean-room/blob/93e10babe0b9c9ef8b3f5277754541b447beeeb4/review/global-independent-review/2026-10-03-fd82a639/findings.json#GIR-FD82-C015	finding-acceptance.json#GIR-FD82-C015	PLANNED_OPEN_NOT_REVISED	all contributor candidate+integration checks; final Ultra; A-REG ledger
GIR-FD82-C016	P2	true	B19	B01;B19	WP04;WP73-B	https://github.com/y805939188/pokemon-essentials-clean-room/blob/93e10babe0b9c9ef8b3f5277754541b447beeeb4/review/global-independent-review/2026-10-03-fd82a639/findings.json#GIR-FD82-C016	finding-acceptance.json#GIR-FD82-C016	PLANNED_OPEN_NOT_REVISED	all contributor candidate+integration checks; final Ultra; A-REG ledger
GIR-FD82-C017	P2	true	B19	B19	WP73-A	https://github.com/y805939188/pokemon-essentials-clean-room/blob/93e10babe0b9c9ef8b3f5277754541b447beeeb4/review/global-independent-review/2026-10-03-fd82a639/findings.json#GIR-FD82-C017	finding-acceptance.json#GIR-FD82-C017	PLANNED_OPEN_NOT_REVISED	all contributor candidate+integration checks; final Ultra; A-REG ledger
GIR-FD82-C018	P2	true	B19	B19	WP73-A	https://github.com/y805939188/pokemon-essentials-clean-room/blob/93e10babe0b9c9ef8b3f5277754541b447beeeb4/review/global-independent-review/2026-10-03-fd82a639/findings.json#GIR-FD82-C018	finding-acceptance.json#GIR-FD82-C018	PLANNED_OPEN_NOT_REVISED	all contributor candidate+integration checks; final Ultra; A-REG ledger
GIR-FD82-C019	P2	true	B19	B19	WP73-A;WP73-B	https://github.com/y805939188/pokemon-essentials-clean-room/blob/93e10babe0b9c9ef8b3f5277754541b447beeeb4/review/global-independent-review/2026-10-03-fd82a639/findings.json#GIR-FD82-C019	finding-acceptance.json#GIR-FD82-C019	PLANNED_OPEN_NOT_REVISED	all contributor candidate+integration checks; final Ultra; A-REG ledger
GIR-FD82-C020	P2	true	B20	B15;B19;B20	WP63;WP73-A;WP74	https://github.com/y805939188/pokemon-essentials-clean-room/blob/93e10babe0b9c9ef8b3f5277754541b447beeeb4/review/global-independent-review/2026-10-03-fd82a639/findings.json#GIR-FD82-C020	finding-acceptance.json#GIR-FD82-C020	PLANNED_OPEN_NOT_REVISED	all contributor candidate+integration checks; final Ultra; A-REG ledger
GIR-FD82-C021	P2	true	B19	B19	WP73-A;WP73-B	https://github.com/y805939188/pokemon-essentials-clean-room/blob/93e10babe0b9c9ef8b3f5277754541b447beeeb4/review/global-independent-review/2026-10-03-fd82a639/findings.json#GIR-FD82-C021	finding-acceptance.json#GIR-FD82-C021	PLANNED_OPEN_NOT_REVISED	all contributor candidate+integration checks; final Ultra; A-REG ledger
GIR-FD82-C022	P2	true	B19	B01;B19	WP04;WP73-A	https://github.com/y805939188/pokemon-essentials-clean-room/blob/93e10babe0b9c9ef8b3f5277754541b447beeeb4/review/global-independent-review/2026-10-03-fd82a639/findings.json#GIR-FD82-C022	finding-acceptance.json#GIR-FD82-C022	PLANNED_OPEN_NOT_REVISED	all contributor candidate+integration checks; final Ultra; A-REG ledger
GIR-FD82-C023	P2	true	B19	B19	WP73-A	https://github.com/y805939188/pokemon-essentials-clean-room/blob/93e10babe0b9c9ef8b3f5277754541b447beeeb4/review/global-independent-review/2026-10-03-fd82a639/findings.json#GIR-FD82-C023	finding-acceptance.json#GIR-FD82-C023	PLANNED_OPEN_NOT_REVISED	all contributor candidate+integration checks; final Ultra; A-REG ledger
GIR-FD82-C024	P2	true	B20	B20	WP75	https://github.com/y805939188/pokemon-essentials-clean-room/blob/93e10babe0b9c9ef8b3f5277754541b447beeeb4/review/global-independent-review/2026-10-03-fd82a639/findings.json#GIR-FD82-C024	finding-acceptance.json#GIR-FD82-C024	PLANNED_OPEN_NOT_REVISED	all contributor candidate+integration checks; final Ultra; A-REG ledger
GIR-FD82-C025	P2	true	B20	B20	WP74	https://github.com/y805939188/pokemon-essentials-clean-room/blob/93e10babe0b9c9ef8b3f5277754541b447beeeb4/review/global-independent-review/2026-10-03-fd82a639/findings.json#GIR-FD82-C025	finding-acceptance.json#GIR-FD82-C025	PLANNED_OPEN_NOT_REVISED	all contributor candidate+integration checks; final Ultra; A-REG ledger
GIR-FD82-C026	P2	true	B20	B20	WP74	https://github.com/y805939188/pokemon-essentials-clean-room/blob/93e10babe0b9c9ef8b3f5277754541b447beeeb4/review/global-independent-review/2026-10-03-fd82a639/findings.json#GIR-FD82-C026	finding-acceptance.json#GIR-FD82-C026	PLANNED_OPEN_NOT_REVISED	all contributor candidate+integration checks; final Ultra; A-REG ledger
GIR-FD82-C027	P2	true	B20	B20	WP75	https://github.com/y805939188/pokemon-essentials-clean-room/blob/93e10babe0b9c9ef8b3f5277754541b447beeeb4/review/global-independent-review/2026-10-03-fd82a639/findings.json#GIR-FD82-C027	finding-acceptance.json#GIR-FD82-C027	PLANNED_OPEN_NOT_REVISED	all contributor candidate+integration checks; final Ultra; A-REG ledger
GIR-FD82-C028	P2	true	B20	B20	WP77	https://github.com/y805939188/pokemon-essentials-clean-room/blob/93e10babe0b9c9ef8b3f5277754541b447beeeb4/review/global-independent-review/2026-10-03-fd82a639/findings.json#GIR-FD82-C028	finding-acceptance.json#GIR-FD82-C028	PLANNED_OPEN_NOT_REVISED	all contributor candidate+integration checks; final Ultra; A-REG ledger
GIR-FD82-C029	P2	true	B20	B20;B21	WP77	https://github.com/y805939188/pokemon-essentials-clean-room/blob/93e10babe0b9c9ef8b3f5277754541b447beeeb4/review/global-independent-review/2026-10-03-fd82a639/findings.json#GIR-FD82-C029	finding-acceptance.json#GIR-FD82-C029	PLANNED_OPEN_NOT_REVISED	all contributor candidate+integration checks; final Ultra; A-REG ledger
GIR-FD82-C030	P2	true	B20	B20	WP75	https://github.com/y805939188/pokemon-essentials-clean-room/blob/93e10babe0b9c9ef8b3f5277754541b447beeeb4/review/global-independent-review/2026-10-03-fd82a639/findings.json#GIR-FD82-C030	finding-acceptance.json#GIR-FD82-C030	PLANNED_OPEN_NOT_REVISED	all contributor candidate+integration checks; final Ultra; A-REG ledger
GIR-FD82-C031	P2	true	B20	B20	WP74	https://github.com/y805939188/pokemon-essentials-clean-room/blob/93e10babe0b9c9ef8b3f5277754541b447beeeb4/review/global-independent-review/2026-10-03-fd82a639/findings.json#GIR-FD82-C031	finding-acceptance.json#GIR-FD82-C031	PLANNED_OPEN_NOT_REVISED	all contributor candidate+integration checks; final Ultra; A-REG ledger
GIR-FD82-C032	P2	true	B20	B20	WP74	https://github.com/y805939188/pokemon-essentials-clean-room/blob/93e10babe0b9c9ef8b3f5277754541b447beeeb4/review/global-independent-review/2026-10-03-fd82a639/findings.json#GIR-FD82-C032	finding-acceptance.json#GIR-FD82-C032	PLANNED_OPEN_NOT_REVISED	all contributor candidate+integration checks; final Ultra; A-REG ledger
GIR-FD82-C033	P2	true	B20	B20	WP74	https://github.com/y805939188/pokemon-essentials-clean-room/blob/93e10babe0b9c9ef8b3f5277754541b447beeeb4/review/global-independent-review/2026-10-03-fd82a639/findings.json#GIR-FD82-C033	finding-acceptance.json#GIR-FD82-C033	PLANNED_OPEN_NOT_REVISED	all contributor candidate+integration checks; final Ultra; A-REG ledger
GIR-FD82-C034	P2	true	B20	B20	WP75	https://github.com/y805939188/pokemon-essentials-clean-room/blob/93e10babe0b9c9ef8b3f5277754541b447beeeb4/review/global-independent-review/2026-10-03-fd82a639/findings.json#GIR-FD82-C034	finding-acceptance.json#GIR-FD82-C034	PLANNED_OPEN_NOT_REVISED	all contributor candidate+integration checks; final Ultra; A-REG ledger
GIR-FD82-C035	P2	true	B03	B03	WP12	https://github.com/y805939188/pokemon-essentials-clean-room/blob/93e10babe0b9c9ef8b3f5277754541b447beeeb4/review/global-independent-review/2026-10-03-fd82a639/findings.json#GIR-FD82-C035	finding-acceptance.json#GIR-FD82-C035	PLANNED_OPEN_NOT_REVISED	all contributor candidate+integration checks; final Ultra; A-REG ledger
GIR-FD82-C036	P2	true	B03	B03	WP12	https://github.com/y805939188/pokemon-essentials-clean-room/blob/93e10babe0b9c9ef8b3f5277754541b447beeeb4/review/global-independent-review/2026-10-03-fd82a639/findings.json#GIR-FD82-C036	finding-acceptance.json#GIR-FD82-C036	PLANNED_OPEN_NOT_REVISED	all contributor candidate+integration checks; final Ultra; A-REG ledger
GIR-FD82-C037	P2	true	B03	B03	WP11;WP12;WP13	https://github.com/y805939188/pokemon-essentials-clean-room/blob/93e10babe0b9c9ef8b3f5277754541b447beeeb4/review/global-independent-review/2026-10-03-fd82a639/findings.json#GIR-FD82-C037	finding-acceptance.json#GIR-FD82-C037	PLANNED_OPEN_NOT_REVISED	all contributor candidate+integration checks; final Ultra; A-REG ledger
GIR-FD82-C038	P2	true	B03	B03	WP13	https://github.com/y805939188/pokemon-essentials-clean-room/blob/93e10babe0b9c9ef8b3f5277754541b447beeeb4/review/global-independent-review/2026-10-03-fd82a639/findings.json#GIR-FD82-C038	finding-acceptance.json#GIR-FD82-C038	PLANNED_OPEN_NOT_REVISED	all contributor candidate+integration checks; final Ultra; A-REG ledger
GIR-FD82-C039	P2	true	B03	B03	WP13	https://github.com/y805939188/pokemon-essentials-clean-room/blob/93e10babe0b9c9ef8b3f5277754541b447beeeb4/review/global-independent-review/2026-10-03-fd82a639/findings.json#GIR-FD82-C039	finding-acceptance.json#GIR-FD82-C039	PLANNED_OPEN_NOT_REVISED	all contributor candidate+integration checks; final Ultra; A-REG ledger
GIR-FD82-C040	P2	true	B03	B03	WP13	https://github.com/y805939188/pokemon-essentials-clean-room/blob/93e10babe0b9c9ef8b3f5277754541b447beeeb4/review/global-independent-review/2026-10-03-fd82a639/findings.json#GIR-FD82-C040	finding-acceptance.json#GIR-FD82-C040	PLANNED_OPEN_NOT_REVISED	all contributor candidate+integration checks; final Ultra; A-REG ledger
GIR-FD82-C041	P2	true	B03	B03	WP13	https://github.com/y805939188/pokemon-essentials-clean-room/blob/93e10babe0b9c9ef8b3f5277754541b447beeeb4/review/global-independent-review/2026-10-03-fd82a639/findings.json#GIR-FD82-C041	finding-acceptance.json#GIR-FD82-C041	PLANNED_OPEN_NOT_REVISED	all contributor candidate+integration checks; final Ultra; A-REG ledger
GIR-FD82-C042	P2	true	B03	B03	WP13	https://github.com/y805939188/pokemon-essentials-clean-room/blob/93e10babe0b9c9ef8b3f5277754541b447beeeb4/review/global-independent-review/2026-10-03-fd82a639/findings.json#GIR-FD82-C042	finding-acceptance.json#GIR-FD82-C042	PLANNED_OPEN_NOT_REVISED	all contributor candidate+integration checks; final Ultra; A-REG ledger
GIR-FD82-C043	P2	true	B03	B03	WP14	https://github.com/y805939188/pokemon-essentials-clean-room/blob/93e10babe0b9c9ef8b3f5277754541b447beeeb4/review/global-independent-review/2026-10-03-fd82a639/findings.json#GIR-FD82-C043	finding-acceptance.json#GIR-FD82-C043	PLANNED_OPEN_NOT_REVISED	all contributor candidate+integration checks; final Ultra; A-REG ledger
GIR-FD82-C044	P2	true	B03	B03	WP14	https://github.com/y805939188/pokemon-essentials-clean-room/blob/93e10babe0b9c9ef8b3f5277754541b447beeeb4/review/global-independent-review/2026-10-03-fd82a639/findings.json#GIR-FD82-C044	finding-acceptance.json#GIR-FD82-C044	PLANNED_OPEN_NOT_REVISED	all contributor candidate+integration checks; final Ultra; A-REG ledger
GIR-FD82-C045	P2	true	B03	B03	WP14	https://github.com/y805939188/pokemon-essentials-clean-room/blob/93e10babe0b9c9ef8b3f5277754541b447beeeb4/review/global-independent-review/2026-10-03-fd82a639/findings.json#GIR-FD82-C045	finding-acceptance.json#GIR-FD82-C045	PLANNED_OPEN_NOT_REVISED	all contributor candidate+integration checks; final Ultra; A-REG ledger
GIR-FD82-C046	P2	true	B03	B03	WP14	https://github.com/y805939188/pokemon-essentials-clean-room/blob/93e10babe0b9c9ef8b3f5277754541b447beeeb4/review/global-independent-review/2026-10-03-fd82a639/findings.json#GIR-FD82-C046	finding-acceptance.json#GIR-FD82-C046	PLANNED_OPEN_NOT_REVISED	all contributor candidate+integration checks; final Ultra; A-REG ledger
GIR-FD82-C047	P2	true	B03	B03	WP14	https://github.com/y805939188/pokemon-essentials-clean-room/blob/93e10babe0b9c9ef8b3f5277754541b447beeeb4/review/global-independent-review/2026-10-03-fd82a639/findings.json#GIR-FD82-C047	finding-acceptance.json#GIR-FD82-C047	PLANNED_OPEN_NOT_REVISED	all contributor candidate+integration checks; final Ultra; A-REG ledger
GIR-FD82-C048	P2	true	B03	B03	WP14	https://github.com/y805939188/pokemon-essentials-clean-room/blob/93e10babe0b9c9ef8b3f5277754541b447beeeb4/review/global-independent-review/2026-10-03-fd82a639/findings.json#GIR-FD82-C048	finding-acceptance.json#GIR-FD82-C048	PLANNED_OPEN_NOT_REVISED	all contributor candidate+integration checks; final Ultra; A-REG ledger
GIR-FD82-C049	P2	true	B03	B03	WP12;WP13	https://github.com/y805939188/pokemon-essentials-clean-room/blob/93e10babe0b9c9ef8b3f5277754541b447beeeb4/review/global-independent-review/2026-10-03-fd82a639/findings.json#GIR-FD82-C049	finding-acceptance.json#GIR-FD82-C049	PLANNED_OPEN_NOT_REVISED	all contributor candidate+integration checks; final Ultra; A-REG ledger
GIR-FD82-C050	P2	true	B03	B03	WP12	https://github.com/y805939188/pokemon-essentials-clean-room/blob/93e10babe0b9c9ef8b3f5277754541b447beeeb4/review/global-independent-review/2026-10-03-fd82a639/findings.json#GIR-FD82-C050	finding-acceptance.json#GIR-FD82-C050	PLANNED_OPEN_NOT_REVISED	all contributor candidate+integration checks; final Ultra; A-REG ledger
GIR-FD82-C051	P2	true	B20	B03;B20	WP13;WP75	https://github.com/y805939188/pokemon-essentials-clean-room/blob/93e10babe0b9c9ef8b3f5277754541b447beeeb4/review/global-independent-review/2026-10-03-fd82a639/findings.json#GIR-FD82-C051	finding-acceptance.json#GIR-FD82-C051	PLANNED_OPEN_NOT_REVISED	all contributor candidate+integration checks; final Ultra; A-REG ledger
GIR-FD82-C052	P2	true	B03	B03	WP11;WP12	https://github.com/y805939188/pokemon-essentials-clean-room/blob/93e10babe0b9c9ef8b3f5277754541b447beeeb4/review/global-independent-review/2026-10-03-fd82a639/findings.json#GIR-FD82-C052	finding-acceptance.json#GIR-FD82-C052	PLANNED_OPEN_NOT_REVISED	all contributor candidate+integration checks; final Ultra; A-REG ledger
GIR-FD82-C053	P2	true	B03	B03;B04	WP13	https://github.com/y805939188/pokemon-essentials-clean-room/blob/93e10babe0b9c9ef8b3f5277754541b447beeeb4/review/global-independent-review/2026-10-03-fd82a639/findings.json#GIR-FD82-C053	finding-acceptance.json#GIR-FD82-C053	PLANNED_OPEN_NOT_REVISED	all contributor candidate+integration checks; final Ultra; A-REG ledger
GIR-FD82-C054	P2	true	B03	B03	WP12	https://github.com/y805939188/pokemon-essentials-clean-room/blob/93e10babe0b9c9ef8b3f5277754541b447beeeb4/review/global-independent-review/2026-10-03-fd82a639/findings.json#GIR-FD82-C054	finding-acceptance.json#GIR-FD82-C054	PLANNED_OPEN_NOT_REVISED	all contributor candidate+integration checks; final Ultra; A-REG ledger
GIR-FD82-C055	P2	true	B04	B04	WP15	https://github.com/y805939188/pokemon-essentials-clean-room/blob/93e10babe0b9c9ef8b3f5277754541b447beeeb4/review/global-independent-review/2026-10-03-fd82a639/findings.json#GIR-FD82-C055	finding-acceptance.json#GIR-FD82-C055	PLANNED_OPEN_NOT_REVISED	all contributor candidate+integration checks; final Ultra; A-REG ledger
GIR-FD82-C056	P2	true	B04	B04	WP15;WP17	https://github.com/y805939188/pokemon-essentials-clean-room/blob/93e10babe0b9c9ef8b3f5277754541b447beeeb4/review/global-independent-review/2026-10-03-fd82a639/findings.json#GIR-FD82-C056	finding-acceptance.json#GIR-FD82-C056	PLANNED_OPEN_NOT_REVISED	all contributor candidate+integration checks; final Ultra; A-REG ledger
GIR-FD82-C057	P2	true	B04	B04	WP15	https://github.com/y805939188/pokemon-essentials-clean-room/blob/93e10babe0b9c9ef8b3f5277754541b447beeeb4/review/global-independent-review/2026-10-03-fd82a639/findings.json#GIR-FD82-C057	finding-acceptance.json#GIR-FD82-C057	PLANNED_OPEN_NOT_REVISED	all contributor candidate+integration checks; final Ultra; A-REG ledger
GIR-FD82-C058	P2	true	B16	B04;B16	WP15;WP65	https://github.com/y805939188/pokemon-essentials-clean-room/blob/93e10babe0b9c9ef8b3f5277754541b447beeeb4/review/global-independent-review/2026-10-03-fd82a639/findings.json#GIR-FD82-C058	finding-acceptance.json#GIR-FD82-C058	PLANNED_OPEN_NOT_REVISED	all contributor candidate+integration checks; final Ultra; A-REG ledger
GIR-FD82-C059	P2	true	B04	B04	WP15	https://github.com/y805939188/pokemon-essentials-clean-room/blob/93e10babe0b9c9ef8b3f5277754541b447beeeb4/review/global-independent-review/2026-10-03-fd82a639/findings.json#GIR-FD82-C059	finding-acceptance.json#GIR-FD82-C059	PLANNED_OPEN_NOT_REVISED	all contributor candidate+integration checks; final Ultra; A-REG ledger
GIR-FD82-C060	P2	true	B04	B04	WP15	https://github.com/y805939188/pokemon-essentials-clean-room/blob/93e10babe0b9c9ef8b3f5277754541b447beeeb4/review/global-independent-review/2026-10-03-fd82a639/findings.json#GIR-FD82-C060	finding-acceptance.json#GIR-FD82-C060	PLANNED_OPEN_NOT_REVISED	all contributor candidate+integration checks; final Ultra; A-REG ledger
GIR-FD82-C061	P2	true	B04	B04	WP15;WP17	https://github.com/y805939188/pokemon-essentials-clean-room/blob/93e10babe0b9c9ef8b3f5277754541b447beeeb4/review/global-independent-review/2026-10-03-fd82a639/findings.json#GIR-FD82-C061	finding-acceptance.json#GIR-FD82-C061	PLANNED_OPEN_NOT_REVISED	all contributor candidate+integration checks; final Ultra; A-REG ledger
GIR-FD82-C062	P2	true	B04	B04	WP16	https://github.com/y805939188/pokemon-essentials-clean-room/blob/93e10babe0b9c9ef8b3f5277754541b447beeeb4/review/global-independent-review/2026-10-03-fd82a639/findings.json#GIR-FD82-C062	finding-acceptance.json#GIR-FD82-C062	PLANNED_OPEN_NOT_REVISED	all contributor candidate+integration checks; final Ultra; A-REG ledger
GIR-FD82-C063	P2	true	B04	B04	WP16	https://github.com/y805939188/pokemon-essentials-clean-room/blob/93e10babe0b9c9ef8b3f5277754541b447beeeb4/review/global-independent-review/2026-10-03-fd82a639/findings.json#GIR-FD82-C063	finding-acceptance.json#GIR-FD82-C063	PLANNED_OPEN_NOT_REVISED	all contributor candidate+integration checks; final Ultra; A-REG ledger
GIR-FD82-C064	P2	true	B04	B04	WP16	https://github.com/y805939188/pokemon-essentials-clean-room/blob/93e10babe0b9c9ef8b3f5277754541b447beeeb4/review/global-independent-review/2026-10-03-fd82a639/findings.json#GIR-FD82-C064	finding-acceptance.json#GIR-FD82-C064	PLANNED_OPEN_NOT_REVISED	all contributor candidate+integration checks; final Ultra; A-REG ledger
GIR-FD82-C065	P2	true	B04	B04	WP16	https://github.com/y805939188/pokemon-essentials-clean-room/blob/93e10babe0b9c9ef8b3f5277754541b447beeeb4/review/global-independent-review/2026-10-03-fd82a639/findings.json#GIR-FD82-C065	finding-acceptance.json#GIR-FD82-C065	PLANNED_OPEN_NOT_REVISED	all contributor candidate+integration checks; final Ultra; A-REG ledger
GIR-FD82-C066	P2	true	B04	B04	WP16	https://github.com/y805939188/pokemon-essentials-clean-room/blob/93e10babe0b9c9ef8b3f5277754541b447beeeb4/review/global-independent-review/2026-10-03-fd82a639/findings.json#GIR-FD82-C066	finding-acceptance.json#GIR-FD82-C066	PLANNED_OPEN_NOT_REVISED	all contributor candidate+integration checks; final Ultra; A-REG ledger
GIR-FD82-C067	P2	true	B04	B03;B04	WP13;WP16	https://github.com/y805939188/pokemon-essentials-clean-room/blob/93e10babe0b9c9ef8b3f5277754541b447beeeb4/review/global-independent-review/2026-10-03-fd82a639/findings.json#GIR-FD82-C067	finding-acceptance.json#GIR-FD82-C067	PLANNED_OPEN_NOT_REVISED	all contributor candidate+integration checks; final Ultra; A-REG ledger
GIR-FD82-C068	P2	true	B04	B04	WP16	https://github.com/y805939188/pokemon-essentials-clean-room/blob/93e10babe0b9c9ef8b3f5277754541b447beeeb4/review/global-independent-review/2026-10-03-fd82a639/findings.json#GIR-FD82-C068	finding-acceptance.json#GIR-FD82-C068	PLANNED_OPEN_NOT_REVISED	all contributor candidate+integration checks; final Ultra; A-REG ledger
GIR-FD82-C069	P2	true	B04	B04	WP16	https://github.com/y805939188/pokemon-essentials-clean-room/blob/93e10babe0b9c9ef8b3f5277754541b447beeeb4/review/global-independent-review/2026-10-03-fd82a639/findings.json#GIR-FD82-C069	finding-acceptance.json#GIR-FD82-C069	PLANNED_OPEN_NOT_REVISED	all contributor candidate+integration checks; final Ultra; A-REG ledger
GIR-FD82-C070	P2	true	B04	B04	WP17	https://github.com/y805939188/pokemon-essentials-clean-room/blob/93e10babe0b9c9ef8b3f5277754541b447beeeb4/review/global-independent-review/2026-10-03-fd82a639/findings.json#GIR-FD82-C070	finding-acceptance.json#GIR-FD82-C070	PLANNED_OPEN_NOT_REVISED	all contributor candidate+integration checks; final Ultra; A-REG ledger
GIR-FD82-C071	P2	true	B04	B04	WP17	https://github.com/y805939188/pokemon-essentials-clean-room/blob/93e10babe0b9c9ef8b3f5277754541b447beeeb4/review/global-independent-review/2026-10-03-fd82a639/findings.json#GIR-FD82-C071	finding-acceptance.json#GIR-FD82-C071	PLANNED_OPEN_NOT_REVISED	all contributor candidate+integration checks; final Ultra; A-REG ledger
GIR-FD82-C072	P2	true	B04	B04	WP17	https://github.com/y805939188/pokemon-essentials-clean-room/blob/93e10babe0b9c9ef8b3f5277754541b447beeeb4/review/global-independent-review/2026-10-03-fd82a639/findings.json#GIR-FD82-C072	finding-acceptance.json#GIR-FD82-C072	PLANNED_OPEN_NOT_REVISED	all contributor candidate+integration checks; final Ultra; A-REG ledger
GIR-FD82-C073	P2	true	B04	B04	WP17	https://github.com/y805939188/pokemon-essentials-clean-room/blob/93e10babe0b9c9ef8b3f5277754541b447beeeb4/review/global-independent-review/2026-10-03-fd82a639/findings.json#GIR-FD82-C073	finding-acceptance.json#GIR-FD82-C073	PLANNED_OPEN_NOT_REVISED	all contributor candidate+integration checks; final Ultra; A-REG ledger
GIR-FD82-C074	P2	true	B04	B04	WP17	https://github.com/y805939188/pokemon-essentials-clean-room/blob/93e10babe0b9c9ef8b3f5277754541b447beeeb4/review/global-independent-review/2026-10-03-fd82a639/findings.json#GIR-FD82-C074	finding-acceptance.json#GIR-FD82-C074	PLANNED_OPEN_NOT_REVISED	all contributor candidate+integration checks; final Ultra; A-REG ledger
GIR-FD82-C075	P2	true	B04	B04	WP17	https://github.com/y805939188/pokemon-essentials-clean-room/blob/93e10babe0b9c9ef8b3f5277754541b447beeeb4/review/global-independent-review/2026-10-03-fd82a639/findings.json#GIR-FD82-C075	finding-acceptance.json#GIR-FD82-C075	PLANNED_OPEN_NOT_REVISED	all contributor candidate+integration checks; final Ultra; A-REG ledger
GIR-FD82-C076	P2	true	B04	B04	WP17	https://github.com/y805939188/pokemon-essentials-clean-room/blob/93e10babe0b9c9ef8b3f5277754541b447beeeb4/review/global-independent-review/2026-10-03-fd82a639/findings.json#GIR-FD82-C076	finding-acceptance.json#GIR-FD82-C076	PLANNED_OPEN_NOT_REVISED	all contributor candidate+integration checks; final Ultra; A-REG ledger
GIR-FD82-C077	P2	true	B04	B04	WP16	https://github.com/y805939188/pokemon-essentials-clean-room/blob/93e10babe0b9c9ef8b3f5277754541b447beeeb4/review/global-independent-review/2026-10-03-fd82a639/findings.json#GIR-FD82-C077	finding-acceptance.json#GIR-FD82-C077	PLANNED_OPEN_NOT_REVISED	all contributor candidate+integration checks; final Ultra; A-REG ledger
GIR-FD82-C078	P2	true	B04	B04	WP16	https://github.com/y805939188/pokemon-essentials-clean-room/blob/93e10babe0b9c9ef8b3f5277754541b447beeeb4/review/global-independent-review/2026-10-03-fd82a639/findings.json#GIR-FD82-C078	finding-acceptance.json#GIR-FD82-C078	PLANNED_OPEN_NOT_REVISED	all contributor candidate+integration checks; final Ultra; A-REG ledger
GIR-FD82-C079	P2	true	B08	B08	WP36	https://github.com/y805939188/pokemon-essentials-clean-room/blob/93e10babe0b9c9ef8b3f5277754541b447beeeb4/review/global-independent-review/2026-10-03-fd82a639/findings.json#GIR-FD82-C079	finding-acceptance.json#GIR-FD82-C079	PLANNED_OPEN_NOT_REVISED	all contributor candidate+integration checks; final Ultra; A-REG ledger
GIR-FD82-C080	P2	true	B08	B01;B08	WP36	https://github.com/y805939188/pokemon-essentials-clean-room/blob/93e10babe0b9c9ef8b3f5277754541b447beeeb4/review/global-independent-review/2026-10-03-fd82a639/findings.json#GIR-FD82-C080	finding-acceptance.json#GIR-FD82-C080	PLANNED_OPEN_NOT_REVISED	all contributor candidate+integration checks; final Ultra; A-REG ledger
GIR-FD82-C081	P2	true	B08	B02;B08	WP36	https://github.com/y805939188/pokemon-essentials-clean-room/blob/93e10babe0b9c9ef8b3f5277754541b447beeeb4/review/global-independent-review/2026-10-03-fd82a639/findings.json#GIR-FD82-C081	finding-acceptance.json#GIR-FD82-C081	PLANNED_OPEN_NOT_REVISED	all contributor candidate+integration checks; final Ultra; A-REG ledger
GIR-FD82-C082	P2	true	B08	B08	WP36	https://github.com/y805939188/pokemon-essentials-clean-room/blob/93e10babe0b9c9ef8b3f5277754541b447beeeb4/review/global-independent-review/2026-10-03-fd82a639/findings.json#GIR-FD82-C082	finding-acceptance.json#GIR-FD82-C082	PLANNED_OPEN_NOT_REVISED	all contributor candidate+integration checks; final Ultra; A-REG ledger
GIR-FD82-C083	P2	true	B20	B08;B20	WP36;WP77	https://github.com/y805939188/pokemon-essentials-clean-room/blob/93e10babe0b9c9ef8b3f5277754541b447beeeb4/review/global-independent-review/2026-10-03-fd82a639/findings.json#GIR-FD82-C083	finding-acceptance.json#GIR-FD82-C083	PLANNED_OPEN_NOT_REVISED	all contributor candidate+integration checks; final Ultra; A-REG ledger
GIR-FD82-C084	P2	true	B08	B08	WP36;WP37	https://github.com/y805939188/pokemon-essentials-clean-room/blob/93e10babe0b9c9ef8b3f5277754541b447beeeb4/review/global-independent-review/2026-10-03-fd82a639/findings.json#GIR-FD82-C084	finding-acceptance.json#GIR-FD82-C084	PLANNED_OPEN_NOT_REVISED	all contributor candidate+integration checks; final Ultra; A-REG ledger
GIR-FD82-C085	P2	true	B08	B08	WP37	https://github.com/y805939188/pokemon-essentials-clean-room/blob/93e10babe0b9c9ef8b3f5277754541b447beeeb4/review/global-independent-review/2026-10-03-fd82a639/findings.json#GIR-FD82-C085	finding-acceptance.json#GIR-FD82-C085	PLANNED_OPEN_NOT_REVISED	all contributor candidate+integration checks; final Ultra; A-REG ledger
GIR-FD82-C086	P2	true	B14	B14	WP59	https://github.com/y805939188/pokemon-essentials-clean-room/blob/93e10babe0b9c9ef8b3f5277754541b447beeeb4/review/global-independent-review/2026-10-03-fd82a639/findings.json#GIR-FD82-C086	finding-acceptance.json#GIR-FD82-C086	PLANNED_OPEN_NOT_REVISED	all contributor candidate+integration checks; final Ultra; A-REG ledger
GIR-FD82-C087	P2	true	B14	B14	WP59	https://github.com/y805939188/pokemon-essentials-clean-room/blob/93e10babe0b9c9ef8b3f5277754541b447beeeb4/review/global-independent-review/2026-10-03-fd82a639/findings.json#GIR-FD82-C087	finding-acceptance.json#GIR-FD82-C087	PLANNED_OPEN_NOT_REVISED	all contributor candidate+integration checks; final Ultra; A-REG ledger
GIR-FD82-C088	P2	true	B14	B14	WP59	https://github.com/y805939188/pokemon-essentials-clean-room/blob/93e10babe0b9c9ef8b3f5277754541b447beeeb4/review/global-independent-review/2026-10-03-fd82a639/findings.json#GIR-FD82-C088	finding-acceptance.json#GIR-FD82-C088	PLANNED_OPEN_NOT_REVISED	all contributor candidate+integration checks; final Ultra; A-REG ledger
GIR-FD82-C089	P2	true	B14	B14	WP59	https://github.com/y805939188/pokemon-essentials-clean-room/blob/93e10babe0b9c9ef8b3f5277754541b447beeeb4/review/global-independent-review/2026-10-03-fd82a639/findings.json#GIR-FD82-C089	finding-acceptance.json#GIR-FD82-C089	PLANNED_OPEN_NOT_REVISED	all contributor candidate+integration checks; final Ultra; A-REG ledger
GIR-FD82-C091	P2	true	B14	B14	WP59	https://github.com/y805939188/pokemon-essentials-clean-room/blob/93e10babe0b9c9ef8b3f5277754541b447beeeb4/review/global-independent-review/2026-10-03-fd82a639/findings.json#GIR-FD82-C091	finding-acceptance.json#GIR-FD82-C091	PLANNED_OPEN_NOT_REVISED	all contributor candidate+integration checks; final Ultra; A-REG ledger
GIR-FD82-C092	P2	true	B14	B14	WP59	https://github.com/y805939188/pokemon-essentials-clean-room/blob/93e10babe0b9c9ef8b3f5277754541b447beeeb4/review/global-independent-review/2026-10-03-fd82a639/findings.json#GIR-FD82-C092	finding-acceptance.json#GIR-FD82-C092	PLANNED_OPEN_NOT_REVISED	all contributor candidate+integration checks; final Ultra; A-REG ledger
GIR-FD82-C093	P2	true	B14	B04;B14	WP59	https://github.com/y805939188/pokemon-essentials-clean-room/blob/93e10babe0b9c9ef8b3f5277754541b447beeeb4/review/global-independent-review/2026-10-03-fd82a639/findings.json#GIR-FD82-C093	finding-acceptance.json#GIR-FD82-C093	PLANNED_OPEN_NOT_REVISED	all contributor candidate+integration checks; final Ultra; A-REG ledger
GIR-FD82-C094	P2	true	B14	B03;B14	WP59	https://github.com/y805939188/pokemon-essentials-clean-room/blob/93e10babe0b9c9ef8b3f5277754541b447beeeb4/review/global-independent-review/2026-10-03-fd82a639/findings.json#GIR-FD82-C094	finding-acceptance.json#GIR-FD82-C094	PLANNED_OPEN_NOT_REVISED	all contributor candidate+integration checks; final Ultra; A-REG ledger
GIR-FD82-C095	P2	true	B14	B03;B14	WP59	https://github.com/y805939188/pokemon-essentials-clean-room/blob/93e10babe0b9c9ef8b3f5277754541b447beeeb4/review/global-independent-review/2026-10-03-fd82a639/findings.json#GIR-FD82-C095	finding-acceptance.json#GIR-FD82-C095	PLANNED_OPEN_NOT_REVISED	all contributor candidate+integration checks; final Ultra; A-REG ledger
GIR-FD82-C096	P2	true	B08	B08	WP36	https://github.com/y805939188/pokemon-essentials-clean-room/blob/93e10babe0b9c9ef8b3f5277754541b447beeeb4/review/global-independent-review/2026-10-03-fd82a639/findings.json#GIR-FD82-C096	finding-acceptance.json#GIR-FD82-C096	PLANNED_OPEN_NOT_REVISED	all contributor candidate+integration checks; final Ultra; A-REG ledger
GIR-FD82-C097	P2	true	B14	B14	WP59	https://github.com/y805939188/pokemon-essentials-clean-room/blob/93e10babe0b9c9ef8b3f5277754541b447beeeb4/review/global-independent-review/2026-10-03-fd82a639/findings.json#GIR-FD82-C097	finding-acceptance.json#GIR-FD82-C097	PLANNED_OPEN_NOT_REVISED	all contributor candidate+integration checks; final Ultra; A-REG ledger
GIR-FD82-C098	P2	true	B14	B14	WP60	https://github.com/y805939188/pokemon-essentials-clean-room/blob/93e10babe0b9c9ef8b3f5277754541b447beeeb4/review/global-independent-review/2026-10-03-fd82a639/findings.json#GIR-FD82-C098	finding-acceptance.json#GIR-FD82-C098	PLANNED_OPEN_NOT_REVISED	all contributor candidate+integration checks; final Ultra; A-REG ledger
GIR-FD82-C099	P2	true	B14	B14	WP60	https://github.com/y805939188/pokemon-essentials-clean-room/blob/93e10babe0b9c9ef8b3f5277754541b447beeeb4/review/global-independent-review/2026-10-03-fd82a639/findings.json#GIR-FD82-C099	finding-acceptance.json#GIR-FD82-C099	PLANNED_OPEN_NOT_REVISED	all contributor candidate+integration checks; final Ultra; A-REG ledger
GIR-FD82-C100	P2	true	B14	B14	WP60	https://github.com/y805939188/pokemon-essentials-clean-room/blob/93e10babe0b9c9ef8b3f5277754541b447beeeb4/review/global-independent-review/2026-10-03-fd82a639/findings.json#GIR-FD82-C100	finding-acceptance.json#GIR-FD82-C100	PLANNED_OPEN_NOT_REVISED	all contributor candidate+integration checks; final Ultra; A-REG ledger
GIR-FD82-C101	P2	true	B14	B14	WP60	https://github.com/y805939188/pokemon-essentials-clean-room/blob/93e10babe0b9c9ef8b3f5277754541b447beeeb4/review/global-independent-review/2026-10-03-fd82a639/findings.json#GIR-FD82-C101	finding-acceptance.json#GIR-FD82-C101	PLANNED_OPEN_NOT_REVISED	all contributor candidate+integration checks; final Ultra; A-REG ledger
GIR-FD82-C102	P2	true	B14	B14	WP60	https://github.com/y805939188/pokemon-essentials-clean-room/blob/93e10babe0b9c9ef8b3f5277754541b447beeeb4/review/global-independent-review/2026-10-03-fd82a639/findings.json#GIR-FD82-C102	finding-acceptance.json#GIR-FD82-C102	PLANNED_OPEN_NOT_REVISED	all contributor candidate+integration checks; final Ultra; A-REG ledger
GIR-FD82-C103	P2	true	B14	B06;B14	WP61	https://github.com/y805939188/pokemon-essentials-clean-room/blob/93e10babe0b9c9ef8b3f5277754541b447beeeb4/review/global-independent-review/2026-10-03-fd82a639/findings.json#GIR-FD82-C103	finding-acceptance.json#GIR-FD82-C103	PLANNED_OPEN_NOT_REVISED	all contributor candidate+integration checks; final Ultra; A-REG ledger
GIR-FD82-C104	P2	true	B14	B14	WP61	https://github.com/y805939188/pokemon-essentials-clean-room/blob/93e10babe0b9c9ef8b3f5277754541b447beeeb4/review/global-independent-review/2026-10-03-fd82a639/findings.json#GIR-FD82-C104	finding-acceptance.json#GIR-FD82-C104	PLANNED_OPEN_NOT_REVISED	all contributor candidate+integration checks; final Ultra; A-REG ledger
GIR-FD82-C105	P2	true	B14	B14	WP61	https://github.com/y805939188/pokemon-essentials-clean-room/blob/93e10babe0b9c9ef8b3f5277754541b447beeeb4/review/global-independent-review/2026-10-03-fd82a639/findings.json#GIR-FD82-C105	finding-acceptance.json#GIR-FD82-C105	PLANNED_OPEN_NOT_REVISED	all contributor candidate+integration checks; final Ultra; A-REG ledger
GIR-FD82-C106	P2	true	B14	B04;B14	WP61	https://github.com/y805939188/pokemon-essentials-clean-room/blob/93e10babe0b9c9ef8b3f5277754541b447beeeb4/review/global-independent-review/2026-10-03-fd82a639/findings.json#GIR-FD82-C106	finding-acceptance.json#GIR-FD82-C106	PLANNED_OPEN_NOT_REVISED	all contributor candidate+integration checks; final Ultra; A-REG ledger
GIR-FD82-C107	P2	true	B15	B15	WP63	https://github.com/y805939188/pokemon-essentials-clean-room/blob/93e10babe0b9c9ef8b3f5277754541b447beeeb4/review/global-independent-review/2026-10-03-fd82a639/findings.json#GIR-FD82-C107	finding-acceptance.json#GIR-FD82-C107	PLANNED_OPEN_NOT_REVISED	all contributor candidate+integration checks; final Ultra; A-REG ledger
GIR-FD82-C108	P2	true	B15	B15	WP63	https://github.com/y805939188/pokemon-essentials-clean-room/blob/93e10babe0b9c9ef8b3f5277754541b447beeeb4/review/global-independent-review/2026-10-03-fd82a639/findings.json#GIR-FD82-C108	finding-acceptance.json#GIR-FD82-C108	PLANNED_OPEN_NOT_REVISED	all contributor candidate+integration checks; final Ultra; A-REG ledger
GIR-FD82-C109	P2	true	B15	B15	WP63	https://github.com/y805939188/pokemon-essentials-clean-room/blob/93e10babe0b9c9ef8b3f5277754541b447beeeb4/review/global-independent-review/2026-10-03-fd82a639/findings.json#GIR-FD82-C109	finding-acceptance.json#GIR-FD82-C109	PLANNED_OPEN_NOT_REVISED	all contributor candidate+integration checks; final Ultra; A-REG ledger
GIR-FD82-C110	P2	true	B15	B15	WP63	https://github.com/y805939188/pokemon-essentials-clean-room/blob/93e10babe0b9c9ef8b3f5277754541b447beeeb4/review/global-independent-review/2026-10-03-fd82a639/findings.json#GIR-FD82-C110	finding-acceptance.json#GIR-FD82-C110	PLANNED_OPEN_NOT_REVISED	all contributor candidate+integration checks; final Ultra; A-REG ledger
GIR-FD82-C111	P2	true	B15	B15	WP63	https://github.com/y805939188/pokemon-essentials-clean-room/blob/93e10babe0b9c9ef8b3f5277754541b447beeeb4/review/global-independent-review/2026-10-03-fd82a639/findings.json#GIR-FD82-C111	finding-acceptance.json#GIR-FD82-C111	PLANNED_OPEN_NOT_REVISED	all contributor candidate+integration checks; final Ultra; A-REG ledger
GIR-FD82-C112	P2	true	B15	B15	WP63	https://github.com/y805939188/pokemon-essentials-clean-room/blob/93e10babe0b9c9ef8b3f5277754541b447beeeb4/review/global-independent-review/2026-10-03-fd82a639/findings.json#GIR-FD82-C112	finding-acceptance.json#GIR-FD82-C112	PLANNED_OPEN_NOT_REVISED	all contributor candidate+integration checks; final Ultra; A-REG ledger
GIR-FD82-C113	P2	true	B15	B15	WP63	https://github.com/y805939188/pokemon-essentials-clean-room/blob/93e10babe0b9c9ef8b3f5277754541b447beeeb4/review/global-independent-review/2026-10-03-fd82a639/findings.json#GIR-FD82-C113	finding-acceptance.json#GIR-FD82-C113	PLANNED_OPEN_NOT_REVISED	all contributor candidate+integration checks; final Ultra; A-REG ledger
GIR-FD82-C114	P2	true	B16	B16	WP65	https://github.com/y805939188/pokemon-essentials-clean-room/blob/93e10babe0b9c9ef8b3f5277754541b447beeeb4/review/global-independent-review/2026-10-03-fd82a639/findings.json#GIR-FD82-C114	finding-acceptance.json#GIR-FD82-C114	PLANNED_OPEN_NOT_REVISED	all contributor candidate+integration checks; final Ultra; A-REG ledger
GIR-FD82-C115	P2	true	B16	B16	WP65	https://github.com/y805939188/pokemon-essentials-clean-room/blob/93e10babe0b9c9ef8b3f5277754541b447beeeb4/review/global-independent-review/2026-10-03-fd82a639/findings.json#GIR-FD82-C115	finding-acceptance.json#GIR-FD82-C115	PLANNED_OPEN_NOT_REVISED	all contributor candidate+integration checks; final Ultra; A-REG ledger
GIR-FD82-C117	P2	true	B16	B16	WP66-C	https://github.com/y805939188/pokemon-essentials-clean-room/blob/93e10babe0b9c9ef8b3f5277754541b447beeeb4/review/global-independent-review/2026-10-03-fd82a639/findings.json#GIR-FD82-C117	finding-acceptance.json#GIR-FD82-C117	PLANNED_OPEN_NOT_REVISED	all contributor candidate+integration checks; final Ultra; A-REG ledger
GIR-FD82-C118	P2	true	B16	B04;B16	WP66-A;WP66-B;WP66-C	https://github.com/y805939188/pokemon-essentials-clean-room/blob/93e10babe0b9c9ef8b3f5277754541b447beeeb4/review/global-independent-review/2026-10-03-fd82a639/findings.json#GIR-FD82-C118	finding-acceptance.json#GIR-FD82-C118	PLANNED_OPEN_NOT_REVISED	all contributor candidate+integration checks; final Ultra; A-REG ledger
GIR-FD82-C119	P2	true	B17	B17	WP67-B	https://github.com/y805939188/pokemon-essentials-clean-room/blob/93e10babe0b9c9ef8b3f5277754541b447beeeb4/review/global-independent-review/2026-10-03-fd82a639/findings.json#GIR-FD82-C119	finding-acceptance.json#GIR-FD82-C119	PLANNED_OPEN_NOT_REVISED	all contributor candidate+integration checks; final Ultra; A-REG ledger
GIR-FD82-C120	P2	true	B16	B06;B16	WP66-B	https://github.com/y805939188/pokemon-essentials-clean-room/blob/93e10babe0b9c9ef8b3f5277754541b447beeeb4/review/global-independent-review/2026-10-03-fd82a639/findings.json#GIR-FD82-C120	finding-acceptance.json#GIR-FD82-C120	PLANNED_OPEN_NOT_REVISED	all contributor candidate+integration checks; final Ultra; A-REG ledger
GIR-FD82-C121	P2	true	B16	B16	WP66-B	https://github.com/y805939188/pokemon-essentials-clean-room/blob/93e10babe0b9c9ef8b3f5277754541b447beeeb4/review/global-independent-review/2026-10-03-fd82a639/findings.json#GIR-FD82-C121	finding-acceptance.json#GIR-FD82-C121	PLANNED_OPEN_NOT_REVISED	all contributor candidate+integration checks; final Ultra; A-REG ledger
GIR-FD82-C122	P2	true	B16	B15;B16	WP66-B	https://github.com/y805939188/pokemon-essentials-clean-room/blob/93e10babe0b9c9ef8b3f5277754541b447beeeb4/review/global-independent-review/2026-10-03-fd82a639/findings.json#GIR-FD82-C122	finding-acceptance.json#GIR-FD82-C122	PLANNED_OPEN_NOT_REVISED	all contributor candidate+integration checks; final Ultra; A-REG ledger
GIR-FD82-C123	P2	true	B16	B16	WP66-B	https://github.com/y805939188/pokemon-essentials-clean-room/blob/93e10babe0b9c9ef8b3f5277754541b447beeeb4/review/global-independent-review/2026-10-03-fd82a639/findings.json#GIR-FD82-C123	finding-acceptance.json#GIR-FD82-C123	PLANNED_OPEN_NOT_REVISED	all contributor candidate+integration checks; final Ultra; A-REG ledger
GIR-FD82-C124	P2	true	B16	B05;B16	WP66-A	https://github.com/y805939188/pokemon-essentials-clean-room/blob/93e10babe0b9c9ef8b3f5277754541b447beeeb4/review/global-independent-review/2026-10-03-fd82a639/findings.json#GIR-FD82-C124	finding-acceptance.json#GIR-FD82-C124	PLANNED_OPEN_NOT_REVISED	all contributor candidate+integration checks; final Ultra; A-REG ledger
GIR-FD82-C125	P2	true	B16	B16	WP66-A	https://github.com/y805939188/pokemon-essentials-clean-room/blob/93e10babe0b9c9ef8b3f5277754541b447beeeb4/review/global-independent-review/2026-10-03-fd82a639/findings.json#GIR-FD82-C125	finding-acceptance.json#GIR-FD82-C125	PLANNED_OPEN_NOT_REVISED	all contributor candidate+integration checks; final Ultra; A-REG ledger
GIR-FD82-C126	P2	true	B16	B05;B16	WP66-A	https://github.com/y805939188/pokemon-essentials-clean-room/blob/93e10babe0b9c9ef8b3f5277754541b447beeeb4/review/global-independent-review/2026-10-03-fd82a639/findings.json#GIR-FD82-C126	finding-acceptance.json#GIR-FD82-C126	PLANNED_OPEN_NOT_REVISED	all contributor candidate+integration checks; final Ultra; A-REG ledger
GIR-FD82-C127	P2	true	B18	B18	WP68	https://github.com/y805939188/pokemon-essentials-clean-room/blob/93e10babe0b9c9ef8b3f5277754541b447beeeb4/review/global-independent-review/2026-10-03-fd82a639/findings.json#GIR-FD82-C127	finding-acceptance.json#GIR-FD82-C127	PLANNED_OPEN_NOT_REVISED	all contributor candidate+integration checks; final Ultra; A-REG ledger
GIR-FD82-C128	P3	true	B18	B18	WP68	https://github.com/y805939188/pokemon-essentials-clean-room/blob/93e10babe0b9c9ef8b3f5277754541b447beeeb4/review/global-independent-review/2026-10-03-fd82a639/findings.json#GIR-FD82-C128	finding-acceptance.json#GIR-FD82-C128	PLANNED_OPEN_NOT_REVISED	all contributor candidate+integration checks; final Ultra; A-REG ledger
GIR-FD82-C129	P2	true	B18	B18	WP71	https://github.com/y805939188/pokemon-essentials-clean-room/blob/93e10babe0b9c9ef8b3f5277754541b447beeeb4/review/global-independent-review/2026-10-03-fd82a639/findings.json#GIR-FD82-C129	finding-acceptance.json#GIR-FD82-C129	PLANNED_OPEN_NOT_REVISED	all contributor candidate+integration checks; final Ultra; A-REG ledger
GIR-FD82-C130	P3	true	B18	B18	WP71	https://github.com/y805939188/pokemon-essentials-clean-room/blob/93e10babe0b9c9ef8b3f5277754541b447beeeb4/review/global-independent-review/2026-10-03-fd82a639/findings.json#GIR-FD82-C130	finding-acceptance.json#GIR-FD82-C130	PLANNED_OPEN_NOT_REVISED	all contributor candidate+integration checks; final Ultra; A-REG ledger
GIR-FD82-C131	P2	true	B18	B18	WP71	https://github.com/y805939188/pokemon-essentials-clean-room/blob/93e10babe0b9c9ef8b3f5277754541b447beeeb4/review/global-independent-review/2026-10-03-fd82a639/findings.json#GIR-FD82-C131	finding-acceptance.json#GIR-FD82-C131	PLANNED_OPEN_NOT_REVISED	all contributor candidate+integration checks; final Ultra; A-REG ledger
GIR-FD82-D018	P2	true	B09	B09;B17	WP42	https://github.com/y805939188/pokemon-essentials-clean-room/blob/93e10babe0b9c9ef8b3f5277754541b447beeeb4/review/global-independent-review/2026-10-03-fd82a639/findings.json#GIR-FD82-D018	finding-acceptance.json#GIR-FD82-D018	PLANNED_OPEN_NOT_REVISED	all contributor candidate+integration checks; final Ultra; A-REG ledger
GIR-FD82-D023	P2	true	B16	B07;B16	WP66-C	https://github.com/y805939188/pokemon-essentials-clean-room/blob/93e10babe0b9c9ef8b3f5277754541b447beeeb4/review/global-independent-review/2026-10-03-fd82a639/findings.json#GIR-FD82-D023	finding-acceptance.json#GIR-FD82-D023	PLANNED_OPEN_NOT_REVISED	all contributor candidate+integration checks; final Ultra; A-REG ledger
GIR-FD82-D024	P2	true	B20	B20	WP74	https://github.com/y805939188/pokemon-essentials-clean-room/blob/93e10babe0b9c9ef8b3f5277754541b447beeeb4/review/global-independent-review/2026-10-03-fd82a639/findings.json#GIR-FD82-D024	finding-acceptance.json#GIR-FD82-D024	PLANNED_OPEN_NOT_REVISED	all contributor candidate+integration checks; final Ultra; A-REG ledger
GIR-FD82-D025	P2	true	B19	B19	WP72	https://github.com/y805939188/pokemon-essentials-clean-room/blob/93e10babe0b9c9ef8b3f5277754541b447beeeb4/review/global-independent-review/2026-10-03-fd82a639/findings.json#GIR-FD82-D025	finding-acceptance.json#GIR-FD82-D025	PLANNED_OPEN_NOT_REVISED	all contributor candidate+integration checks; final Ultra; A-REG ledger
WP80-B02-R01	P3	true	B01	B01	WP02	https://github.com/y805939188/pokemon-essentials-clean-room/blob/93e10babe0b9c9ef8b3f5277754541b447beeeb4/review/global-independent-review/2026-10-03-fd82a639/findings.json#WP80-B02-R01	finding-acceptance.json#WP80-B02-R01	PLANNED_OPEN_NOT_REVISED	all contributor candidate+integration checks; final Ultra; A-REG ledger
WP80-B02-R02	P3	true	B01	B01;B21	WP02;WP03;WP04	https://github.com/y805939188/pokemon-essentials-clean-room/blob/93e10babe0b9c9ef8b3f5277754541b447beeeb4/review/global-independent-review/2026-10-03-fd82a639/findings.json#WP80-B02-R02	finding-acceptance.json#WP80-B02-R02	PLANNED_OPEN_NOT_REVISED	all contributor candidate+integration checks; final Ultra; A-REG ledger
WP80-INTAKE-C01	P3	true	B21	B21	WP80	https://github.com/y805939188/pokemon-essentials-clean-room/blob/93e10babe0b9c9ef8b3f5277754541b447beeeb4/review/global-independent-review/2026-10-03-fd82a639/findings.json#WP80-INTAKE-C01	finding-acceptance.json#WP80-INTAKE-C01	PLANNED_OPEN_NOT_REVISED	all contributor candidate+integration checks; final Ultra; A-REG ledger
WP80-INTAKE-R01	P2	true	B21	B03;B14;B19;B20;B21	WP13;WP14;WP59;WP72;WP74;WP75	https://github.com/y805939188/pokemon-essentials-clean-room/blob/93e10babe0b9c9ef8b3f5277754541b447beeeb4/review/global-independent-review/2026-10-03-fd82a639/findings.json#WP80-INTAKE-R01	finding-acceptance.json#WP80-INTAKE-R01	PLANNED_OPEN_NOT_REVISED	all contributor candidate+integration checks; final Ultra; A-REG ledger
WP80-INTAKE-R02	P2	true	B21	B18;B21	WP68;WP69;WP70;WP80	https://github.com/y805939188/pokemon-essentials-clean-room/blob/93e10babe0b9c9ef8b3f5277754541b447beeeb4/review/global-independent-review/2026-10-03-fd82a639/findings.json#WP80-INTAKE-R02	finding-acceptance.json#WP80-INTAKE-R02	PLANNED_OPEN_NOT_REVISED	all contributor candidate+integration checks; final Ultra; A-REG ledger
