batch_a	batch_b	paths	rule
B01	B02	deliverables/final-specification-set/test-catalog/generic-kernel-wp05-06-07-08-09-10.md	SERIALIZE_WRITERS_AND_STALE_READERS; freeze/rebase then re-review changed bytes
B03	B04	deliverables/final-specification-set/test-catalog/engine-overworld-wp11-15-59-60.md	SERIALIZE_WRITERS_AND_STALE_READERS; freeze/rebase then re-review changed bytes
B03	B14	deliverables/final-specification-set/test-catalog/engine-overworld-wp11-15-59-60.md	SERIALIZE_WRITERS_AND_STALE_READERS; freeze/rebase then re-review changed bytes
B04	B14	deliverables/final-specification-set/test-catalog/engine-overworld-wp11-15-59-60.md	SERIALIZE_WRITERS_AND_STALE_READERS; freeze/rebase then re-review changed bytes
B04	B15	deliverables/final-specification-set/test-catalog/user-interface-wp17-63-65-66-67-68-69-70-71.md	SERIALIZE_WRITERS_AND_STALE_READERS; freeze/rebase then re-review changed bytes
B04	B16	deliverables/final-specification-set/test-catalog/user-interface-wp17-63-65-66-67-68-69-70-71.md	SERIALIZE_WRITERS_AND_STALE_READERS; freeze/rebase then re-review changed bytes
B04	B17	deliverables/final-specification-set/test-catalog/user-interface-wp17-63-65-66-67-68-69-70-71.md	SERIALIZE_WRITERS_AND_STALE_READERS; freeze/rebase then re-review changed bytes
B04	B18	deliverables/final-specification-set/test-catalog/user-interface-wp17-63-65-66-67-68-69-70-71.md	SERIALIZE_WRITERS_AND_STALE_READERS; freeze/rebase then re-review changed bytes
B05	B06	deliverables/final-specification-set/test-catalog/creature-rpg-wp18-20-24-25-26.md	SERIALIZE_WRITERS_AND_STALE_READERS; freeze/rebase then re-review changed bytes
B05	B08	deliverables/final-specification-set/test-catalog/pokemon-rules-wp19-21-22-23-34.md	SERIALIZE_WRITERS_AND_STALE_READERS; freeze/rebase then re-review changed bytes
B06	B07	deliverables/final-specification-set/test-catalog/creature-rpg-wp27-28-29-30-33.md	SERIALIZE_WRITERS_AND_STALE_READERS; freeze/rebase then re-review changed bytes
B06	B08	deliverables/final-specification-set/test-catalog/creature-rpg-wp27-28-29-30-33.md	SERIALIZE_WRITERS_AND_STALE_READERS; freeze/rebase then re-review changed bytes
B07	B08	deliverables/final-specification-set/test-catalog/creature-rpg-wp27-28-29-30-33.md;deliverables/final-specification-set/test-catalog/pokemon-rules-wp31-32-37-38.md	SERIALIZE_WRITERS_AND_STALE_READERS; freeze/rebase then re-review changed bytes
B07	B09	deliverables/final-specification-set/test-catalog/pokemon-rules-wp31-32-37-38.md	SERIALIZE_WRITERS_AND_STALE_READERS; freeze/rebase then re-review changed bytes
B08	B09	deliverables/final-specification-set/test-catalog/pokemon-rules-wp31-32-37-38.md	SERIALIZE_WRITERS_AND_STALE_READERS; freeze/rebase then re-review changed bytes
B08	B13	deliverables/final-specification-set/test-catalog/creature-rpg-wp35-36-57-64-68.md	SERIALIZE_WRITERS_AND_STALE_READERS; freeze/rebase then re-review changed bytes
B08	B15	deliverables/final-specification-set/test-catalog/creature-rpg-wp35-36-57-64-68.md	SERIALIZE_WRITERS_AND_STALE_READERS; freeze/rebase then re-review changed bytes
B08	B18	deliverables/final-specification-set/test-catalog/creature-rpg-wp35-36-57-64-68.md	SERIALIZE_WRITERS_AND_STALE_READERS; freeze/rebase then re-review changed bytes
B09	B10	deliverables/final-specification-set/test-catalog/combat-requirements-wp39-40-41-42-45.md	SERIALIZE_WRITERS_AND_STALE_READERS; freeze/rebase then re-review changed bytes
B10	B11	deliverables/final-specification-set/test-catalog/pokemon-rules-wp43-44-46-48-50.md	SERIALIZE_WRITERS_AND_STALE_READERS; freeze/rebase then re-review changed bytes
B11	B12	deliverables/final-specification-set/test-catalog/combat-requirements-wp49-51-52.md	SERIALIZE_WRITERS_AND_STALE_READERS; freeze/rebase then re-review changed bytes
B12	B14	deliverables/final-specification-set/test-catalog/pokemon-rules-wp53-60-61-62-69-70.md	SERIALIZE_WRITERS_AND_STALE_READERS; freeze/rebase then re-review changed bytes
B12	B15	deliverables/final-specification-set/test-catalog/pokemon-rules-wp53-60-61-62-69-70.md	SERIALIZE_WRITERS_AND_STALE_READERS; freeze/rebase then re-review changed bytes
B12	B18	deliverables/final-specification-set/test-catalog/pokemon-rules-wp53-60-61-62-69-70.md	SERIALIZE_WRITERS_AND_STALE_READERS; freeze/rebase then re-review changed bytes
B13	B15	deliverables/final-specification-set/test-catalog/creature-rpg-wp35-36-57-64-68.md	SERIALIZE_WRITERS_AND_STALE_READERS; freeze/rebase then re-review changed bytes
B13	B18	deliverables/final-specification-set/test-catalog/creature-rpg-wp35-36-57-64-68.md	SERIALIZE_WRITERS_AND_STALE_READERS; freeze/rebase then re-review changed bytes
B14	B15	deliverables/final-specification-set/test-catalog/pokemon-rules-wp53-60-61-62-69-70.md	SERIALIZE_WRITERS_AND_STALE_READERS; freeze/rebase then re-review changed bytes
B14	B18	deliverables/final-specification-set/test-catalog/pokemon-rules-wp53-60-61-62-69-70.md	SERIALIZE_WRITERS_AND_STALE_READERS; freeze/rebase then re-review changed bytes
B15	B16	deliverables/final-specification-set/test-catalog/user-interface-wp17-63-65-66-67-68-69-70-71.md	SERIALIZE_WRITERS_AND_STALE_READERS; freeze/rebase then re-review changed bytes
B15	B17	deliverables/final-specification-set/test-catalog/user-interface-wp17-63-65-66-67-68-69-70-71.md	SERIALIZE_WRITERS_AND_STALE_READERS; freeze/rebase then re-review changed bytes
B15	B18	deliverables/final-specification-set/test-catalog/creature-rpg-wp35-36-57-64-68.md;deliverables/final-specification-set/test-catalog/pokemon-rules-wp53-60-61-62-69-70.md;deliverables/final-specification-set/test-catalog/user-interface-wp17-63-65-66-67-68-69-70-71.md	SERIALIZE_WRITERS_AND_STALE_READERS; freeze/rebase then re-review changed bytes
B16	B17	deliverables/final-specification-set/test-catalog/user-interface-wp17-63-65-66-67-68-69-70-71.md	SERIALIZE_WRITERS_AND_STALE_READERS; freeze/rebase then re-review changed bytes
B16	B18	deliverables/final-specification-set/test-catalog/user-interface-wp17-63-65-66-67-68-69-70-71.md	SERIALIZE_WRITERS_AND_STALE_READERS; freeze/rebase then re-review changed bytes
B17	B18	deliverables/final-specification-set/test-catalog/user-interface-wp17-63-65-66-67-68-69-70-71.md	SERIALIZE_WRITERS_AND_STALE_READERS; freeze/rebase then re-review changed bytes
B17	B19	deliverables/final-specification-set/test-catalog/demo-dx-wp72-73-74-75-76-77.md	SERIALIZE_WRITERS_AND_STALE_READERS; freeze/rebase then re-review changed bytes
B17	B20	deliverables/final-specification-set/test-catalog/demo-dx-wp72-73-74-75-76-77.md	SERIALIZE_WRITERS_AND_STALE_READERS; freeze/rebase then re-review changed bytes
B19	B20	deliverables/final-specification-set/test-catalog/demo-dx-wp72-73-74-75-76-77.md	SERIALIZE_WRITERS_AND_STALE_READERS; freeze/rebase then re-review changed bytes
