upstream	downstream	reason	gate
B01	B02	单位、帧率与零值回退、目录删除和异常层次、非地图节及翻译导出；读档/新游戏夹具保留无存档门。	upstream actual integration affected Ultra verified; downstream reads frozen successor
B01	B03	通行两端/连接跨界、取消与输入竞争、解释器矩阵、ASCII兼容字面、地牢固定图样与退化/失败。	upstream actual integration affected Ultra verified; downstream reads frozen successor
B02	B03	通行两端/连接跨界、取消与输入竞争、解释器矩阵、ASCII兼容字面、地牢固定图样与退化/失败。	upstream actual integration affected Ultra verified; downstream reads frozen successor
B03	B04	资源匹配/失败、音频包装与记忆、图片计时器灯光34场景、文本/命名/动画静态时序；保留媒体宿主未知。	upstream actual integration affected Ultra verified; downstream reads frozen successor
B01	B05	默认字段、25性格映射、形态招式表、ROTOM唯一招删除、Mega石、h255及可选Shadow数据；不改参考异常。	upstream actual integration affected Ultra verified; downstream reads frozen successor
B02	B06	雷达钩子伙伴门、检查入口例外、追加与早盒优先、静默接收和非蛋前提；提供对象身份与容量合同。	upstream actual integration affected Ultra verified; downstream reads frozen successor
B05	B06	雷达钩子伙伴门、检查入口例外、追加与早盒优先、静默接收和非蛋前提；提供对象身份与容量合同。	upstream actual integration affected Ultra verified; downstream reads frozen successor
B05	B07	回复量、EV写入者边界、TR记录、取消后消耗、EXP逐步取整与零份额早退、预演白影、满队替换。	upstream actual integration affected Ultra verified; downstream reads frozen successor
B06	B07	回复量、EV写入者边界、TR记录、取消后消耗、EXP逐步取整与零份额早退、预演白影、满队替换。	upstream actual integration affected Ultra verified; downstream reads frozen successor
B03	B08	Ditto先行门、孵化演出动态形态、专用解析、回绕/版本早退、漫游临时生成与KYOGRE专属四键邻接。	upstream actual integration affected Ultra verified; downstream reads frozen successor
B05	B08	Ditto先行门、孵化演出动态形态、专用解析、回绕/版本早退、漫游临时生成与KYOGRE专属四键邻接。	upstream actual integration affected Ultra verified; downstream reads frozen successor
B07	B08	Ditto先行门、孵化演出动态形态、专用解析、回绕/版本早退、漫游临时生成与KYOGRE专属四键邻接。	upstream actual integration affected Ultra verified; downstream reads frozen successor
B06	B09	伙伴2v1满队捕获列表错位、持物还原、条款字面、注册/执行差异、未来攻击清理及自动换位先计划后执行。	upstream actual integration affected Ultra verified; downstream reads frozen successor
B07	B09	伙伴2v1满队捕获列表错位、持物还原、条款字面、注册/执行差异、未来攻击清理及自动换位先计划后执行。	upstream actual integration affected Ultra verified; downstream reads frozen successor
B08	B09	伙伴2v1满队捕获列表错位、持物还原、条款字面、注册/执行差异、未来攻击清理及自动换位先计划后执行。	upstream actual integration affected Ultra verified; downstream reads frozen successor
B05	B10	65效果参数、HP平均实际合同、OHKO条款加载、139身份及分组；不以正确计数代替行为参数。	upstream actual integration affected Ultra verified; downstream reads frozen successor
B09	B10	65效果参数、HP平均实际合同、OHKO条款加载、139身份及分组；不以正确计数代替行为参数。	upstream actual integration affected Ultra verified; downstream reads frozen successor
B10	B11	幽灵诅咒动态目标与重定向、148特性/196持物身份统计、阶段/消费顺序；缺陷与统计分别登记。	upstream actual integration affected Ultra verified; downstream reads frozen successor
B09	B12	道具资格整段失败、最低量与低HP、效果绑定/评分阶段、Geomancy自身目标、宝石世代门及伙伴优先。	upstream actual integration affected Ultra verified; downstream reads frozen successor
B10	B12	道具资格整段失败、最低量与低HP、效果绑定/评分阶段、Geomancy自身目标、宝石世代门及伙伴优先。	upstream actual integration affected Ultra verified; downstream reads frozen successor
B11	B12	道具资格整段失败、最低量与低HP、效果绑定/评分阶段、Geomancy自身目标、宝石世代门及伙伴优先。	upstream actual integration affected Ultra verified; downstream reads frozen successor
B07	B13	空列表提交与nil取消、按位置EXP/物品恢复和异常边界、Arena补位不重置、替补入口攻击记录；B030保持非必修。	upstream actual integration affected Ultra verified; downstream reads frozen successor
B09	B13	空列表提交与nil取消、按位置EXP/物品恢复和异常边界、Arena补位不重置、替补入口攻击记录；B030保持非必修。	upstream actual integration affected Ultra verified; downstream reads frozen successor
B10	B13	空列表提交与nil取消、按位置EXP/物品恢复和异常边界、Arena补位不重置、替补入口攻击记录；B030保持非必修。	upstream actual integration affected Ultra verified; downstream reads frozen successor
B12	B13	空列表提交与nil取消、按位置EXP/物品恢复和异常边界、Arena补位不重置、替补入口攻击记录；B030保持非必修。	upstream actual integration affected Ultra verified; downstream reads frozen successor
B03	B14	24整点四通道表、天气身份/速度、连接后写20、落点/上浮/逃生点、钓鱼当前格及输入优先、树果新阶段非0、双通知。	upstream actual integration affected Ultra verified; downstream reads frozen successor
B04	B14	24整点四通道表、天气身份/速度、连接后写20、落点/上浮/逃生点、钓鱼当前格及输入优先、树果新阶段非0、双通知。	upstream actual integration affected Ultra verified; downstream reads frozen successor
B08	B14	24整点四通道表、天气身份/速度、连接后写20、落点/上浮/逃生点、钓鱼当前格及输入优先、树果新阶段非0、双通知。	upstream actual integration affected Ultra verified; downstream reads frozen successor
B05	B15	形态/搜索持久状态、区域回退与子格/首点、18旧电话入口、先新增后失败与每通固定抽样、礼物共享个体。	upstream actual integration affected Ultra verified; downstream reads frozen successor
B06	B15	形态/搜索持久状态、区域回退与子格/首点、18旧电话入口、先新增后失败与每通固定抽样、礼物共享个体。	upstream actual integration affected Ultra verified; downstream reads frozen successor
B07	B15	形态/搜索持久状态、区域回退与子格/首点、18旧电话入口、先新增后失败与每通固定抽样、礼物共享个体。	upstream actual integration affected Ultra verified; downstream reads frozen successor
B08	B15	形态/搜索持久状态、区域回退与子格/首点、18旧电话入口、先新增后失败与每通固定抽样、礼物共享个体。	upstream actual integration affected Ultra verified; downstream reads frozen successor
B14	B15	形态/搜索持久状态、区域回退与子格/首点、18旧电话入口、先新增后失败与每通固定抽样、礼物共享个体。	upstream actual integration affected Ultra verified; downstream reads frozen successor
B02	B16	预览/箭头相位、屏幕倍率、空重学/空招式、BoxLink旧索引部分写入、交换仍持Y、有限槽回退及BP显示数量。	upstream actual integration affected Ultra verified; downstream reads frozen successor
B04	B16	预览/箭头相位、屏幕倍率、空重学/空招式、BoxLink旧索引部分写入、交换仍持Y、有限槽回退及BP显示数量。	upstream actual integration affected Ultra verified; downstream reads frozen successor
B06	B16	预览/箭头相位、屏幕倍率、空重学/空招式、BoxLink旧索引部分写入、交换仍持Y、有限槽回退及BP显示数量。	upstream actual integration affected Ultra verified; downstream reads frozen successor
B07	B16	预览/箭头相位、屏幕倍率、空重学/空招式、BoxLink旧索引部分写入、交换仍持Y、有限槽回退及BP显示数量。	upstream actual integration affected Ultra verified; downstream reads frozen successor
B15	B16	预览/箭头相位、屏幕倍率、空重学/空招式、BoxLink旧索引部分写入、交换仍持Y、有限槽回退及BP显示数量。	upstream actual integration affected Ultra verified; downstream reads frozen successor
B09	B17	BACK调用层、无石Mega、NearAlly三席存活/邻接差异、末帧取消、直接调试辅助失败；正常入口与直接入口分列。	upstream actual integration affected Ultra verified; downstream reads frozen successor
B10	B17	BACK调用层、无石Mega、NearAlly三席存活/邻接差异、末帧取消、直接调试辅助失败；正常入口与直接入口分列。	upstream actual integration affected Ultra verified; downstream reads frozen successor
B13	B17	BACK调用层、无石Mega、NearAlly三席存活/邻接差异、末帧取消、直接调试辅助失败；正常入口与直接入口分列。	upstream actual integration affected Ultra verified; downstream reads frozen successor
B16	B17	BACK调用层、无石Mega、NearAlly三席存活/邻接差异、末帧取消、直接调试辅助失败；正常入口与直接入口分列。	upstream actual integration affected Ultra verified; downstream reads frozen successor
B02	B18	原输入限定批准与新输出待审分开、卡仓归并/抽样域、默认4×4五步不可完成证明、表外1×1完成、T01空态及T18列。	upstream actual integration affected Ultra verified; downstream reads frozen successor
B06	B18	原输入限定批准与新输出待审分开、卡仓归并/抽样域、默认4×4五步不可完成证明、表外1×1完成、T01空态及T18列。	upstream actual integration affected Ultra verified; downstream reads frozen successor
B16	B18	原输入限定批准与新输出待审分开、卡仓归并/抽样域、默认4×4五步不可完成证明、表外1×1完成、T01空态及T18列。	upstream actual integration affected Ultra verified; downstream reads frozen successor
B01	B19	120效果83/22/13/2完整参数、调试部分提交与标准break失败、0率archive→PBS→重编译、保存时指标/缓存、旧进化字段。	upstream actual integration affected Ultra verified; downstream reads frozen successor
B05	B19	120效果83/22/13/2完整参数、调试部分提交与标准break失败、0率archive→PBS→重编译、保存时指标/缓存、旧进化字段。	upstream actual integration affected Ultra verified; downstream reads frozen successor
B08	B19	120效果83/22/13/2完整参数、调试部分提交与标准break失败、0率archive→PBS→重编译、保存时指标/缓存、旧进化字段。	upstream actual integration affected Ultra verified; downstream reads frozen successor
B14	B19	120效果83/22/13/2完整参数、调试部分提交与标准break失败、0率archive→PBS→重编译、保存时指标/缓存、旧进化字段。	upstream actual integration affected Ultra verified; downstream reads frozen successor
B16	B19	120效果83/22/13/2完整参数、调试部分提交与标准break失败、0率archive→PBS→重编译、保存时指标/缓存、旧进化字段。	upstream actual integration affected Ultra verified; downstream reads frozen successor
B17	B19	120效果83/22/13/2完整参数、调试部分提交与标准break失败、0率archive→PBS→重编译、保存时指标/缓存、旧进化字段。	upstream actual integration affected Ultra verified; downstream reads frozen successor
B03	B20	35旧转换与三个路由精确前缀、兼容ASCII、动画60槽/渐变/ALT限制、路径N+2采样、旧页条件；Demo证明仍为0。	upstream actual integration affected Ultra verified; downstream reads frozen successor
B04	B20	35旧转换与三个路由精确前缀、兼容ASCII、动画60槽/渐变/ALT限制、路径N+2采样、旧页条件；Demo证明仍为0。	upstream actual integration affected Ultra verified; downstream reads frozen successor
B08	B20	35旧转换与三个路由精确前缀、兼容ASCII、动画60槽/渐变/ALT限制、路径N+2采样、旧页条件；Demo证明仍为0。	upstream actual integration affected Ultra verified; downstream reads frozen successor
B14	B20	35旧转换与三个路由精确前缀、兼容ASCII、动画60槽/渐变/ALT限制、路径N+2采样、旧页条件；Demo证明仍为0。	upstream actual integration affected Ultra verified; downstream reads frozen successor
B15	B20	35旧转换与三个路由精确前缀、兼容ASCII、动画60槽/渐变/ALT限制、路径N+2采样、旧页条件；Demo证明仍为0。	upstream actual integration affected Ultra verified; downstream reads frozen successor
B17	B20	35旧转换与三个路由精确前缀、兼容ASCII、动画60槽/渐变/ALT限制、路径N+2采样、旧页条件；Demo证明仍为0。	upstream actual integration affected Ultra verified; downstream reads frozen successor
B19	B20	35旧转换与三个路由精确前缀、兼容ASCII、动画60槽/渐变/ALT限制、路径N+2采样、旧页条件；Demo证明仍为0。	upstream actual integration affected Ultra verified; downstream reads frozen successor
B01	B21	汇总229规范ID及各批有效贡献、54交界/8链、432导航与52配置/UI限定、批准链与计数；历史快照只追加后继勘误。	upstream actual integration affected Ultra verified; downstream reads frozen successor
B02	B21	汇总229规范ID及各批有效贡献、54交界/8链、432导航与52配置/UI限定、批准链与计数；历史快照只追加后继勘误。	upstream actual integration affected Ultra verified; downstream reads frozen successor
B03	B21	汇总229规范ID及各批有效贡献、54交界/8链、432导航与52配置/UI限定、批准链与计数；历史快照只追加后继勘误。	upstream actual integration affected Ultra verified; downstream reads frozen successor
B04	B21	汇总229规范ID及各批有效贡献、54交界/8链、432导航与52配置/UI限定、批准链与计数；历史快照只追加后继勘误。	upstream actual integration affected Ultra verified; downstream reads frozen successor
B05	B21	汇总229规范ID及各批有效贡献、54交界/8链、432导航与52配置/UI限定、批准链与计数；历史快照只追加后继勘误。	upstream actual integration affected Ultra verified; downstream reads frozen successor
B06	B21	汇总229规范ID及各批有效贡献、54交界/8链、432导航与52配置/UI限定、批准链与计数；历史快照只追加后继勘误。	upstream actual integration affected Ultra verified; downstream reads frozen successor
B07	B21	汇总229规范ID及各批有效贡献、54交界/8链、432导航与52配置/UI限定、批准链与计数；历史快照只追加后继勘误。	upstream actual integration affected Ultra verified; downstream reads frozen successor
B08	B21	汇总229规范ID及各批有效贡献、54交界/8链、432导航与52配置/UI限定、批准链与计数；历史快照只追加后继勘误。	upstream actual integration affected Ultra verified; downstream reads frozen successor
B09	B21	汇总229规范ID及各批有效贡献、54交界/8链、432导航与52配置/UI限定、批准链与计数；历史快照只追加后继勘误。	upstream actual integration affected Ultra verified; downstream reads frozen successor
B10	B21	汇总229规范ID及各批有效贡献、54交界/8链、432导航与52配置/UI限定、批准链与计数；历史快照只追加后继勘误。	upstream actual integration affected Ultra verified; downstream reads frozen successor
B11	B21	汇总229规范ID及各批有效贡献、54交界/8链、432导航与52配置/UI限定、批准链与计数；历史快照只追加后继勘误。	upstream actual integration affected Ultra verified; downstream reads frozen successor
B12	B21	汇总229规范ID及各批有效贡献、54交界/8链、432导航与52配置/UI限定、批准链与计数；历史快照只追加后继勘误。	upstream actual integration affected Ultra verified; downstream reads frozen successor
B13	B21	汇总229规范ID及各批有效贡献、54交界/8链、432导航与52配置/UI限定、批准链与计数；历史快照只追加后继勘误。	upstream actual integration affected Ultra verified; downstream reads frozen successor
B14	B21	汇总229规范ID及各批有效贡献、54交界/8链、432导航与52配置/UI限定、批准链与计数；历史快照只追加后继勘误。	upstream actual integration affected Ultra verified; downstream reads frozen successor
B15	B21	汇总229规范ID及各批有效贡献、54交界/8链、432导航与52配置/UI限定、批准链与计数；历史快照只追加后继勘误。	upstream actual integration affected Ultra verified; downstream reads frozen successor
B16	B21	汇总229规范ID及各批有效贡献、54交界/8链、432导航与52配置/UI限定、批准链与计数；历史快照只追加后继勘误。	upstream actual integration affected Ultra verified; downstream reads frozen successor
B17	B21	汇总229规范ID及各批有效贡献、54交界/8链、432导航与52配置/UI限定、批准链与计数；历史快照只追加后继勘误。	upstream actual integration affected Ultra verified; downstream reads frozen successor
B18	B21	汇总229规范ID及各批有效贡献、54交界/8链、432导航与52配置/UI限定、批准链与计数；历史快照只追加后继勘误。	upstream actual integration affected Ultra verified; downstream reads frozen successor
B19	B21	汇总229规范ID及各批有效贡献、54交界/8链、432导航与52配置/UI限定、批准链与计数；历史快照只追加后继勘误。	upstream actual integration affected Ultra verified; downstream reads frozen successor
B20	B21	汇总229规范ID及各批有效贡献、54交界/8链、432导航与52配置/UI限定、批准链与计数；历史快照只追加后继勘误。	upstream actual integration affected Ultra verified; downstream reads frozen successor
