finding_id	contributors	primary_owner	rule
WP80-INTAKE-R01	B03;B14;B19;B20;B21	B21	one ID, per-WP contributions; inherited premises fixed at PRE0; all contributions required; root signoff only at B21/final
WP80-INTAKE-R02	B18;B21	B21	one ID, per-WP contributions; inherited premises fixed at PRE0; all contributions required; root signoff only at B21/final
WP80-B02-R02	B01;B21	B01	one ID, per-WP contributions; inherited premises fixed at PRE0; all contributions required; root signoff only at B21/final
GIR-FD82-001	B01;B18;B21	B21	one ID, per-WP contributions; inherited premises fixed at PRE0; all contributions required; root signoff only at B21/final
GIR-FD82-002	B03;B04;B14;B21	B21	one ID, per-WP contributions; inherited premises fixed at PRE0; all contributions required; root signoff only at B21/final
GIR-FD82-A006	B01;B02	B02	one ID, per-WP contributions; inherited premises fixed at PRE0; all contributions required; root signoff only at B21/final
GIR-FD82-A015	B02;B16	B16	one ID, per-WP contributions; inherited premises fixed at PRE0; all contributions required; root signoff only at B21/final
GIR-FD82-A017	B02;B21	B02	one ID, per-WP contributions; inherited premises fixed at PRE0; all contributions required; root signoff only at B21/final
GIR-FD82-A020	B01;B05;B07	B07	one ID, per-WP contributions; inherited premises fixed at PRE0; all contributions required; root signoff only at B21/final
GIR-FD82-A024	B05;B07	B05	one ID, per-WP contributions; inherited premises fixed at PRE0; all contributions required; root signoff only at B21/final
GIR-FD82-A026	B05;B07	B07	one ID, per-WP contributions; inherited premises fixed at PRE0; all contributions required; root signoff only at B21/final
GIR-FD82-A034	B06;B08	B06	one ID, per-WP contributions; inherited premises fixed at PRE0; all contributions required; root signoff only at B21/final
GIR-FD82-A040	B05;B07;B17	B07	one ID, per-WP contributions; inherited premises fixed at PRE0; all contributions required; root signoff only at B21/final
GIR-FD82-B008	B07;B09	B09	one ID, per-WP contributions; inherited premises fixed at PRE0; all contributions required; root signoff only at B21/final
GIR-FD82-A044	B05;B07;B16	B16	one ID, per-WP contributions; inherited premises fixed at PRE0; all contributions required; root signoff only at B21/final
GIR-FD82-A046	B07;B11;B12	B07	one ID, per-WP contributions; inherited premises fixed at PRE0; all contributions required; root signoff only at B21/final
GIR-FD82-A047	B07;B09	B07	one ID, per-WP contributions; inherited premises fixed at PRE0; all contributions required; root signoff only at B21/final
GIR-FD82-A048	B07;B16	B16	one ID, per-WP contributions; inherited premises fixed at PRE0; all contributions required; root signoff only at B21/final
GIR-FD82-A049	B07;B09	B07	one ID, per-WP contributions; inherited premises fixed at PRE0; all contributions required; root signoff only at B21/final
GIR-FD82-A050	B07;B17	B07	one ID, per-WP contributions; inherited premises fixed at PRE0; all contributions required; root signoff only at B21/final
GIR-FD82-A055	B15;B16	B15	one ID, per-WP contributions; inherited premises fixed at PRE0; all contributions required; root signoff only at B21/final
GIR-FD82-A056	B15;B16	B16	one ID, per-WP contributions; inherited premises fixed at PRE0; all contributions required; root signoff only at B21/final
GIR-FD82-A058	B04;B16;B21	B16	one ID, per-WP contributions; inherited premises fixed at PRE0; all contributions required; root signoff only at B21/final
GIR-FD82-A059	B04;B06;B09;B17;B21	B17	one ID, per-WP contributions; inherited premises fixed at PRE0; all contributions required; root signoff only at B21/final
GIR-FD82-B003	B09;B11;B13	B11	one ID, per-WP contributions; inherited premises fixed at PRE0; all contributions required; root signoff only at B21/final
GIR-FD82-003	B04;B08;B09;B10;B12;B13;B14;B15;B16;B17;B19;B20;B21	B21	one ID, per-WP contributions; inherited premises fixed at PRE0; all contributions required; root signoff only at B21/final
GIR-FD82-B007	B09;B11	B09	one ID, per-WP contributions; inherited premises fixed at PRE0; all contributions required; root signoff only at B21/final
GIR-FD82-B010	B10;B13	B13	one ID, per-WP contributions; inherited premises fixed at PRE0; all contributions required; root signoff only at B21/final
GIR-FD82-B013	B07;B09	B09	one ID, per-WP contributions; inherited premises fixed at PRE0; all contributions required; root signoff only at B21/final
GIR-FD82-B014	B09;B11	B09	one ID, per-WP contributions; inherited premises fixed at PRE0; all contributions required; root signoff only at B21/final
GIR-FD82-B015	B09;B10	B09	one ID, per-WP contributions; inherited premises fixed at PRE0; all contributions required; root signoff only at B21/final
GIR-FD82-B017	B10;B12	B10	one ID, per-WP contributions; inherited premises fixed at PRE0; all contributions required; root signoff only at B21/final
GIR-FD82-B018	B10;B11;B13	B11	one ID, per-WP contributions; inherited premises fixed at PRE0; all contributions required; root signoff only at B21/final
GIR-FD82-B025	B09;B13	B13	one ID, per-WP contributions; inherited premises fixed at PRE0; all contributions required; root signoff only at B21/final
GIR-FD82-B026	B08;B12	B12	one ID, per-WP contributions; inherited premises fixed at PRE0; all contributions required; root signoff only at B21/final
GIR-FD82-C003	B02;B03;B04;B07;B08;B14;B15;B16;B17;B18;B19;B20;B21	B21	one ID, per-WP contributions; inherited premises fixed at PRE0; all contributions required; root signoff only at B21/final
GIR-FD82-C004	B01;B08;B19	B19	one ID, per-WP contributions; inherited premises fixed at PRE0; all contributions required; root signoff only at B21/final
GIR-FD82-C005	B08;B19	B19	one ID, per-WP contributions; inherited premises fixed at PRE0; all contributions required; root signoff only at B21/final
GIR-FD82-C007	B03;B04;B08;B14;B15;B19;B20;B21	B21	one ID, per-WP contributions; inherited premises fixed at PRE0; all contributions required; root signoff only at B21/final
GIR-FD82-C011	B10;B19	B19	one ID, per-WP contributions; inherited premises fixed at PRE0; all contributions required; root signoff only at B21/final
GIR-FD82-C016	B01;B19	B19	one ID, per-WP contributions; inherited premises fixed at PRE0; all contributions required; root signoff only at B21/final
GIR-FD82-C020	B15;B19;B20	B20	one ID, per-WP contributions; inherited premises fixed at PRE0; all contributions required; root signoff only at B21/final
GIR-FD82-C022	B01;B19	B19	one ID, per-WP contributions; inherited premises fixed at PRE0; all contributions required; root signoff only at B21/final
GIR-FD82-C029	B20;B21	B20	one ID, per-WP contributions; inherited premises fixed at PRE0; all contributions required; root signoff only at B21/final
GIR-FD82-C051	B03;B20	B20	one ID, per-WP contributions; inherited premises fixed at PRE0; all contributions required; root signoff only at B21/final
GIR-FD82-C053	B03;B04	B03	one ID, per-WP contributions; inherited premises fixed at PRE0; all contributions required; root signoff only at B21/final
GIR-FD82-C058	B04;B16	B16	one ID, per-WP contributions; inherited premises fixed at PRE0; all contributions required; root signoff only at B21/final
GIR-FD82-C067	B03;B04	B04	one ID, per-WP contributions; inherited premises fixed at PRE0; all contributions required; root signoff only at B21/final
GIR-FD82-C080	B01;B08	B08	one ID, per-WP contributions; inherited premises fixed at PRE0; all contributions required; root signoff only at B21/final
GIR-FD82-C081	B02;B08	B08	one ID, per-WP contributions; inherited premises fixed at PRE0; all contributions required; root signoff only at B21/final
GIR-FD82-C083	B08;B20	B20	one ID, per-WP contributions; inherited premises fixed at PRE0; all contributions required; root signoff only at B21/final
GIR-FD82-C093	B04;B14	B14	one ID, per-WP contributions; inherited premises fixed at PRE0; all contributions required; root signoff only at B21/final
GIR-FD82-C094	B03;B14	B14	one ID, per-WP contributions; inherited premises fixed at PRE0; all contributions required; root signoff only at B21/final
GIR-FD82-C095	B03;B14	B14	one ID, per-WP contributions; inherited premises fixed at PRE0; all contributions required; root signoff only at B21/final
GIR-FD82-C103	B06;B14	B14	one ID, per-WP contributions; inherited premises fixed at PRE0; all contributions required; root signoff only at B21/final
GIR-FD82-C106	B04;B14	B14	one ID, per-WP contributions; inherited premises fixed at PRE0; all contributions required; root signoff only at B21/final
GIR-FD82-C118	B04;B16	B16	one ID, per-WP contributions; inherited premises fixed at PRE0; all contributions required; root signoff only at B21/final
GIR-FD82-C120	B06;B16	B16	one ID, per-WP contributions; inherited premises fixed at PRE0; all contributions required; root signoff only at B21/final
GIR-FD82-C122	B15;B16	B16	one ID, per-WP contributions; inherited premises fixed at PRE0; all contributions required; root signoff only at B21/final
GIR-FD82-C124	B05;B16	B16	one ID, per-WP contributions; inherited premises fixed at PRE0; all contributions required; root signoff only at B21/final
GIR-FD82-C126	B05;B16	B16	one ID, per-WP contributions; inherited premises fixed at PRE0; all contributions required; root signoff only at B21/final
GIR-FD82-D018	B09;B17	B09	one ID, per-WP contributions; inherited premises fixed at PRE0; all contributions required; root signoff only at B21/final
GIR-FD82-D023	B07;B16	B16	one ID, per-WP contributions; inherited premises fixed at PRE0; all contributions required; root signoff only at B21/final
GIR-FD82-005	B09;B17	B17	one ID, per-WP contributions; inherited premises fixed at PRE0; all contributions required; root signoff only at B21/final
GIR-FD82-006	B04;B16;B21	B21	one ID, per-WP contributions; inherited premises fixed at PRE0; all contributions required; root signoff only at B21/final
