fixed_commit	path	actual_lines	unread_in_this_author_round
8c5911e4a4b07b07e832e4bb0d5d8859e88b4a9b	Data/Scripts/001_Settings.rb	524	1-69,75-524
8c5911e4a4b07b07e832e4bb0d5d8859e88b4a9b	Data/Scripts/001_Technical/002_Files/001_FileTests.rb	484	1-108,125-261,272-484
8c5911e4a4b07b07e832e4bb0d5d8859e88b4a9b	Data/Scripts/001_Technical/002_RubyUtilities.rb	406	1-203,241-319,330-406
8c5911e4a4b07b07e832e4bb0d5d8859e88b4a9b	Data/Scripts/001_Technical/006_RPG_Sprite.rb	103	1-42,67-103
8c5911e4a4b07b07e832e4bb0d5d8859e88b4a9b	Data/Scripts/003_Game processing/002_Scene_Map.rb	252	1-181,189-252
8c5911e4a4b07b07e832e4bb0d5d8859e88b4a9b	Data/Scripts/003_Game processing/004_Interpreter_Commands.rb	1180	1-558,571-642,653-832,843-878,894-1180
8c5911e4a4b07b07e832e4bb0d5d8859e88b4a9b	Data/Scripts/004_Game classes/001_Game_Screen.rb	134	none
8c5911e4a4b07b07e832e4bb0d5d8859e88b4a9b	Data/Scripts/004_Game classes/002_Game_System.rb	287	1-48,138-157,233-273
8c5911e4a4b07b07e832e4bb0d5d8859e88b4a9b	Data/Scripts/004_Game classes/003_Game_Picture.rb	166	none
8c5911e4a4b07b07e832e4bb0d5d8859e88b4a9b	Data/Scripts/004_Game classes/004_Game_Map.rb	565	1-397,422-469,490-565
8c5911e4a4b07b07e832e4bb0d5d8859e88b4a9b	Data/Scripts/005_Sprites/001_Sprite_Picture.rb	58	none
8c5911e4a4b07b07e832e4bb0d5d8859e88b4a9b	Data/Scripts/005_Sprites/002_Sprite_Timer.rb	45	none
8c5911e4a4b07b07e832e4bb0d5d8859e88b4a9b	Data/Scripts/005_Sprites/003_Sprite_Character.rb	187	57-113,186-187
8c5911e4a4b07b07e832e4bb0d5d8859e88b4a9b	Data/Scripts/005_Sprites/004_Sprite_Reflection.rb	89	none
8c5911e4a4b07b07e832e4bb0d5d8859e88b4a9b	Data/Scripts/005_Sprites/005_Sprite_SurfBase.rb	91	91-91
8c5911e4a4b07b07e832e4bb0d5d8859e88b4a9b	Data/Scripts/005_Sprites/008_Sprite_AnimationSprite.rb	331	1-30,96-134,234-262
8c5911e4a4b07b07e832e4bb0d5d8859e88b4a9b	Data/Scripts/005_Sprites/009_Sprite_DynamicShadows.rb	239	148-177
8c5911e4a4b07b07e832e4bb0d5d8859e88b4a9b	Data/Scripts/005_Sprites/011_ScreenPosHelper.rb	43	1-9,17-43
8c5911e4a4b07b07e832e4bb0d5d8859e88b4a9b	Data/Scripts/006_Map renderer/001_TilemapRenderer.rb	620	1-139,180-190,199-620
8c5911e4a4b07b07e832e4bb0d5d8859e88b4a9b	Data/Scripts/006_Map renderer/003_AutotileExpander.rb	72	66-72
8c5911e4a4b07b07e832e4bb0d5d8859e88b4a9b	Data/Scripts/006_Map renderer/004_TileDrawingHelper.rb	241	1-4,19-104,126-241
8c5911e4a4b07b07e832e4bb0d5d8859e88b4a9b	Data/Scripts/007_Objects and windows/001_RPG_Cache.rb	144	1-37,65-115,144-144
8c5911e4a4b07b07e832e4bb0d5d8859e88b4a9b	Data/Scripts/007_Objects and windows/002_MessageConfig.rb	814	1-8,13-664,685-814
8c5911e4a4b07b07e832e4bb0d5d8859e88b4a9b	Data/Scripts/007_Objects and windows/005_SpriteWindow_text.rb	1372	1-308,341-420,441-525,578-623,685-980,993-1372
8c5911e4a4b07b07e832e4bb0d5d8859e88b4a9b	Data/Scripts/007_Objects and windows/007_BitmapSprite.rb	243	1-31,36-64,86-118,136-243
8c5911e4a4b07b07e832e4bb0d5d8859e88b4a9b	Data/Scripts/007_Objects and windows/008_AnimatedBitmap.rb	228	1-4,59-129,154-228
8c5911e4a4b07b07e832e4bb0d5d8859e88b4a9b	Data/Scripts/007_Objects and windows/010_DrawText.rb	1151	1-76,106-127,152-359,394-419,431-518,567-934,946-1151
8c5911e4a4b07b07e832e4bb0d5d8859e88b4a9b	Data/Scripts/007_Objects and windows/011_Messages.rb	859	1-54,134-165,206-210,225-284,311-424,445-536,546-625,630-640,651-834
8c5911e4a4b07b07e832e4bb0d5d8859e88b4a9b	Data/Scripts/007_Objects and windows/012_TextEntry.rb	556	1-3,65-84,111-114,129-176,221-225,259-556
8c5911e4a4b07b07e832e4bb0d5d8859e88b4a9b	Data/Scripts/008_Audio/001_Audio.rb	154	68-68
8c5911e4a4b07b07e832e4bb0d5d8859e88b4a9b	Data/Scripts/008_Audio/002_Audio_Play.rb	278	121-278
8c5911e4a4b07b07e832e4bb0d5d8859e88b4a9b	Data/Scripts/009_Scenes/001_Transitions.rb	1929	130-176,455-1929
8c5911e4a4b07b07e832e4bb0d5d8859e88b4a9b	Data/Scripts/010_Data/001_Hardcoded data/012_Weather.rb	165	none
8c5911e4a4b07b07e832e4bb0d5d8859e88b4a9b	Data/Scripts/010_Data/002_PBS data/006_Item.rb	270	1-73,108-270
8c5911e4a4b07b07e832e4bb0d5d8859e88b4a9b	Data/Scripts/010_Data/002_PBS data/009_Species_files.rb	246	1-2,244-246
8c5911e4a4b07b07e832e4bb0d5d8859e88b4a9b	Data/Scripts/010_Data/002_PBS data/014_TrainerType.rb	134	1-17,31-51,62-63,99-100,112-134
8c5911e4a4b07b07e832e4bb0d5d8859e88b4a9b	Data/Scripts/012_Overworld/001_Overworld visuals/001_Overworld_Weather.rb	528	1-273,305-359,424-480,496-528
8c5911e4a4b07b07e832e4bb0d5d8859e88b4a9b	Data/Scripts/012_Overworld/001_Overworld visuals/002_Overworld_Overlays.rb	232	none
8c5911e4a4b07b07e832e4bb0d5d8859e88b4a9b	Data/Scripts/012_Overworld/001_Overworld visuals/003_Overworld_MapTransitionAnims.rb	138	76-138
8c5911e4a4b07b07e832e4bb0d5d8859e88b4a9b	Data/Scripts/012_Overworld/001_Overworld.rb	750	1-56,65-144,155-277,316-402,418-750
8c5911e4a4b07b07e832e4bb0d5d8859e88b4a9b	Data/Scripts/012_Overworld/002_Battle triggering/002_Overworld_BattleIntroAnim.rb	432	1-69,79-126,140-422,428-432
8c5911e4a4b07b07e832e4bb0d5d8859e88b4a9b	Data/Scripts/012_Overworld/003_Overworld_Time.rb	309	41-72,110-309
8c5911e4a4b07b07e832e4bb0d5d8859e88b4a9b	Data/Scripts/012_Overworld/004_Overworld_FieldMoves.rb	969	1-437,453-969
8c5911e4a4b07b07e832e4bb0d5d8859e88b4a9b	Data/Scripts/013_Items/007_Item_Sprites.rb	157	none
8c5911e4a4b07b07e832e4bb0d5d8859e88b4a9b	Data/Scripts/014_Pokemon/001_Pokemon-related/003_Pokemon_Sprites.rb	316	1-82,204-207
8c5911e4a4b07b07e832e4bb0d5d8859e88b4a9b	Data/Scripts/015_Trainers and player/003_Trainer_Sprites.rb	68	none
8c5911e4a4b07b07e832e4bb0d5d8859e88b4a9b	Data/Scripts/016_UI/006_UI_Summary.rb	1400	1-133,141-152,163-1400
8c5911e4a4b07b07e832e4bb0d5d8859e88b4a9b	Data/Scripts/016_UI/007_UI_Bag.rb	704	1-189,208-329,335-704
8c5911e4a4b07b07e832e4bb0d5d8859e88b4a9b	Data/Scripts/016_UI/015_UI_Options.rb	544	1-400,419-544
8c5911e4a4b07b07e832e4bb0d5d8859e88b4a9b	Data/Scripts/016_UI/017_UI_PokemonStorage.rb	2022	1-23,43-2022
8c5911e4a4b07b07e832e4bb0d5d8859e88b4a9b	Data/Scripts/016_UI/018_UI_ItemStorage.rb	376	117-134,153-376
8c5911e4a4b07b07e832e4bb0d5d8859e88b4a9b	Data/Scripts/016_UI/020_UI_PokeMart.rb	748	1-225,236-241,254-748
8c5911e4a4b07b07e832e4bb0d5d8859e88b4a9b	Data/Scripts/016_UI/021_UI_BattlePointShop.rb	525	1-140,151-156,168-525
8c5911e4a4b07b07e832e4bb0d5d8859e88b4a9b	Data/Scripts/016_UI/025_UI_TextEntry.rb	786	63-123,176-179,199-260,275-405,458-459,489-519,567-568,723-737,770-786
8c5911e4a4b07b07e832e4bb0d5d8859e88b4a9b	Data/Scripts/019_Utilities/003_Utilities_BattleAudio.rb	149	none
