finding_id	canonical_state	candidate_commit	candidate_reviewer	candidate_review_commit	candidate_verdict	accepted_contribution_kind	public_registration_verdict	integration_verdict	downstream_gate	reviewed_integration_commit	integration_review_commit	integration_reviewer	integration_disposition	remaining_obligations
GIR-FD82-001	OPEN	c7e30a1197083e86315d735fcfde5e31574d935a	R-B01	c919657840bb09394ce03a8a8688b02666f030dc	PASS_SCOPED	PROPOSAL_ONLY_NO_FORMAL_REPAIR	PASS_SCOPED_AT_EXACT_INTEGRATION_SHA	PASS_SCOPED	UPSTREAM_B01_GATE_MET_PARENT_DISPATCH_ONLY	93d0714ddfdb4900e946c0acd1cc80cf6431f0a0	8a1fdfb2b582df4cefb408b56eea144a2e53dcfe	R-B01	INTEGRATION_PARTIAL_ENTRY_REPAIR_VERIFIED_SEVEN_BODY_PATHS_DEFERRED	"{""remaining_batches"":[""B18"",""B21""],""review_remaining_paths_or_obligations_at_93d"":[""deliverables/final-specification-set/creature-rpg/wp68-triple-triad.md"",""deliverables/final-specification-set/user-interface/wp68-duel.md"",""deliverables/final-specification-set/user-interface/wp69-slot-machine.md"",""deliverables/final-specification-set/user-interface/wp69-slot-reels.md"",""deliverables/final-specification-set/user-interface/wp70-mining-data.md"",""deliverables/final-specification-set/user-interface/wp70-mining.md"",""deliverables/final-specification-set/user-interface/wp71-tile-puzzles.md""],""review_remaining_acceptance_at_93d"":""parse actual seven exact relative body paths to reachable root audit; do not promote static/runtime/whole-set evidence"",""B01_C_registration"":""RECORDED; B01 scoped contribution accepted; no canonical closure"",""current_uncompleted_paths_or_obligations"":[""deliverables/final-specification-set/creature-rpg/wp68-triple-triad.md"",""deliverables/final-specification-set/user-interface/wp68-duel.md"",""deliverables/final-specification-set/user-interface/wp69-slot-machine.md"",""deliverables/final-specification-set/user-interface/wp69-slot-reels.md"",""deliverables/final-specification-set/user-interface/wp70-mining-data.md"",""deliverables/final-specification-set/user-interface/wp70-mining.md"",""deliverables/final-specification-set/user-interface/wp71-tile-puzzles.md""],""current_remaining_acceptance"":""parse actual seven exact relative body paths to reachable root audit; do not promote static/runtime/whole-set evidence"",""canonical_closure"":""OPEN; all-contributor and final Ultra gates retained""}"
GIR-FD82-A001	OPEN	c7e30a1197083e86315d735fcfde5e31574d935a	R-B01	c919657840bb09394ce03a8a8688b02666f030dc	PASS_SCOPED	SCOPED_CORRECTION_VERIFIED	PASS_SCOPED_AT_EXACT_INTEGRATION_SHA	PASS_SCOPED	UPSTREAM_B01_GATE_MET_PARENT_DISPATCH_ONLY	93d0714ddfdb4900e946c0acd1cc80cf6431f0a0	8a1fdfb2b582df4cefb408b56eea144a2e53dcfe	R-B01	INTEGRATION_SCOPED_CORRECTION_OR_ERRATA_VERIFIED	"{""remaining_batches"":[],""review_remaining_paths_or_obligations_at_93d"":[""A-REG successor registration of this precise integration verdict"",""original canonical closure gate; no finding closed here""],""review_remaining_acceptance_at_93d"":""register exact I/report identities without borrowed historical approvals; preserve final/all-contributor closure gates"",""B01_C_registration"":""RECORDED; B01 scoped contribution accepted; no canonical closure"",""current_uncompleted_paths_or_obligations"":[""original canonical closure gate; no finding closed here""],""current_remaining_acceptance"":""all-contributor and final Ultra canonical closure gates; B01 registration complete"",""canonical_closure"":""OPEN; all-contributor and final Ultra gates retained""}"
GIR-FD82-A002	OPEN	c7e30a1197083e86315d735fcfde5e31574d935a	R-B01	c919657840bb09394ce03a8a8688b02666f030dc	PASS_SCOPED	SCOPED_CORRECTION_VERIFIED	PASS_SCOPED_AT_EXACT_INTEGRATION_SHA	PASS_SCOPED	UPSTREAM_B01_GATE_MET_PARENT_DISPATCH_ONLY	93d0714ddfdb4900e946c0acd1cc80cf6431f0a0	8a1fdfb2b582df4cefb408b56eea144a2e53dcfe	R-B01	INTEGRATION_SCOPED_CORRECTION_OR_ERRATA_VERIFIED	"{""remaining_batches"":[],""review_remaining_paths_or_obligations_at_93d"":[""A-REG successor registration of this precise integration verdict"",""original canonical closure gate; no finding closed here""],""review_remaining_acceptance_at_93d"":""register exact I/report identities without borrowed historical approvals; preserve final/all-contributor closure gates"",""B01_C_registration"":""RECORDED; B01 scoped contribution accepted; no canonical closure"",""current_uncompleted_paths_or_obligations"":[""original canonical closure gate; no finding closed here""],""current_remaining_acceptance"":""all-contributor and final Ultra canonical closure gates; B01 registration complete"",""canonical_closure"":""OPEN; all-contributor and final Ultra gates retained""}"
GIR-FD82-A003	OPEN	c7e30a1197083e86315d735fcfde5e31574d935a	R-B01	c919657840bb09394ce03a8a8688b02666f030dc	PASS_SCOPED	SCOPED_CORRECTION_VERIFIED	PASS_SCOPED_AT_EXACT_INTEGRATION_SHA	PASS_SCOPED	UPSTREAM_B01_GATE_MET_PARENT_DISPATCH_ONLY	93d0714ddfdb4900e946c0acd1cc80cf6431f0a0	8a1fdfb2b582df4cefb408b56eea144a2e53dcfe	R-B01	INTEGRATION_SCOPED_CORRECTION_OR_ERRATA_VERIFIED	"{""remaining_batches"":[],""review_remaining_paths_or_obligations_at_93d"":[""A-REG successor registration of this precise integration verdict"",""original canonical closure gate; no finding closed here""],""review_remaining_acceptance_at_93d"":""register exact I/report identities without borrowed historical approvals; preserve final/all-contributor closure gates"",""B01_C_registration"":""RECORDED; B01 scoped contribution accepted; no canonical closure"",""current_uncompleted_paths_or_obligations"":[""original canonical closure gate; no finding closed here""],""current_remaining_acceptance"":""all-contributor and final Ultra canonical closure gates; B01 registration complete"",""canonical_closure"":""OPEN; all-contributor and final Ultra gates retained""}"
GIR-FD82-A004	OPEN	c7e30a1197083e86315d735fcfde5e31574d935a	R-B01	c919657840bb09394ce03a8a8688b02666f030dc	PASS_SCOPED	SCOPED_CORRECTION_VERIFIED	PASS_SCOPED_AT_EXACT_INTEGRATION_SHA	PASS_SCOPED	UPSTREAM_B01_GATE_MET_PARENT_DISPATCH_ONLY	93d0714ddfdb4900e946c0acd1cc80cf6431f0a0	8a1fdfb2b582df4cefb408b56eea144a2e53dcfe	R-B01	INTEGRATION_SCOPED_CORRECTION_OR_ERRATA_VERIFIED	"{""remaining_batches"":[],""review_remaining_paths_or_obligations_at_93d"":[""A-REG successor registration of this precise integration verdict"",""original canonical closure gate; no finding closed here""],""review_remaining_acceptance_at_93d"":""register exact I/report identities without borrowed historical approvals; preserve final/all-contributor closure gates"",""B01_C_registration"":""RECORDED; B01 scoped contribution accepted; no canonical closure"",""current_uncompleted_paths_or_obligations"":[""original canonical closure gate; no finding closed here""],""current_remaining_acceptance"":""all-contributor and final Ultra canonical closure gates; B01 registration complete"",""canonical_closure"":""OPEN; all-contributor and final Ultra gates retained""}"
GIR-FD82-A006	OPEN	c7e30a1197083e86315d735fcfde5e31574d935a	R-B01	c919657840bb09394ce03a8a8688b02666f030dc	PASS_SCOPED	SCOPED_CONTRIBUTION_VERIFIED_DEFERRED	PASS_SCOPED_AT_EXACT_INTEGRATION_SHA	PASS_SCOPED	UPSTREAM_B01_GATE_MET_PARENT_DISPATCH_ONLY	93d0714ddfdb4900e946c0acd1cc80cf6431f0a0	8a1fdfb2b582df4cefb408b56eea144a2e53dcfe	R-B01	INTEGRATION_SCOPED_CONTRIBUTION_VERIFIED_DEFERRED	"{""remaining_batches"":[""B02"",""public-registration""],""review_remaining_paths_or_obligations_at_93d"":[""specs/kernel/wp02-rule-configuration-and-data-variants.md:288"",""specs/kernel/wp02-settings-inventory-appendix.md:200"",""specs/kernel/wp08-localization.md:58"",""deliverables/final-specification-set/generic-kernel/wp08-localization.md:37""],""review_remaining_acceptance_at_93d"":""Complete all canonical qualified cross-batch clauses/tests/original-final synchronization in the named remaining batches; preserve full original effective adjudications and fixed reference. This integration identity check does not close the global finding."",""B01_C_registration"":""RECORDED; B01 scoped contribution accepted; no canonical closure"",""current_uncompleted_paths_or_obligations"":[""specs/kernel/wp02-rule-configuration-and-data-variants.md:288"",""specs/kernel/wp02-settings-inventory-appendix.md:200"",""specs/kernel/wp08-localization.md:58"",""deliverables/final-specification-set/generic-kernel/wp08-localization.md:37""],""current_remaining_acceptance"":""Complete all canonical qualified cross-batch clauses/tests/original-final synchronization in the named remaining batches; preserve full original effective adjudications and fixed reference. This integration identity check does not close the global finding."",""canonical_closure"":""OPEN; all-contributor and final Ultra gates retained""}"
GIR-FD82-A009	OPEN	c7e30a1197083e86315d735fcfde5e31574d935a	R-B01	c919657840bb09394ce03a8a8688b02666f030dc	PASS_SCOPED	SCOPED_CORRECTION_VERIFIED	PASS_SCOPED_AT_EXACT_INTEGRATION_SHA	PASS_SCOPED	UPSTREAM_B01_GATE_MET_PARENT_DISPATCH_ONLY	93d0714ddfdb4900e946c0acd1cc80cf6431f0a0	8a1fdfb2b582df4cefb408b56eea144a2e53dcfe	R-B01	INTEGRATION_SCOPED_CORRECTION_OR_ERRATA_VERIFIED	"{""remaining_batches"":[],""review_remaining_paths_or_obligations_at_93d"":[""A-REG successor registration of this precise integration verdict"",""original canonical closure gate; no finding closed here""],""review_remaining_acceptance_at_93d"":""register exact I/report identities without borrowed historical approvals; preserve final/all-contributor closure gates"",""B01_C_registration"":""RECORDED; B01 scoped contribution accepted; no canonical closure"",""current_uncompleted_paths_or_obligations"":[""original canonical closure gate; no finding closed here""],""current_remaining_acceptance"":""all-contributor and final Ultra canonical closure gates; B01 registration complete"",""canonical_closure"":""OPEN; all-contributor and final Ultra gates retained""}"
GIR-FD82-A020	OPEN	c7e30a1197083e86315d735fcfde5e31574d935a	R-B01	c919657840bb09394ce03a8a8688b02666f030dc	PASS_SCOPED	SCOPED_CONTRIBUTION_VERIFIED_DEFERRED	PASS_SCOPED_AT_EXACT_INTEGRATION_SHA	PASS_SCOPED	UPSTREAM_B01_GATE_MET_PARENT_DISPATCH_ONLY	93d0714ddfdb4900e946c0acd1cc80cf6431f0a0	8a1fdfb2b582df4cefb408b56eea144a2e53dcfe	R-B01	INTEGRATION_SCOPED_CONTRIBUTION_VERIFIED_DEFERRED	"{""remaining_batches"":[""B05"",""B07""],""review_remaining_paths_or_obligations_at_93d"":[""WP19 complete fixed mapping and stats tests"",""WP28 dependent consumer""],""review_remaining_acceptance_at_93d"":""Complete all canonical qualified cross-batch clauses/tests/original-final synchronization in the named remaining batches; preserve full original effective adjudications and fixed reference. This integration identity check does not close the global finding."",""B01_C_registration"":""RECORDED; B01 scoped contribution accepted; no canonical closure"",""current_uncompleted_paths_or_obligations"":[""WP19 complete fixed mapping and stats tests"",""WP28 dependent consumer""],""current_remaining_acceptance"":""Complete all canonical qualified cross-batch clauses/tests/original-final synchronization in the named remaining batches; preserve full original effective adjudications and fixed reference. This integration identity check does not close the global finding."",""canonical_closure"":""OPEN; all-contributor and final Ultra gates retained""}"
GIR-FD82-C004	OPEN	c7e30a1197083e86315d735fcfde5e31574d935a	R-B01	c919657840bb09394ce03a8a8688b02666f030dc	PASS_SCOPED	SCOPED_CONTRIBUTION_VERIFIED_DEFERRED	PASS_SCOPED_AT_EXACT_INTEGRATION_SHA	PASS_SCOPED	UPSTREAM_B01_GATE_MET_PARENT_DISPATCH_ONLY	93d0714ddfdb4900e946c0acd1cc80cf6431f0a0	8a1fdfb2b582df4cefb408b56eea144a2e53dcfe	R-B01	INTEGRATION_SCOPED_CONTRIBUTION_VERIFIED_DEFERRED	"{""remaining_batches"":[""B08"",""B19""],""review_remaining_paths_or_obligations_at_93d"":[""WP36"",""WP73-B"",""corresponding originals/editor tests""],""review_remaining_acceptance_at_93d"":""Complete all canonical qualified cross-batch clauses/tests/original-final synchronization in the named remaining batches; preserve full original effective adjudications and fixed reference. This integration identity check does not close the global finding."",""B01_C_registration"":""RECORDED; B01 scoped contribution accepted; no canonical closure"",""current_uncompleted_paths_or_obligations"":[""WP36"",""WP73-B"",""corresponding originals/editor tests""],""current_remaining_acceptance"":""Complete all canonical qualified cross-batch clauses/tests/original-final synchronization in the named remaining batches; preserve full original effective adjudications and fixed reference. This integration identity check does not close the global finding."",""canonical_closure"":""OPEN; all-contributor and final Ultra gates retained""}"
GIR-FD82-C016	OPEN	c7e30a1197083e86315d735fcfde5e31574d935a	R-B01	c919657840bb09394ce03a8a8688b02666f030dc	PASS_SCOPED	SCOPED_CONTRIBUTION_VERIFIED_DEFERRED	PASS_SCOPED_AT_EXACT_INTEGRATION_SHA	PASS_SCOPED	UPSTREAM_B01_GATE_MET_PARENT_DISPATCH_ONLY	93d0714ddfdb4900e946c0acd1cc80cf6431f0a0	8a1fdfb2b582df4cefb408b56eea144a2e53dcfe	R-B01	INTEGRATION_SCOPED_CONTRIBUTION_VERIFIED_DEFERRED	"{""remaining_batches"":[""B19"",""related-domain/public-registration""],""review_remaining_paths_or_obligations_at_93d"":[""metrics editor and preview"",""original/related WP15/WP16 domain clauses""],""review_remaining_acceptance_at_93d"":""Complete all canonical qualified cross-batch clauses/tests/original-final synchronization in the named remaining batches; preserve full original effective adjudications and fixed reference. This integration identity check does not close the global finding."",""B01_C_registration"":""RECORDED; B01 scoped contribution accepted; no canonical closure"",""current_uncompleted_paths_or_obligations"":[""metrics editor and preview"",""original/related WP15/WP16 domain clauses""],""current_remaining_acceptance"":""Complete all canonical qualified cross-batch clauses/tests/original-final synchronization in the named remaining batches; preserve full original effective adjudications and fixed reference. This integration identity check does not close the global finding."",""canonical_closure"":""OPEN; all-contributor and final Ultra gates retained""}"
GIR-FD82-C022	OPEN	c7e30a1197083e86315d735fcfde5e31574d935a	R-B01	c919657840bb09394ce03a8a8688b02666f030dc	PASS_SCOPED	SCOPED_CONTRIBUTION_VERIFIED_DEFERRED	PASS_SCOPED_AT_EXACT_INTEGRATION_SHA	PASS_SCOPED	UPSTREAM_B01_GATE_MET_PARENT_DISPATCH_ONLY	93d0714ddfdb4900e946c0acd1cc80cf6431f0a0	8a1fdfb2b582df4cefb408b56eea144a2e53dcfe	R-B01	INTEGRATION_SCOPED_CONTRIBUTION_VERIFIED_DEFERRED	"{""remaining_batches"":[""B19"",""B21""],""review_remaining_paths_or_obligations_at_93d"":[""specs/demo/wp73-a-content-editors.md:35"",""deliverables/final-specification-set/demo-dx/wp73-a-content-editors.md:19"",""editor save/test/entry traceability""],""review_remaining_acceptance_at_93d"":""Complete all canonical qualified cross-batch clauses/tests/original-final synchronization in the named remaining batches; preserve full original effective adjudications and fixed reference. This integration identity check does not close the global finding."",""B01_C_registration"":""RECORDED; B01 scoped contribution accepted; no canonical closure"",""current_uncompleted_paths_or_obligations"":[""specs/demo/wp73-a-content-editors.md:35"",""deliverables/final-specification-set/demo-dx/wp73-a-content-editors.md:19"",""editor save/test/entry traceability""],""current_remaining_acceptance"":""Complete all canonical qualified cross-batch clauses/tests/original-final synchronization in the named remaining batches; preserve full original effective adjudications and fixed reference. This integration identity check does not close the global finding."",""canonical_closure"":""OPEN; all-contributor and final Ultra gates retained""}"
GIR-FD82-C080	OPEN	c7e30a1197083e86315d735fcfde5e31574d935a	R-B01	c919657840bb09394ce03a8a8688b02666f030dc	PASS_SCOPED	SCOPED_CONTRIBUTION_VERIFIED_DEFERRED	PASS_SCOPED_AT_EXACT_INTEGRATION_SHA	PASS_SCOPED	UPSTREAM_B01_GATE_MET_PARENT_DISPATCH_ONLY	93d0714ddfdb4900e946c0acd1cc80cf6431f0a0	8a1fdfb2b582df4cefb408b56eea144a2e53dcfe	R-B01	INTEGRATION_SCOPED_CONTRIBUTION_VERIFIED_DEFERRED	"{""remaining_batches"":[""B08""],""review_remaining_paths_or_obligations_at_93d"":[""specs/creature-rpg/wp36-wild-encounters-and-modifiers.md"",""deliverables/final-specification-set/creature-rpg/wp36-wild-encounters-and-modifiers.md"",""WP36 tests""],""review_remaining_acceptance_at_93d"":""Complete all canonical qualified cross-batch clauses/tests/original-final synchronization in the named remaining batches; preserve full original effective adjudications and fixed reference. This integration identity check does not close the global finding."",""B01_C_registration"":""RECORDED; B01 scoped contribution accepted; no canonical closure"",""current_uncompleted_paths_or_obligations"":[""specs/creature-rpg/wp36-wild-encounters-and-modifiers.md"",""deliverables/final-specification-set/creature-rpg/wp36-wild-encounters-and-modifiers.md"",""WP36 tests""],""current_remaining_acceptance"":""Complete all canonical qualified cross-batch clauses/tests/original-final synchronization in the named remaining batches; preserve full original effective adjudications and fixed reference. This integration identity check does not close the global finding."",""canonical_closure"":""OPEN; all-contributor and final Ultra gates retained""}"
WP80-B02-R01	OPEN	c7e30a1197083e86315d735fcfde5e31574d935a	R-B01	c919657840bb09394ce03a8a8688b02666f030dc	PASS_SCOPED	SCOPED_RESIDUAL_AND_SUCCESSOR_ERRATA_VERIFIED	PASS_SCOPED_AT_EXACT_INTEGRATION_SHA	PASS_SCOPED	UPSTREAM_B01_GATE_MET_PARENT_DISPATCH_ONLY	93d0714ddfdb4900e946c0acd1cc80cf6431f0a0	8a1fdfb2b582df4cefb408b56eea144a2e53dcfe	R-B01	INTEGRATION_SCOPED_CORRECTION_OR_ERRATA_VERIFIED	"{""remaining_batches"":[],""review_remaining_paths_or_obligations_at_93d"":[""A-REG successor registration of this precise integration verdict"",""original canonical closure gate; no finding closed here""],""review_remaining_acceptance_at_93d"":""register exact I/report identities without borrowed historical approvals; preserve final/all-contributor closure gates"",""B01_C_registration"":""RECORDED; B01 scoped contribution accepted; no canonical closure"",""current_uncompleted_paths_or_obligations"":[""original canonical closure gate; no finding closed here""],""current_remaining_acceptance"":""all-contributor and final Ultra canonical closure gates; B01 registration complete"",""canonical_closure"":""OPEN; all-contributor and final Ultra gates retained""}"
WP80-B02-R02	OPEN	c7e30a1197083e86315d735fcfde5e31574d935a	R-B01	c919657840bb09394ce03a8a8688b02666f030dc	PASS_SCOPED	SCOPED_SUCCESSOR_DESTINATIONS_VERIFIED	PASS_SCOPED_AT_EXACT_INTEGRATION_SHA	PASS_SCOPED	UPSTREAM_B01_GATE_MET_PARENT_DISPATCH_ONLY	93d0714ddfdb4900e946c0acd1cc80cf6431f0a0	8a1fdfb2b582df4cefb408b56eea144a2e53dcfe	R-B01	INTEGRATION_SCOPED_CORRECTION_OR_ERRATA_VERIFIED	"{""remaining_batches"":[],""review_remaining_paths_or_obligations_at_93d"":[""A-REG successor registration of this precise integration verdict"",""original canonical closure gate; no finding closed here""],""review_remaining_acceptance_at_93d"":""register exact I/report identities without borrowed historical approvals; preserve final/all-contributor closure gates"",""B01_C_registration"":""RECORDED; B01 scoped contribution accepted; no canonical closure"",""current_uncompleted_paths_or_obligations"":[""original canonical closure gate; no finding closed here""],""current_remaining_acceptance"":""all-contributor and final Ultra canonical closure gates; B01 registration complete"",""canonical_closure"":""OPEN; all-contributor and final Ultra gates retained""}"
GIR-FD82-A006	OPEN	46cd726c35e9d754a8e42b32986313ce3d4d1782	R-B02	94b012ee12d457aa4b99103477a0d35f083b1182	PASS_SCOPED	PRIMARY_BEHAVIOR_PASS	PASS_SCOPED_AT_REVIEWED_INTEGRATION	PASS_SCOPED	PARENT_CONTROLLED_FIXED_PLAN	1b1e169faf273e89ad6b7f5e46fd7b60d87d3946	361e4e69126559c266a08fdf093082dbbcd83f8d	R-B02	PASS_SCOPED_AT_EXACT_INTEGRATION_SHA	"{""batch"":""B02"",""remaining_owners"":[""B02""],""remaining_responsibility"":""No external/plugin language-entry absence inferred."",""all_canonical_contributor_batches"":[""B01"",""B02""],""actual_integration"":""PASS_SCOPED at 1b1e169faf273e89ad6b7f5e46fd7b60d87d3946"",""acceptance_registration"":""B02-C complete within scoped contribution"",""canonical_closure"":""OPEN; all contributors and final Ultra""}"
GIR-FD82-A010	OPEN	46cd726c35e9d754a8e42b32986313ce3d4d1782	R-B02	94b012ee12d457aa4b99103477a0d35f083b1182	PASS_SCOPED	PRIMARY_BEHAVIOR_PASS	PASS_SCOPED_AT_REVIEWED_INTEGRATION	PASS_SCOPED	PARENT_CONTROLLED_FIXED_PLAN	1b1e169faf273e89ad6b7f5e46fd7b60d87d3946	361e4e69126559c266a08fdf093082dbbcd83f8d	R-B02	PASS_SCOPED_AT_EXACT_INTEGRATION_SHA	"{""batch"":""B02"",""remaining_owners"":[""B02""],""remaining_responsibility"":""Direct-entry12 is not normal-grown reachability; event/material limits retained."",""all_canonical_contributor_batches"":[""B02""],""actual_integration"":""PASS_SCOPED at 1b1e169faf273e89ad6b7f5e46fd7b60d87d3946"",""acceptance_registration"":""B02-C complete within scoped contribution"",""canonical_closure"":""OPEN; all contributors and final Ultra""}"
GIR-FD82-A011	OPEN	46cd726c35e9d754a8e42b32986313ce3d4d1782	R-B02	94b012ee12d457aa4b99103477a0d35f083b1182	PASS_SCOPED	PRIMARY_BEHAVIOR_PASS	PASS_SCOPED_AT_REVIEWED_INTEGRATION	PASS_SCOPED	PARENT_CONTROLLED_FIXED_PLAN	1b1e169faf273e89ad6b7f5e46fd7b60d87d3946	361e4e69126559c266a08fdf093082dbbcd83f8d	R-B02	PASS_SCOPED_AT_EXACT_INTEGRATION_SHA	"{""batch"":""B02"",""remaining_owners"":[""B02""],""remaining_responsibility"":""No runtime trade presentation claim; correct WP26 contract preserved."",""all_canonical_contributor_batches"":[""B02""],""actual_integration"":""PASS_SCOPED at 1b1e169faf273e89ad6b7f5e46fd7b60d87d3946"",""acceptance_registration"":""B02-C complete within scoped contribution"",""canonical_closure"":""OPEN; all contributors and final Ultra""}"
GIR-FD82-A012	OPEN	46cd726c35e9d754a8e42b32986313ce3d4d1782	R-B02	94b012ee12d457aa4b99103477a0d35f083b1182	PASS_SCOPED	PRIMARY_BEHAVIOR_PASS	PASS_SCOPED_AT_REVIEWED_INTEGRATION	PASS_SCOPED	PARENT_CONTROLLED_FIXED_PLAN	1b1e169faf273e89ad6b7f5e46fd7b60d87d3946	361e4e69126559c266a08fdf093082dbbcd83f8d	R-B02	PASS_SCOPED_AT_EXACT_INTEGRATION_SHA	"{""batch"":""B02"",""remaining_owners"":[""B02""],""remaining_responsibility"":""Hidden/link/host/concurrency cases not universally guaranteed."",""all_canonical_contributor_batches"":[""B02""],""actual_integration"":""PASS_SCOPED at 1b1e169faf273e89ad6b7f5e46fd7b60d87d3946"",""acceptance_registration"":""B02-C complete within scoped contribution"",""canonical_closure"":""OPEN; all contributors and final Ultra""}"
GIR-FD82-A013	OPEN	46cd726c35e9d754a8e42b32986313ce3d4d1782	R-B02	94b012ee12d457aa4b99103477a0d35f083b1182	PASS_SCOPED	PRIMARY_BEHAVIOR_PASS	PASS_SCOPED_AT_REVIEWED_INTEGRATION	PASS_SCOPED	PARENT_CONTROLLED_FIXED_PLAN	1b1e169faf273e89ad6b7f5e46fd7b60d87d3946	361e4e69126559c266a08fdf093082dbbcd83f8d	R-B02	PASS_SCOPED_AT_EXACT_INTEGRATION_SHA	"{""batch"":""B02"",""remaining_owners"":[""B02""],""remaining_responsibility"":""Actual parser contract retained rather than strict ideal digit-validation; GR002 remains."",""all_canonical_contributor_batches"":[""B02""],""actual_integration"":""PASS_SCOPED at 1b1e169faf273e89ad6b7f5e46fd7b60d87d3946"",""acceptance_registration"":""B02-C complete within scoped contribution"",""canonical_closure"":""OPEN; all contributors and final Ultra""}"
GIR-FD82-A014	OPEN	46cd726c35e9d754a8e42b32986313ce3d4d1782	R-B02	94b012ee12d457aa4b99103477a0d35f083b1182	PASS_SCOPED	PRIMARY_BEHAVIOR_PASS	PASS_SCOPED_AT_REVIEWED_INTEGRATION	PASS_SCOPED	PARENT_CONTROLLED_FIXED_PLAN	1b1e169faf273e89ad6b7f5e46fd7b60d87d3946	361e4e69126559c266a08fdf093082dbbcd83f8d	R-B02	PASS_SCOPED_AT_EXACT_INTEGRATION_SHA	"{""batch"":""B02"",""remaining_owners"":[""B02""],""remaining_responsibility"":""Prior map operations must succeed and guard be reached; actual display/map reachability unproved."",""all_canonical_contributor_batches"":[""B02""],""actual_integration"":""PASS_SCOPED at 1b1e169faf273e89ad6b7f5e46fd7b60d87d3946"",""acceptance_registration"":""B02-C complete within scoped contribution"",""canonical_closure"":""OPEN; all contributors and final Ultra""}"
GIR-FD82-A015	OPEN	46cd726c35e9d754a8e42b32986313ce3d4d1782	R-B02	94b012ee12d457aa4b99103477a0d35f083b1182	PASS_SCOPED	CONTRIBUTOR_PARTIAL_PASS	PASS_SCOPED_AT_REVIEWED_INTEGRATION	PASS_SCOPED	PARENT_CONTROLLED_FIXED_PLAN	1b1e169faf273e89ad6b7f5e46fd7b60d87d3946	361e4e69126559c266a08fdf093082dbbcd83f8d	R-B02	PASS_SCOPED_AT_EXACT_INTEGRATION_SHA	"{""batch"":""B02"",""remaining_owners"":[""B16""],""remaining_responsibility"":""WP65 and all other contributions/final gate remain; B02 only WP09/SV02 contribution."",""all_canonical_contributor_batches"":[""B02"",""B16""],""actual_integration"":""PASS_SCOPED at 1b1e169faf273e89ad6b7f5e46fd7b60d87d3946"",""acceptance_registration"":""B02-C complete within scoped contribution"",""canonical_closure"":""OPEN; all contributors and final Ultra""}"
GIR-FD82-A016	OPEN	46cd726c35e9d754a8e42b32986313ce3d4d1782	R-B02	94b012ee12d457aa4b99103477a0d35f083b1182	PASS_SCOPED	PRIMARY_BEHAVIOR_PASS	PASS_SCOPED_AT_REVIEWED_INTEGRATION	PASS_SCOPED	PARENT_CONTROLLED_FIXED_PLAN	1b1e169faf273e89ad6b7f5e46fd7b60d87d3946	361e4e69126559c266a08fdf093082dbbcd83f8d	R-B02	PASS_SCOPED_AT_EXACT_INTEGRATION_SHA	"{""batch"":""B02"",""remaining_owners"":[""B02""],""remaining_responsibility"":""GivenF>0 and reached bounded conversion; no default frame rate or whole-chain success asserted."",""all_canonical_contributor_batches"":[""B02""],""actual_integration"":""PASS_SCOPED at 1b1e169faf273e89ad6b7f5e46fd7b60d87d3946"",""acceptance_registration"":""B02-C complete within scoped contribution"",""canonical_closure"":""OPEN; all contributors and final Ultra""}"
GIR-FD82-A017	OPEN	46cd726c35e9d754a8e42b32986313ce3d4d1782	R-B02	94b012ee12d457aa4b99103477a0d35f083b1182	PASS_SCOPED	NAVIGATION_PROPOSALS_PASS_FORMAL_NOT_REPAIRED	PASS_SCOPED_AT_REVIEWED_INTEGRATION	PASS_SCOPED	PARENT_CONTROLLED_FIXED_PLAN	1b1e169faf273e89ad6b7f5e46fd7b60d87d3946	361e4e69126559c266a08fdf093082dbbcd83f8d	R-B02	PASS_SCOPED_AT_EXACT_INTEGRATION_SHA	"{""batch"":""B02"",""remaining_owners"":[""A-REG"",""B21""],""remaining_responsibility"":""Register this exact integration contribution; B21 overall audit and final gate remain. Candidate proposal-only judgment remains historical, not current application status."",""all_canonical_contributor_batches"":[""B02"",""B21""],""actual_integration"":""PASS_SCOPED at 1b1e169faf273e89ad6b7f5e46fd7b60d87d3946"",""acceptance_registration"":""B02-C complete within scoped contribution"",""canonical_closure"":""OPEN; all contributors and final Ultra""}"
GIR-FD82-A018	OPEN	46cd726c35e9d754a8e42b32986313ce3d4d1782	R-B02	94b012ee12d457aa4b99103477a0d35f083b1182	PASS_SCOPED	PRIMARY_BEHAVIOR_PASS	PASS_SCOPED_AT_REVIEWED_INTEGRATION	PASS_SCOPED	PARENT_CONTROLLED_FIXED_PLAN	1b1e169faf273e89ad6b7f5e46fd7b60d87d3946	361e4e69126559c266a08fdf093082dbbcd83f8d	R-B02	PASS_SCOPED_AT_EXACT_INTEGRATION_SHA	"{""batch"":""B02"",""remaining_owners"":[""B02""],""remaining_responsibility"":""Original GR002 scenarios retained; no executed translation roundtrip."",""all_canonical_contributor_batches"":[""B02""],""actual_integration"":""PASS_SCOPED at 1b1e169faf273e89ad6b7f5e46fd7b60d87d3946"",""acceptance_registration"":""B02-C complete within scoped contribution"",""canonical_closure"":""OPEN; all contributors and final Ultra""}"
GIR-FD82-C003	OPEN	46cd726c35e9d754a8e42b32986313ce3d4d1782	R-B02	94b012ee12d457aa4b99103477a0d35f083b1182	PASS_SCOPED	CONTRIBUTOR_PARTIAL_PASS	PASS_SCOPED_AT_REVIEWED_INTEGRATION	PASS_SCOPED	PARENT_CONTROLLED_FIXED_PLAN	1b1e169faf273e89ad6b7f5e46fd7b60d87d3946	361e4e69126559c266a08fdf093082dbbcd83f8d	R-B02	PASS_SCOPED_AT_EXACT_INTEGRATION_SHA	"{""batch"":""B02"",""remaining_owners"":[""B21"",""B04"",""OTHER_ORIGINAL_EXTENSION_CONTRIBUTORS""],""remaining_responsibility"":""WR12/outdoor rendering/full table and all effective original/8 extension scopes remain open."",""all_canonical_contributor_batches"":[""B02"",""B03"",""B04"",""B07"",""B08"",""B14"",""B15"",""B16"",""B17"",""B18"",""B19"",""B20"",""B21""],""actual_integration"":""PASS_SCOPED at 1b1e169faf273e89ad6b7f5e46fd7b60d87d3946"",""acceptance_registration"":""B02-C complete within scoped contribution"",""canonical_closure"":""OPEN; all contributors and final Ultra""}"
GIR-FD82-C081	OPEN	46cd726c35e9d754a8e42b32986313ce3d4d1782	R-B02	94b012ee12d457aa4b99103477a0d35f083b1182	PASS_SCOPED	CONTRIBUTOR_PARTIAL_PASS	PASS_SCOPED_AT_REVIEWED_INTEGRATION	PASS_SCOPED	PARENT_CONTROLLED_FIXED_PLAN	1b1e169faf273e89ad6b7f5e46fd7b60d87d3946	361e4e69126559c266a08fdf093082dbbcd83f8d	R-B02	PASS_SCOPED_AT_EXACT_INTEGRATION_SHA	"{""batch"":""B02"",""remaining_owners"":[""B08""],""remaining_responsibility"":""WP36 original/final saturation conflict remains assigned toB08; original effective_case_constraints retained."",""all_canonical_contributor_batches"":[""B02"",""B08""],""actual_integration"":""PASS_SCOPED at 1b1e169faf273e89ad6b7f5e46fd7b60d87d3946"",""acceptance_registration"":""B02-C complete within scoped contribution"",""canonical_closure"":""OPEN; all contributors and final Ultra""}"
