finding_id	priority	required_revision	primary_owner	contributor_batches	source_status	canonical_state	B01_contribution_state	candidate_review	integration_review	closure_gate
GIR-FD82-001	P3	true	B21	B01;B18;B21	CONFIRMED_REQUIRED_REVISION	OPEN	INTEGRATION_PARTIAL_ENTRY_REPAIR_VERIFIED_SEVEN_BODY_PATHS_DEFERRED	PASS_SCOPED_PROPOSAL_ONLY	PASS_SCOPED@93d0714ddfdb4900e946c0acd1cc80cf6431f0a0;report@8a1fdfb2b582df4cefb408b56eea144a2e53dcfe	all contributor candidate+integration checks; final Ultra; A-REG ledger
GIR-FD82-002	P2	true	B21	B03;B04;B14;B21	CONFIRMED_REQUIRED_REVISION	OPEN	NOT_STARTED	NOT_ASSIGNED	NOT_STARTED	all contributor candidate+integration checks; final Ultra; A-REG ledger
GIR-FD82-003	P2	true	B21	B04;B08;B09;B10;B12;B13;B14;B15;B16;B17;B19;B20;B21	CONFIRMED_REQUIRED_REVISION	OPEN	NOT_STARTED	NOT_ASSIGNED	NOT_STARTED	all contributor candidate+integration checks; final Ultra; A-REG ledger
GIR-FD82-004	P2	true	B16	B16	CONFIRMED_REQUIRED_REVISION	OPEN	NOT_STARTED	NOT_ASSIGNED	NOT_STARTED	all contributor candidate+integration checks; final Ultra; A-REG ledger
GIR-FD82-005	P2	true	B17	B09;B17	CONFIRMED_REQUIRED_REVISION	OPEN	NOT_STARTED	NOT_ASSIGNED	NOT_STARTED	all contributor candidate+integration checks; final Ultra; A-REG ledger
GIR-FD82-006	P3	true	B21	B04;B16;B21	CONFIRMED_REQUIRED_REVISION	OPEN	NOT_STARTED	NOT_ASSIGNED	NOT_STARTED	all contributor candidate+integration checks; final Ultra; A-REG ledger
GIR-FD82-A001	P2	true	B01	B01	CONFIRMED_REQUIRED_REVISION	OPEN	INTEGRATION_SCOPED_CORRECTION_OR_ERRATA_VERIFIED	PASS_SCOPED	PASS_SCOPED@93d0714ddfdb4900e946c0acd1cc80cf6431f0a0;report@8a1fdfb2b582df4cefb408b56eea144a2e53dcfe	all contributor candidate+integration checks; final Ultra; A-REG ledger
GIR-FD82-A002	P2	true	B01	B01	CONFIRMED_REQUIRED_REVISION	OPEN	INTEGRATION_SCOPED_CORRECTION_OR_ERRATA_VERIFIED	PASS_SCOPED	PASS_SCOPED@93d0714ddfdb4900e946c0acd1cc80cf6431f0a0;report@8a1fdfb2b582df4cefb408b56eea144a2e53dcfe	all contributor candidate+integration checks; final Ultra; A-REG ledger
GIR-FD82-A003	P2	true	B01	B01	CONFIRMED_REQUIRED_REVISION	OPEN	INTEGRATION_SCOPED_CORRECTION_OR_ERRATA_VERIFIED	PASS_SCOPED	PASS_SCOPED@93d0714ddfdb4900e946c0acd1cc80cf6431f0a0;report@8a1fdfb2b582df4cefb408b56eea144a2e53dcfe	all contributor candidate+integration checks; final Ultra; A-REG ledger
GIR-FD82-A004	P2	true	B01	B01	CONFIRMED_REQUIRED_REVISION	OPEN	INTEGRATION_SCOPED_CORRECTION_OR_ERRATA_VERIFIED	PASS_SCOPED	PASS_SCOPED@93d0714ddfdb4900e946c0acd1cc80cf6431f0a0;report@8a1fdfb2b582df4cefb408b56eea144a2e53dcfe	all contributor candidate+integration checks; final Ultra; A-REG ledger
GIR-FD82-A006	P2	true	B02	B01;B02	CONFIRMED_REQUIRED_REVISION	OPEN	INTEGRATION_SCOPED_CONTRIBUTION_VERIFIED_DEFERRED	PASS_SCOPED	PASS_SCOPED@93d0714ddfdb4900e946c0acd1cc80cf6431f0a0;report@8a1fdfb2b582df4cefb408b56eea144a2e53dcfe	all contributor candidate+integration checks; final Ultra; A-REG ledger
GIR-FD82-A009	P3	true	B01	B01	CONFIRMED_REQUIRED_REVISION	OPEN	INTEGRATION_SCOPED_CORRECTION_OR_ERRATA_VERIFIED	PASS_SCOPED	PASS_SCOPED@93d0714ddfdb4900e946c0acd1cc80cf6431f0a0;report@8a1fdfb2b582df4cefb408b56eea144a2e53dcfe	all contributor candidate+integration checks; final Ultra; A-REG ledger
GIR-FD82-A010	P2	true	B02	B02	CONFIRMED_REQUIRED_REVISION	OPEN	NOT_STARTED	NOT_ASSIGNED	NOT_STARTED	all contributor candidate+integration checks; final Ultra; A-REG ledger
GIR-FD82-A011	P2	true	B02	B02	CONFIRMED_REQUIRED_REVISION	OPEN	NOT_STARTED	NOT_ASSIGNED	NOT_STARTED	all contributor candidate+integration checks; final Ultra; A-REG ledger
GIR-FD82-A012	P2	true	B02	B02	CONFIRMED_REQUIRED_REVISION	OPEN	NOT_STARTED	NOT_ASSIGNED	NOT_STARTED	all contributor candidate+integration checks; final Ultra; A-REG ledger
GIR-FD82-A013	P2	true	B02	B02	CONFIRMED_REQUIRED_REVISION	OPEN	NOT_STARTED	NOT_ASSIGNED	NOT_STARTED	all contributor candidate+integration checks; final Ultra; A-REG ledger
GIR-FD82-A014	P2	true	B02	B02	CONFIRMED_REQUIRED_REVISION	OPEN	NOT_STARTED	NOT_ASSIGNED	NOT_STARTED	all contributor candidate+integration checks; final Ultra; A-REG ledger
GIR-FD82-A015	P2	true	B16	B02;B16	CONFIRMED_REQUIRED_REVISION	OPEN	NOT_STARTED	NOT_ASSIGNED	NOT_STARTED	all contributor candidate+integration checks; final Ultra; A-REG ledger
GIR-FD82-A016	P2	true	B02	B02	CONFIRMED_REQUIRED_REVISION	OPEN	NOT_STARTED	NOT_ASSIGNED	NOT_STARTED	all contributor candidate+integration checks; final Ultra; A-REG ledger
GIR-FD82-A017	P3	true	B02	B02;B21	CONFIRMED_REQUIRED_REVISION	OPEN	NOT_STARTED	NOT_ASSIGNED	NOT_STARTED	all contributor candidate+integration checks; final Ultra; A-REG ledger
GIR-FD82-A018	P3	true	B02	B02	CONFIRMED_REQUIRED_REVISION	OPEN	NOT_STARTED	NOT_ASSIGNED	NOT_STARTED	all contributor candidate+integration checks; final Ultra; A-REG ledger
GIR-FD82-A020	P2	true	B07	B01;B05;B07	CONFIRMED_REQUIRED_REVISION	OPEN	INTEGRATION_SCOPED_CONTRIBUTION_VERIFIED_DEFERRED	PASS_SCOPED	PASS_SCOPED@93d0714ddfdb4900e946c0acd1cc80cf6431f0a0;report@8a1fdfb2b582df4cefb408b56eea144a2e53dcfe	all contributor candidate+integration checks; final Ultra; A-REG ledger
GIR-FD82-A021	P3	true	B05	B05	CONFIRMED_REQUIRED_REVISION	OPEN	NOT_STARTED	NOT_ASSIGNED	NOT_STARTED	all contributor candidate+integration checks; final Ultra; A-REG ledger
GIR-FD82-A022	P2	true	B05	B05	CONFIRMED_REQUIRED_REVISION	OPEN	NOT_STARTED	NOT_ASSIGNED	NOT_STARTED	all contributor candidate+integration checks; final Ultra; A-REG ledger
GIR-FD82-A023	P2	true	B05	B05	CONFIRMED_REQUIRED_REVISION	OPEN	NOT_STARTED	NOT_ASSIGNED	NOT_STARTED	all contributor candidate+integration checks; final Ultra; A-REG ledger
GIR-FD82-A024	P3	true	B05	B05;B07	CONFIRMED_REQUIRED_REVISION	OPEN	NOT_STARTED	NOT_ASSIGNED	NOT_STARTED	all contributor candidate+integration checks; final Ultra; A-REG ledger
GIR-FD82-A025	P3	true	B05	B05	CONFIRMED_REQUIRED_REVISION	OPEN	NOT_STARTED	NOT_ASSIGNED	NOT_STARTED	all contributor candidate+integration checks; final Ultra; A-REG ledger
GIR-FD82-A026	P2	true	B07	B05;B07	CONFIRMED_REQUIRED_REVISION	OPEN	NOT_STARTED	NOT_ASSIGNED	NOT_STARTED	all contributor candidate+integration checks; final Ultra; A-REG ledger
GIR-FD82-A027	P2	true	B05	B05	CONFIRMED_REQUIRED_REVISION	OPEN	NOT_STARTED	NOT_ASSIGNED	NOT_STARTED	all contributor candidate+integration checks; final Ultra; A-REG ledger
GIR-FD82-A028	P2	true	B05	B05	CONFIRMED_REQUIRED_REVISION	OPEN	NOT_STARTED	NOT_ASSIGNED	NOT_STARTED	all contributor candidate+integration checks; final Ultra; A-REG ledger
GIR-FD82-A029	P2	true	B05	B05	CONFIRMED_REQUIRED_REVISION	OPEN	NOT_STARTED	NOT_ASSIGNED	NOT_STARTED	all contributor candidate+integration checks; final Ultra; A-REG ledger
GIR-FD82-A030	P2	true	B05	B05	CONFIRMED_REQUIRED_REVISION	OPEN	NOT_STARTED	NOT_ASSIGNED	NOT_STARTED	all contributor candidate+integration checks; final Ultra; A-REG ledger
GIR-FD82-A031	P3	true	B05	B05	CONFIRMED_REQUIRED_REVISION	OPEN	NOT_STARTED	NOT_ASSIGNED	NOT_STARTED	all contributor candidate+integration checks; final Ultra; A-REG ledger
GIR-FD82-A032	P3	true	B06	B06	CONFIRMED_REQUIRED_REVISION	OPEN	NOT_STARTED	NOT_ASSIGNED	NOT_STARTED	all contributor candidate+integration checks; final Ultra; A-REG ledger
GIR-FD82-A033	P3	true	B06	B06	CONFIRMED_REQUIRED_REVISION	OPEN	NOT_STARTED	NOT_ASSIGNED	NOT_STARTED	all contributor candidate+integration checks; final Ultra; A-REG ledger
GIR-FD82-A034	P2	true	B06	B06;B08	CONFIRMED_REQUIRED_REVISION	OPEN	NOT_STARTED	NOT_ASSIGNED	NOT_STARTED	all contributor candidate+integration checks; final Ultra; A-REG ledger
GIR-FD82-A035	P2	true	B06	B06	CONFIRMED_REQUIRED_REVISION	OPEN	NOT_STARTED	NOT_ASSIGNED	NOT_STARTED	all contributor candidate+integration checks; final Ultra; A-REG ledger
GIR-FD82-A036	P3	true	B06	B06	CONFIRMED_REQUIRED_REVISION	OPEN	NOT_STARTED	NOT_ASSIGNED	NOT_STARTED	all contributor candidate+integration checks; final Ultra; A-REG ledger
GIR-FD82-A037	P3	true	B06	B06	CONFIRMED_REQUIRED_REVISION	OPEN	NOT_STARTED	NOT_ASSIGNED	NOT_STARTED	all contributor candidate+integration checks; final Ultra; A-REG ledger
GIR-FD82-A038	P3	true	B06	B06	CONFIRMED_REQUIRED_REVISION	OPEN	NOT_STARTED	NOT_ASSIGNED	NOT_STARTED	all contributor candidate+integration checks; final Ultra; A-REG ledger
GIR-FD82-A039	P2	true	B07	B07	CONFIRMED_REQUIRED_REVISION	OPEN	NOT_STARTED	NOT_ASSIGNED	NOT_STARTED	all contributor candidate+integration checks; final Ultra; A-REG ledger
GIR-FD82-A040	P2	true	B07	B05;B07;B17	CONFIRMED_REQUIRED_REVISION	OPEN	NOT_STARTED	NOT_ASSIGNED	NOT_STARTED	all contributor candidate+integration checks; final Ultra; A-REG ledger
GIR-FD82-A041	P2	true	B07	B07	CONFIRMED_REQUIRED_REVISION	OPEN	NOT_STARTED	NOT_ASSIGNED	NOT_STARTED	all contributor candidate+integration checks; final Ultra; A-REG ledger
GIR-FD82-A043	P3	true	B07	B07	CONFIRMED_REQUIRED_REVISION	OPEN	NOT_STARTED	NOT_ASSIGNED	NOT_STARTED	all contributor candidate+integration checks; final Ultra; A-REG ledger
GIR-FD82-A044	P2	true	B16	B05;B07;B16	CONFIRMED_REQUIRED_REVISION	OPEN	NOT_STARTED	NOT_ASSIGNED	NOT_STARTED	all contributor candidate+integration checks; final Ultra; A-REG ledger
GIR-FD82-A045	P2	true	B07	B07	CONFIRMED_REQUIRED_REVISION	OPEN	NOT_STARTED	NOT_ASSIGNED	NOT_STARTED	all contributor candidate+integration checks; final Ultra; A-REG ledger
GIR-FD82-A046	P2	true	B07	B07;B11;B12	CONFIRMED_REQUIRED_REVISION	OPEN	NOT_STARTED	NOT_ASSIGNED	NOT_STARTED	all contributor candidate+integration checks; final Ultra; A-REG ledger
GIR-FD82-A047	P2	true	B07	B07;B09	CONFIRMED_REQUIRED_REVISION	OPEN	NOT_STARTED	NOT_ASSIGNED	NOT_STARTED	all contributor candidate+integration checks; final Ultra; A-REG ledger
GIR-FD82-A048	P2	true	B16	B07;B16	CONFIRMED_REQUIRED_REVISION	OPEN	NOT_STARTED	NOT_ASSIGNED	NOT_STARTED	all contributor candidate+integration checks; final Ultra; A-REG ledger
GIR-FD82-A049	P3	true	B07	B07;B09	CONFIRMED_REQUIRED_REVISION	OPEN	NOT_STARTED	NOT_ASSIGNED	NOT_STARTED	all contributor candidate+integration checks; final Ultra; A-REG ledger
GIR-FD82-A050	P3	true	B07	B07;B17	CONFIRMED_REQUIRED_REVISION	OPEN	NOT_STARTED	NOT_ASSIGNED	NOT_STARTED	all contributor candidate+integration checks; final Ultra; A-REG ledger
GIR-FD82-A051	P3	true	B07	B07	CONFIRMED_REQUIRED_REVISION	OPEN	NOT_STARTED	NOT_ASSIGNED	NOT_STARTED	all contributor candidate+integration checks; final Ultra; A-REG ledger
GIR-FD82-A052	P3	true	B08	B08	CONFIRMED_REQUIRED_REVISION	OPEN	NOT_STARTED	NOT_ASSIGNED	NOT_STARTED	all contributor candidate+integration checks; final Ultra; A-REG ledger
GIR-FD82-A053	P2	true	B08	B08	CONFIRMED_REQUIRED_REVISION	OPEN	NOT_STARTED	NOT_ASSIGNED	NOT_STARTED	all contributor candidate+integration checks; final Ultra; A-REG ledger
GIR-FD82-A054	P2	true	B15	B15	CONFIRMED_REQUIRED_REVISION	OPEN	NOT_STARTED	NOT_ASSIGNED	NOT_STARTED	all contributor candidate+integration checks; final Ultra; A-REG ledger
GIR-FD82-A055	P2	true	B15	B15;B16	CONFIRMED_REQUIRED_REVISION	OPEN	NOT_STARTED	NOT_ASSIGNED	NOT_STARTED	all contributor candidate+integration checks; final Ultra; A-REG ledger
GIR-FD82-A056	P3	true	B16	B15;B16	CONFIRMED_REQUIRED_REVISION	OPEN	NOT_STARTED	NOT_ASSIGNED	NOT_STARTED	all contributor candidate+integration checks; final Ultra; A-REG ledger
GIR-FD82-A057	P2	true	B15	B15	CONFIRMED_REQUIRED_REVISION	OPEN	NOT_STARTED	NOT_ASSIGNED	NOT_STARTED	all contributor candidate+integration checks; final Ultra; A-REG ledger
GIR-FD82-A058	P2	true	B16	B04;B16;B21	CONFIRMED_REQUIRED_REVISION	OPEN	NOT_STARTED	NOT_ASSIGNED	NOT_STARTED	all contributor candidate+integration checks; final Ultra; A-REG ledger
GIR-FD82-A059	P2	true	B17	B04;B06;B09;B17;B21	CONFIRMED_REQUIRED_REVISION	OPEN	NOT_STARTED	NOT_ASSIGNED	NOT_STARTED	all contributor candidate+integration checks; final Ultra; A-REG ledger
GIR-FD82-B001	P2	true	B09	B09	CONFIRMED_REQUIRED_REVISION	OPEN	NOT_STARTED	NOT_ASSIGNED	NOT_STARTED	all contributor candidate+integration checks; final Ultra; A-REG ledger
GIR-FD82-B002	P2	true	B09	B09	CONFIRMED_REQUIRED_REVISION	OPEN	NOT_STARTED	NOT_ASSIGNED	NOT_STARTED	all contributor candidate+integration checks; final Ultra; A-REG ledger
GIR-FD82-B003	P2	true	B11	B09;B11;B13	CONFIRMED_REQUIRED_REVISION	OPEN	NOT_STARTED	NOT_ASSIGNED	NOT_STARTED	all contributor candidate+integration checks; final Ultra; A-REG ledger
GIR-FD82-B005	P2	true	B09	B09	CONFIRMED_REQUIRED_REVISION	OPEN	NOT_STARTED	NOT_ASSIGNED	NOT_STARTED	all contributor candidate+integration checks; final Ultra; A-REG ledger
GIR-FD82-B006	P2	true	B09	B09	CONFIRMED_REQUIRED_REVISION	OPEN	NOT_STARTED	NOT_ASSIGNED	NOT_STARTED	all contributor candidate+integration checks; final Ultra; A-REG ledger
GIR-FD82-B007	P2	true	B09	B09;B11	CONFIRMED_REQUIRED_REVISION	OPEN	NOT_STARTED	NOT_ASSIGNED	NOT_STARTED	all contributor candidate+integration checks; final Ultra; A-REG ledger
GIR-FD82-B008	P2	true	B09	B07;B09	CONFIRMED_REQUIRED_REVISION	OPEN	NOT_STARTED	NOT_ASSIGNED	NOT_STARTED	all contributor candidate+integration checks; final Ultra; A-REG ledger
GIR-FD82-B009	P2	true	B09	B09	CONFIRMED_REQUIRED_REVISION	OPEN	NOT_STARTED	NOT_ASSIGNED	NOT_STARTED	all contributor candidate+integration checks; final Ultra; A-REG ledger
GIR-FD82-B010	P2	true	B13	B10;B13	CONFIRMED_REQUIRED_REVISION	OPEN	NOT_STARTED	NOT_ASSIGNED	NOT_STARTED	all contributor candidate+integration checks; final Ultra; A-REG ledger
GIR-FD82-B011	P2	true	B09	B09	CONFIRMED_REQUIRED_REVISION	OPEN	NOT_STARTED	NOT_ASSIGNED	NOT_STARTED	all contributor candidate+integration checks; final Ultra; A-REG ledger
GIR-FD82-B012	P2	true	B09	B09	CONFIRMED_REQUIRED_REVISION	OPEN	NOT_STARTED	NOT_ASSIGNED	NOT_STARTED	all contributor candidate+integration checks; final Ultra; A-REG ledger
GIR-FD82-B013	P2	true	B09	B07;B09	CONFIRMED_REQUIRED_REVISION	OPEN	NOT_STARTED	NOT_ASSIGNED	NOT_STARTED	all contributor candidate+integration checks; final Ultra; A-REG ledger
GIR-FD82-B014	P2	true	B09	B09;B11	CONFIRMED_REQUIRED_REVISION	OPEN	NOT_STARTED	NOT_ASSIGNED	NOT_STARTED	all contributor candidate+integration checks; final Ultra; A-REG ledger
GIR-FD82-B015	P2	true	B09	B09;B10	CONFIRMED_REQUIRED_REVISION	OPEN	NOT_STARTED	NOT_ASSIGNED	NOT_STARTED	all contributor candidate+integration checks; final Ultra; A-REG ledger
GIR-FD82-B016	P2	true	B10	B10	CONFIRMED_REQUIRED_REVISION	OPEN	NOT_STARTED	NOT_ASSIGNED	NOT_STARTED	all contributor candidate+integration checks; final Ultra; A-REG ledger
GIR-FD82-B017	P2	true	B10	B10;B12	CONFIRMED_REQUIRED_REVISION	OPEN	NOT_STARTED	NOT_ASSIGNED	NOT_STARTED	all contributor candidate+integration checks; final Ultra; A-REG ledger
GIR-FD82-B018	P3	true	B11	B10;B11;B13	CONFIRMED_REQUIRED_REVISION	OPEN	NOT_STARTED	NOT_ASSIGNED	NOT_STARTED	all contributor candidate+integration checks; final Ultra; A-REG ledger
GIR-FD82-B019	P2	true	B11	B11	CONFIRMED_REQUIRED_REVISION	OPEN	NOT_STARTED	NOT_ASSIGNED	NOT_STARTED	all contributor candidate+integration checks; final Ultra; A-REG ledger
GIR-FD82-B020	P2	true	B12	B12	CONFIRMED_REQUIRED_REVISION	OPEN	NOT_STARTED	NOT_ASSIGNED	NOT_STARTED	all contributor candidate+integration checks; final Ultra; A-REG ledger
GIR-FD82-B021	P2	true	B12	B12	CONFIRMED_REQUIRED_REVISION	OPEN	NOT_STARTED	NOT_ASSIGNED	NOT_STARTED	all contributor candidate+integration checks; final Ultra; A-REG ledger
GIR-FD82-B022	P2	true	B12	B12	CONFIRMED_REQUIRED_REVISION	OPEN	NOT_STARTED	NOT_ASSIGNED	NOT_STARTED	all contributor candidate+integration checks; final Ultra; A-REG ledger
GIR-FD82-B023	P2	true	B12	B12	CONFIRMED_REQUIRED_REVISION	OPEN	NOT_STARTED	NOT_ASSIGNED	NOT_STARTED	all contributor candidate+integration checks; final Ultra; A-REG ledger
GIR-FD82-B024	P2	true	B12	B12	CONFIRMED_REQUIRED_REVISION	OPEN	NOT_STARTED	NOT_ASSIGNED	NOT_STARTED	all contributor candidate+integration checks; final Ultra; A-REG ledger
GIR-FD82-B025	P2	true	B13	B09;B13	CONFIRMED_REQUIRED_REVISION	OPEN	NOT_STARTED	NOT_ASSIGNED	NOT_STARTED	all contributor candidate+integration checks; final Ultra; A-REG ledger
GIR-FD82-B026	P2	true	B12	B08;B12	CONFIRMED_REQUIRED_REVISION	OPEN	NOT_STARTED	NOT_ASSIGNED	NOT_STARTED	all contributor candidate+integration checks; final Ultra; A-REG ledger
GIR-FD82-B027	P3	true	B13	B13	CONFIRMED_REQUIRED_REVISION	OPEN	NOT_STARTED	NOT_ASSIGNED	NOT_STARTED	all contributor candidate+integration checks; final Ultra; A-REG ledger
GIR-FD82-B028	P2	true	B13	B13	CONFIRMED_REQUIRED_REVISION	OPEN	NOT_STARTED	NOT_ASSIGNED	NOT_STARTED	all contributor candidate+integration checks; final Ultra; A-REG ledger
GIR-FD82-B029	P2	true	B13	B13	CONFIRMED_REQUIRED_REVISION	OPEN	NOT_STARTED	NOT_ASSIGNED	NOT_STARTED	all contributor candidate+integration checks; final Ultra; A-REG ledger
GIR-FD82-B031	P2	true	B17	B17	CONFIRMED_REQUIRED_REVISION	OPEN	NOT_STARTED	NOT_ASSIGNED	NOT_STARTED	all contributor candidate+integration checks; final Ultra; A-REG ledger
GIR-FD82-B032	P2	true	B17	B17	CONFIRMED_REQUIRED_REVISION	OPEN	NOT_STARTED	NOT_ASSIGNED	NOT_STARTED	all contributor candidate+integration checks; final Ultra; A-REG ledger
GIR-FD82-B033	P2	true	B17	B17	CONFIRMED_REQUIRED_REVISION	OPEN	NOT_STARTED	NOT_ASSIGNED	NOT_STARTED	all contributor candidate+integration checks; final Ultra; A-REG ledger
GIR-FD82-B034	P3	true	B17	B17	CONFIRMED_REQUIRED_REVISION	OPEN	NOT_STARTED	NOT_ASSIGNED	NOT_STARTED	all contributor candidate+integration checks; final Ultra; A-REG ledger
GIR-FD82-B035	P2	true	B16	B16	CONFIRMED_REQUIRED_REVISION	OPEN	NOT_STARTED	NOT_ASSIGNED	NOT_STARTED	all contributor candidate+integration checks; final Ultra; A-REG ledger
GIR-FD82-C002	P2	true	B19	B19	CONFIRMED_REQUIRED_REVISION	OPEN	NOT_STARTED	NOT_ASSIGNED	NOT_STARTED	all contributor candidate+integration checks; final Ultra; A-REG ledger
GIR-FD82-C003	P2	true	B21	B02;B03;B04;B07;B08;B14;B15;B16;B17;B18;B19;B20;B21	CONFIRMED_REQUIRED_REVISION	OPEN	NOT_STARTED	NOT_ASSIGNED	NOT_STARTED	all contributor candidate+integration checks; final Ultra; A-REG ledger
GIR-FD82-C004	P2	true	B19	B01;B08;B19	CONFIRMED_REQUIRED_REVISION	OPEN	INTEGRATION_SCOPED_CONTRIBUTION_VERIFIED_DEFERRED	PASS_SCOPED	PASS_SCOPED@93d0714ddfdb4900e946c0acd1cc80cf6431f0a0;report@8a1fdfb2b582df4cefb408b56eea144a2e53dcfe	all contributor candidate+integration checks; final Ultra; A-REG ledger
GIR-FD82-C005	P2	true	B19	B08;B19	CONFIRMED_REQUIRED_REVISION	OPEN	NOT_STARTED	NOT_ASSIGNED	NOT_STARTED	all contributor candidate+integration checks; final Ultra; A-REG ledger
GIR-FD82-C007	P2	true	B21	B03;B04;B08;B14;B15;B19;B20;B21	CONFIRMED_REQUIRED_REVISION	OPEN	NOT_STARTED	NOT_ASSIGNED	NOT_STARTED	all contributor candidate+integration checks; final Ultra; A-REG ledger
GIR-FD82-C008	P2	true	B19	B19	CONFIRMED_REQUIRED_REVISION	OPEN	NOT_STARTED	NOT_ASSIGNED	NOT_STARTED	all contributor candidate+integration checks; final Ultra; A-REG ledger
GIR-FD82-C009	P2	true	B19	B19	CONFIRMED_REQUIRED_REVISION	OPEN	NOT_STARTED	NOT_ASSIGNED	NOT_STARTED	all contributor candidate+integration checks; final Ultra; A-REG ledger
GIR-FD82-C010	P2	true	B19	B19	CONFIRMED_REQUIRED_REVISION	OPEN	NOT_STARTED	NOT_ASSIGNED	NOT_STARTED	all contributor candidate+integration checks; final Ultra; A-REG ledger
GIR-FD82-C011	P2	true	B19	B10;B19	CONFIRMED_REQUIRED_REVISION	OPEN	NOT_STARTED	NOT_ASSIGNED	NOT_STARTED	all contributor candidate+integration checks; final Ultra; A-REG ledger
GIR-FD82-C012	P2	true	B19	B19	CONFIRMED_REQUIRED_REVISION	OPEN	NOT_STARTED	NOT_ASSIGNED	NOT_STARTED	all contributor candidate+integration checks; final Ultra; A-REG ledger
GIR-FD82-C013	P2	true	B19	B19	CONFIRMED_REQUIRED_REVISION	OPEN	NOT_STARTED	NOT_ASSIGNED	NOT_STARTED	all contributor candidate+integration checks; final Ultra; A-REG ledger
GIR-FD82-C014	P2	true	B19	B19	CONFIRMED_REQUIRED_REVISION	OPEN	NOT_STARTED	NOT_ASSIGNED	NOT_STARTED	all contributor candidate+integration checks; final Ultra; A-REG ledger
GIR-FD82-C015	P3	true	B19	B19	CONFIRMED_REQUIRED_REVISION	OPEN	NOT_STARTED	NOT_ASSIGNED	NOT_STARTED	all contributor candidate+integration checks; final Ultra; A-REG ledger
GIR-FD82-C016	P2	true	B19	B01;B19	CONFIRMED_REQUIRED_REVISION	OPEN	INTEGRATION_SCOPED_CONTRIBUTION_VERIFIED_DEFERRED	PASS_SCOPED	PASS_SCOPED@93d0714ddfdb4900e946c0acd1cc80cf6431f0a0;report@8a1fdfb2b582df4cefb408b56eea144a2e53dcfe	all contributor candidate+integration checks; final Ultra; A-REG ledger
GIR-FD82-C017	P2	true	B19	B19	CONFIRMED_REQUIRED_REVISION	OPEN	NOT_STARTED	NOT_ASSIGNED	NOT_STARTED	all contributor candidate+integration checks; final Ultra; A-REG ledger
GIR-FD82-C018	P2	true	B19	B19	CONFIRMED_REQUIRED_REVISION	OPEN	NOT_STARTED	NOT_ASSIGNED	NOT_STARTED	all contributor candidate+integration checks; final Ultra; A-REG ledger
GIR-FD82-C019	P2	true	B19	B19	CONFIRMED_REQUIRED_REVISION	OPEN	NOT_STARTED	NOT_ASSIGNED	NOT_STARTED	all contributor candidate+integration checks; final Ultra; A-REG ledger
GIR-FD82-C020	P2	true	B20	B15;B19;B20	CONFIRMED_REQUIRED_REVISION	OPEN	NOT_STARTED	NOT_ASSIGNED	NOT_STARTED	all contributor candidate+integration checks; final Ultra; A-REG ledger
GIR-FD82-C021	P2	true	B19	B19	CONFIRMED_REQUIRED_REVISION	OPEN	NOT_STARTED	NOT_ASSIGNED	NOT_STARTED	all contributor candidate+integration checks; final Ultra; A-REG ledger
GIR-FD82-C022	P2	true	B19	B01;B19	CONFIRMED_REQUIRED_REVISION	OPEN	INTEGRATION_SCOPED_CONTRIBUTION_VERIFIED_DEFERRED	PASS_SCOPED	PASS_SCOPED@93d0714ddfdb4900e946c0acd1cc80cf6431f0a0;report@8a1fdfb2b582df4cefb408b56eea144a2e53dcfe	all contributor candidate+integration checks; final Ultra; A-REG ledger
GIR-FD82-C023	P2	true	B19	B19	CONFIRMED_REQUIRED_REVISION	OPEN	NOT_STARTED	NOT_ASSIGNED	NOT_STARTED	all contributor candidate+integration checks; final Ultra; A-REG ledger
GIR-FD82-C024	P2	true	B20	B20	CONFIRMED_REQUIRED_REVISION	OPEN	NOT_STARTED	NOT_ASSIGNED	NOT_STARTED	all contributor candidate+integration checks; final Ultra; A-REG ledger
GIR-FD82-C025	P2	true	B20	B20	CONFIRMED_REQUIRED_REVISION	OPEN	NOT_STARTED	NOT_ASSIGNED	NOT_STARTED	all contributor candidate+integration checks; final Ultra; A-REG ledger
GIR-FD82-C026	P2	true	B20	B20	CONFIRMED_REQUIRED_REVISION	OPEN	NOT_STARTED	NOT_ASSIGNED	NOT_STARTED	all contributor candidate+integration checks; final Ultra; A-REG ledger
GIR-FD82-C027	P2	true	B20	B20	CONFIRMED_REQUIRED_REVISION	OPEN	NOT_STARTED	NOT_ASSIGNED	NOT_STARTED	all contributor candidate+integration checks; final Ultra; A-REG ledger
GIR-FD82-C028	P2	true	B20	B20	CONFIRMED_REQUIRED_REVISION	OPEN	NOT_STARTED	NOT_ASSIGNED	NOT_STARTED	all contributor candidate+integration checks; final Ultra; A-REG ledger
GIR-FD82-C029	P2	true	B20	B20;B21	CONFIRMED_REQUIRED_REVISION	OPEN	NOT_STARTED	NOT_ASSIGNED	NOT_STARTED	all contributor candidate+integration checks; final Ultra; A-REG ledger
GIR-FD82-C030	P2	true	B20	B20	CONFIRMED_REQUIRED_REVISION	OPEN	NOT_STARTED	NOT_ASSIGNED	NOT_STARTED	all contributor candidate+integration checks; final Ultra; A-REG ledger
GIR-FD82-C031	P2	true	B20	B20	CONFIRMED_REQUIRED_REVISION	OPEN	NOT_STARTED	NOT_ASSIGNED	NOT_STARTED	all contributor candidate+integration checks; final Ultra; A-REG ledger
GIR-FD82-C032	P2	true	B20	B20	CONFIRMED_REQUIRED_REVISION	OPEN	NOT_STARTED	NOT_ASSIGNED	NOT_STARTED	all contributor candidate+integration checks; final Ultra; A-REG ledger
GIR-FD82-C033	P2	true	B20	B20	CONFIRMED_REQUIRED_REVISION	OPEN	NOT_STARTED	NOT_ASSIGNED	NOT_STARTED	all contributor candidate+integration checks; final Ultra; A-REG ledger
GIR-FD82-C034	P2	true	B20	B20	CONFIRMED_REQUIRED_REVISION	OPEN	NOT_STARTED	NOT_ASSIGNED	NOT_STARTED	all contributor candidate+integration checks; final Ultra; A-REG ledger
GIR-FD82-C035	P2	true	B03	B03	CONFIRMED_REQUIRED_REVISION	OPEN	NOT_STARTED	NOT_ASSIGNED	NOT_STARTED	all contributor candidate+integration checks; final Ultra; A-REG ledger
GIR-FD82-C036	P2	true	B03	B03	CONFIRMED_REQUIRED_REVISION	OPEN	NOT_STARTED	NOT_ASSIGNED	NOT_STARTED	all contributor candidate+integration checks; final Ultra; A-REG ledger
GIR-FD82-C037	P2	true	B03	B03	CONFIRMED_REQUIRED_REVISION	OPEN	NOT_STARTED	NOT_ASSIGNED	NOT_STARTED	all contributor candidate+integration checks; final Ultra; A-REG ledger
GIR-FD82-C038	P2	true	B03	B03	CONFIRMED_REQUIRED_REVISION	OPEN	NOT_STARTED	NOT_ASSIGNED	NOT_STARTED	all contributor candidate+integration checks; final Ultra; A-REG ledger
GIR-FD82-C039	P2	true	B03	B03	CONFIRMED_REQUIRED_REVISION	OPEN	NOT_STARTED	NOT_ASSIGNED	NOT_STARTED	all contributor candidate+integration checks; final Ultra; A-REG ledger
GIR-FD82-C040	P2	true	B03	B03	CONFIRMED_REQUIRED_REVISION	OPEN	NOT_STARTED	NOT_ASSIGNED	NOT_STARTED	all contributor candidate+integration checks; final Ultra; A-REG ledger
GIR-FD82-C041	P2	true	B03	B03	CONFIRMED_REQUIRED_REVISION	OPEN	NOT_STARTED	NOT_ASSIGNED	NOT_STARTED	all contributor candidate+integration checks; final Ultra; A-REG ledger
GIR-FD82-C042	P2	true	B03	B03	CONFIRMED_REQUIRED_REVISION	OPEN	NOT_STARTED	NOT_ASSIGNED	NOT_STARTED	all contributor candidate+integration checks; final Ultra; A-REG ledger
GIR-FD82-C043	P2	true	B03	B03	CONFIRMED_REQUIRED_REVISION	OPEN	NOT_STARTED	NOT_ASSIGNED	NOT_STARTED	all contributor candidate+integration checks; final Ultra; A-REG ledger
GIR-FD82-C044	P2	true	B03	B03	CONFIRMED_REQUIRED_REVISION	OPEN	NOT_STARTED	NOT_ASSIGNED	NOT_STARTED	all contributor candidate+integration checks; final Ultra; A-REG ledger
GIR-FD82-C045	P2	true	B03	B03	CONFIRMED_REQUIRED_REVISION	OPEN	NOT_STARTED	NOT_ASSIGNED	NOT_STARTED	all contributor candidate+integration checks; final Ultra; A-REG ledger
GIR-FD82-C046	P2	true	B03	B03	CONFIRMED_REQUIRED_REVISION	OPEN	NOT_STARTED	NOT_ASSIGNED	NOT_STARTED	all contributor candidate+integration checks; final Ultra; A-REG ledger
GIR-FD82-C047	P2	true	B03	B03	CONFIRMED_REQUIRED_REVISION	OPEN	NOT_STARTED	NOT_ASSIGNED	NOT_STARTED	all contributor candidate+integration checks; final Ultra; A-REG ledger
GIR-FD82-C048	P2	true	B03	B03	CONFIRMED_REQUIRED_REVISION	OPEN	NOT_STARTED	NOT_ASSIGNED	NOT_STARTED	all contributor candidate+integration checks; final Ultra; A-REG ledger
GIR-FD82-C049	P2	true	B03	B03	CONFIRMED_REQUIRED_REVISION	OPEN	NOT_STARTED	NOT_ASSIGNED	NOT_STARTED	all contributor candidate+integration checks; final Ultra; A-REG ledger
GIR-FD82-C050	P2	true	B03	B03	CONFIRMED_REQUIRED_REVISION	OPEN	NOT_STARTED	NOT_ASSIGNED	NOT_STARTED	all contributor candidate+integration checks; final Ultra; A-REG ledger
GIR-FD82-C051	P2	true	B20	B03;B20	CONFIRMED_REQUIRED_REVISION	OPEN	NOT_STARTED	NOT_ASSIGNED	NOT_STARTED	all contributor candidate+integration checks; final Ultra; A-REG ledger
GIR-FD82-C052	P2	true	B03	B03	CONFIRMED_REQUIRED_REVISION	OPEN	NOT_STARTED	NOT_ASSIGNED	NOT_STARTED	all contributor candidate+integration checks; final Ultra; A-REG ledger
GIR-FD82-C053	P2	true	B03	B03;B04	CONFIRMED_REQUIRED_REVISION	OPEN	NOT_STARTED	NOT_ASSIGNED	NOT_STARTED	all contributor candidate+integration checks; final Ultra; A-REG ledger
GIR-FD82-C054	P2	true	B03	B03	CONFIRMED_REQUIRED_REVISION	OPEN	NOT_STARTED	NOT_ASSIGNED	NOT_STARTED	all contributor candidate+integration checks; final Ultra; A-REG ledger
GIR-FD82-C055	P2	true	B04	B04	CONFIRMED_REQUIRED_REVISION	OPEN	NOT_STARTED	NOT_ASSIGNED	NOT_STARTED	all contributor candidate+integration checks; final Ultra; A-REG ledger
GIR-FD82-C056	P2	true	B04	B04	CONFIRMED_REQUIRED_REVISION	OPEN	NOT_STARTED	NOT_ASSIGNED	NOT_STARTED	all contributor candidate+integration checks; final Ultra; A-REG ledger
GIR-FD82-C057	P2	true	B04	B04	CONFIRMED_REQUIRED_REVISION	OPEN	NOT_STARTED	NOT_ASSIGNED	NOT_STARTED	all contributor candidate+integration checks; final Ultra; A-REG ledger
GIR-FD82-C058	P2	true	B16	B04;B16	CONFIRMED_REQUIRED_REVISION	OPEN	NOT_STARTED	NOT_ASSIGNED	NOT_STARTED	all contributor candidate+integration checks; final Ultra; A-REG ledger
GIR-FD82-C059	P2	true	B04	B04	CONFIRMED_REQUIRED_REVISION	OPEN	NOT_STARTED	NOT_ASSIGNED	NOT_STARTED	all contributor candidate+integration checks; final Ultra; A-REG ledger
GIR-FD82-C060	P2	true	B04	B04	CONFIRMED_REQUIRED_REVISION	OPEN	NOT_STARTED	NOT_ASSIGNED	NOT_STARTED	all contributor candidate+integration checks; final Ultra; A-REG ledger
GIR-FD82-C061	P2	true	B04	B04	CONFIRMED_REQUIRED_REVISION	OPEN	NOT_STARTED	NOT_ASSIGNED	NOT_STARTED	all contributor candidate+integration checks; final Ultra; A-REG ledger
GIR-FD82-C062	P2	true	B04	B04	CONFIRMED_REQUIRED_REVISION	OPEN	NOT_STARTED	NOT_ASSIGNED	NOT_STARTED	all contributor candidate+integration checks; final Ultra; A-REG ledger
GIR-FD82-C063	P2	true	B04	B04	CONFIRMED_REQUIRED_REVISION	OPEN	NOT_STARTED	NOT_ASSIGNED	NOT_STARTED	all contributor candidate+integration checks; final Ultra; A-REG ledger
GIR-FD82-C064	P2	true	B04	B04	CONFIRMED_REQUIRED_REVISION	OPEN	NOT_STARTED	NOT_ASSIGNED	NOT_STARTED	all contributor candidate+integration checks; final Ultra; A-REG ledger
GIR-FD82-C065	P2	true	B04	B04	CONFIRMED_REQUIRED_REVISION	OPEN	NOT_STARTED	NOT_ASSIGNED	NOT_STARTED	all contributor candidate+integration checks; final Ultra; A-REG ledger
GIR-FD82-C066	P2	true	B04	B04	CONFIRMED_REQUIRED_REVISION	OPEN	NOT_STARTED	NOT_ASSIGNED	NOT_STARTED	all contributor candidate+integration checks; final Ultra; A-REG ledger
GIR-FD82-C067	P2	true	B04	B03;B04	CONFIRMED_REQUIRED_REVISION	OPEN	NOT_STARTED	NOT_ASSIGNED	NOT_STARTED	all contributor candidate+integration checks; final Ultra; A-REG ledger
GIR-FD82-C068	P2	true	B04	B04	CONFIRMED_REQUIRED_REVISION	OPEN	NOT_STARTED	NOT_ASSIGNED	NOT_STARTED	all contributor candidate+integration checks; final Ultra; A-REG ledger
GIR-FD82-C069	P2	true	B04	B04	CONFIRMED_REQUIRED_REVISION	OPEN	NOT_STARTED	NOT_ASSIGNED	NOT_STARTED	all contributor candidate+integration checks; final Ultra; A-REG ledger
GIR-FD82-C070	P2	true	B04	B04	CONFIRMED_REQUIRED_REVISION	OPEN	NOT_STARTED	NOT_ASSIGNED	NOT_STARTED	all contributor candidate+integration checks; final Ultra; A-REG ledger
GIR-FD82-C071	P2	true	B04	B04	CONFIRMED_REQUIRED_REVISION	OPEN	NOT_STARTED	NOT_ASSIGNED	NOT_STARTED	all contributor candidate+integration checks; final Ultra; A-REG ledger
GIR-FD82-C072	P2	true	B04	B04	CONFIRMED_REQUIRED_REVISION	OPEN	NOT_STARTED	NOT_ASSIGNED	NOT_STARTED	all contributor candidate+integration checks; final Ultra; A-REG ledger
GIR-FD82-C073	P2	true	B04	B04	CONFIRMED_REQUIRED_REVISION	OPEN	NOT_STARTED	NOT_ASSIGNED	NOT_STARTED	all contributor candidate+integration checks; final Ultra; A-REG ledger
GIR-FD82-C074	P2	true	B04	B04	CONFIRMED_REQUIRED_REVISION	OPEN	NOT_STARTED	NOT_ASSIGNED	NOT_STARTED	all contributor candidate+integration checks; final Ultra; A-REG ledger
GIR-FD82-C075	P2	true	B04	B04	CONFIRMED_REQUIRED_REVISION	OPEN	NOT_STARTED	NOT_ASSIGNED	NOT_STARTED	all contributor candidate+integration checks; final Ultra; A-REG ledger
GIR-FD82-C076	P2	true	B04	B04	CONFIRMED_REQUIRED_REVISION	OPEN	NOT_STARTED	NOT_ASSIGNED	NOT_STARTED	all contributor candidate+integration checks; final Ultra; A-REG ledger
GIR-FD82-C077	P2	true	B04	B04	CONFIRMED_REQUIRED_REVISION	OPEN	NOT_STARTED	NOT_ASSIGNED	NOT_STARTED	all contributor candidate+integration checks; final Ultra; A-REG ledger
GIR-FD82-C078	P2	true	B04	B04	CONFIRMED_REQUIRED_REVISION	OPEN	NOT_STARTED	NOT_ASSIGNED	NOT_STARTED	all contributor candidate+integration checks; final Ultra; A-REG ledger
GIR-FD82-C079	P2	true	B08	B08	CONFIRMED_REQUIRED_REVISION	OPEN	NOT_STARTED	NOT_ASSIGNED	NOT_STARTED	all contributor candidate+integration checks; final Ultra; A-REG ledger
GIR-FD82-C080	P2	true	B08	B01;B08	CONFIRMED_REQUIRED_REVISION	OPEN	INTEGRATION_SCOPED_CONTRIBUTION_VERIFIED_DEFERRED	PASS_SCOPED	PASS_SCOPED@93d0714ddfdb4900e946c0acd1cc80cf6431f0a0;report@8a1fdfb2b582df4cefb408b56eea144a2e53dcfe	all contributor candidate+integration checks; final Ultra; A-REG ledger
GIR-FD82-C081	P2	true	B08	B02;B08	CONFIRMED_REQUIRED_REVISION	OPEN	NOT_STARTED	NOT_ASSIGNED	NOT_STARTED	all contributor candidate+integration checks; final Ultra; A-REG ledger
GIR-FD82-C082	P2	true	B08	B08	CONFIRMED_REQUIRED_REVISION	OPEN	NOT_STARTED	NOT_ASSIGNED	NOT_STARTED	all contributor candidate+integration checks; final Ultra; A-REG ledger
GIR-FD82-C083	P2	true	B20	B08;B20	CONFIRMED_REQUIRED_REVISION	OPEN	NOT_STARTED	NOT_ASSIGNED	NOT_STARTED	all contributor candidate+integration checks; final Ultra; A-REG ledger
GIR-FD82-C084	P2	true	B08	B08	CONFIRMED_REQUIRED_REVISION	OPEN	NOT_STARTED	NOT_ASSIGNED	NOT_STARTED	all contributor candidate+integration checks; final Ultra; A-REG ledger
GIR-FD82-C085	P2	true	B08	B08	CONFIRMED_REQUIRED_REVISION	OPEN	NOT_STARTED	NOT_ASSIGNED	NOT_STARTED	all contributor candidate+integration checks; final Ultra; A-REG ledger
GIR-FD82-C086	P2	true	B14	B14	CONFIRMED_REQUIRED_REVISION	OPEN	NOT_STARTED	NOT_ASSIGNED	NOT_STARTED	all contributor candidate+integration checks; final Ultra; A-REG ledger
GIR-FD82-C087	P2	true	B14	B14	CONFIRMED_REQUIRED_REVISION	OPEN	NOT_STARTED	NOT_ASSIGNED	NOT_STARTED	all contributor candidate+integration checks; final Ultra; A-REG ledger
GIR-FD82-C088	P2	true	B14	B14	CONFIRMED_REQUIRED_REVISION	OPEN	NOT_STARTED	NOT_ASSIGNED	NOT_STARTED	all contributor candidate+integration checks; final Ultra; A-REG ledger
GIR-FD82-C089	P2	true	B14	B14	CONFIRMED_REQUIRED_REVISION	OPEN	NOT_STARTED	NOT_ASSIGNED	NOT_STARTED	all contributor candidate+integration checks; final Ultra; A-REG ledger
GIR-FD82-C091	P2	true	B14	B14	CONFIRMED_REQUIRED_REVISION	OPEN	NOT_STARTED	NOT_ASSIGNED	NOT_STARTED	all contributor candidate+integration checks; final Ultra; A-REG ledger
GIR-FD82-C092	P2	true	B14	B14	CONFIRMED_REQUIRED_REVISION	OPEN	NOT_STARTED	NOT_ASSIGNED	NOT_STARTED	all contributor candidate+integration checks; final Ultra; A-REG ledger
GIR-FD82-C093	P2	true	B14	B04;B14	CONFIRMED_REQUIRED_REVISION	OPEN	NOT_STARTED	NOT_ASSIGNED	NOT_STARTED	all contributor candidate+integration checks; final Ultra; A-REG ledger
GIR-FD82-C094	P2	true	B14	B03;B14	CONFIRMED_REQUIRED_REVISION	OPEN	NOT_STARTED	NOT_ASSIGNED	NOT_STARTED	all contributor candidate+integration checks; final Ultra; A-REG ledger
GIR-FD82-C095	P2	true	B14	B03;B14	CONFIRMED_REQUIRED_REVISION	OPEN	NOT_STARTED	NOT_ASSIGNED	NOT_STARTED	all contributor candidate+integration checks; final Ultra; A-REG ledger
GIR-FD82-C096	P2	true	B08	B08	CONFIRMED_REQUIRED_REVISION	OPEN	NOT_STARTED	NOT_ASSIGNED	NOT_STARTED	all contributor candidate+integration checks; final Ultra; A-REG ledger
GIR-FD82-C097	P2	true	B14	B14	CONFIRMED_REQUIRED_REVISION	OPEN	NOT_STARTED	NOT_ASSIGNED	NOT_STARTED	all contributor candidate+integration checks; final Ultra; A-REG ledger
GIR-FD82-C098	P2	true	B14	B14	CONFIRMED_REQUIRED_REVISION	OPEN	NOT_STARTED	NOT_ASSIGNED	NOT_STARTED	all contributor candidate+integration checks; final Ultra; A-REG ledger
GIR-FD82-C099	P2	true	B14	B14	CONFIRMED_REQUIRED_REVISION	OPEN	NOT_STARTED	NOT_ASSIGNED	NOT_STARTED	all contributor candidate+integration checks; final Ultra; A-REG ledger
GIR-FD82-C100	P2	true	B14	B14	CONFIRMED_REQUIRED_REVISION	OPEN	NOT_STARTED	NOT_ASSIGNED	NOT_STARTED	all contributor candidate+integration checks; final Ultra; A-REG ledger
GIR-FD82-C101	P2	true	B14	B14	CONFIRMED_REQUIRED_REVISION	OPEN	NOT_STARTED	NOT_ASSIGNED	NOT_STARTED	all contributor candidate+integration checks; final Ultra; A-REG ledger
GIR-FD82-C102	P2	true	B14	B14	CONFIRMED_REQUIRED_REVISION	OPEN	NOT_STARTED	NOT_ASSIGNED	NOT_STARTED	all contributor candidate+integration checks; final Ultra; A-REG ledger
GIR-FD82-C103	P2	true	B14	B06;B14	CONFIRMED_REQUIRED_REVISION	OPEN	NOT_STARTED	NOT_ASSIGNED	NOT_STARTED	all contributor candidate+integration checks; final Ultra; A-REG ledger
GIR-FD82-C104	P2	true	B14	B14	CONFIRMED_REQUIRED_REVISION	OPEN	NOT_STARTED	NOT_ASSIGNED	NOT_STARTED	all contributor candidate+integration checks; final Ultra; A-REG ledger
GIR-FD82-C105	P2	true	B14	B14	CONFIRMED_REQUIRED_REVISION	OPEN	NOT_STARTED	NOT_ASSIGNED	NOT_STARTED	all contributor candidate+integration checks; final Ultra; A-REG ledger
GIR-FD82-C106	P2	true	B14	B04;B14	CONFIRMED_REQUIRED_REVISION	OPEN	NOT_STARTED	NOT_ASSIGNED	NOT_STARTED	all contributor candidate+integration checks; final Ultra; A-REG ledger
GIR-FD82-C107	P2	true	B15	B15	CONFIRMED_REQUIRED_REVISION	OPEN	NOT_STARTED	NOT_ASSIGNED	NOT_STARTED	all contributor candidate+integration checks; final Ultra; A-REG ledger
GIR-FD82-C108	P2	true	B15	B15	CONFIRMED_REQUIRED_REVISION	OPEN	NOT_STARTED	NOT_ASSIGNED	NOT_STARTED	all contributor candidate+integration checks; final Ultra; A-REG ledger
GIR-FD82-C109	P2	true	B15	B15	CONFIRMED_REQUIRED_REVISION	OPEN	NOT_STARTED	NOT_ASSIGNED	NOT_STARTED	all contributor candidate+integration checks; final Ultra; A-REG ledger
GIR-FD82-C110	P2	true	B15	B15	CONFIRMED_REQUIRED_REVISION	OPEN	NOT_STARTED	NOT_ASSIGNED	NOT_STARTED	all contributor candidate+integration checks; final Ultra; A-REG ledger
GIR-FD82-C111	P2	true	B15	B15	CONFIRMED_REQUIRED_REVISION	OPEN	NOT_STARTED	NOT_ASSIGNED	NOT_STARTED	all contributor candidate+integration checks; final Ultra; A-REG ledger
GIR-FD82-C112	P2	true	B15	B15	CONFIRMED_REQUIRED_REVISION	OPEN	NOT_STARTED	NOT_ASSIGNED	NOT_STARTED	all contributor candidate+integration checks; final Ultra; A-REG ledger
GIR-FD82-C113	P2	true	B15	B15	CONFIRMED_REQUIRED_REVISION	OPEN	NOT_STARTED	NOT_ASSIGNED	NOT_STARTED	all contributor candidate+integration checks; final Ultra; A-REG ledger
GIR-FD82-C114	P2	true	B16	B16	CONFIRMED_REQUIRED_REVISION	OPEN	NOT_STARTED	NOT_ASSIGNED	NOT_STARTED	all contributor candidate+integration checks; final Ultra; A-REG ledger
GIR-FD82-C115	P2	true	B16	B16	CONFIRMED_REQUIRED_REVISION	OPEN	NOT_STARTED	NOT_ASSIGNED	NOT_STARTED	all contributor candidate+integration checks; final Ultra; A-REG ledger
GIR-FD82-C117	P2	true	B16	B16	CONFIRMED_REQUIRED_REVISION	OPEN	NOT_STARTED	NOT_ASSIGNED	NOT_STARTED	all contributor candidate+integration checks; final Ultra; A-REG ledger
GIR-FD82-C118	P2	true	B16	B04;B16	CONFIRMED_REQUIRED_REVISION	OPEN	NOT_STARTED	NOT_ASSIGNED	NOT_STARTED	all contributor candidate+integration checks; final Ultra; A-REG ledger
GIR-FD82-C119	P2	true	B17	B17	CONFIRMED_REQUIRED_REVISION	OPEN	NOT_STARTED	NOT_ASSIGNED	NOT_STARTED	all contributor candidate+integration checks; final Ultra; A-REG ledger
GIR-FD82-C120	P2	true	B16	B06;B16	CONFIRMED_REQUIRED_REVISION	OPEN	NOT_STARTED	NOT_ASSIGNED	NOT_STARTED	all contributor candidate+integration checks; final Ultra; A-REG ledger
GIR-FD82-C121	P2	true	B16	B16	CONFIRMED_REQUIRED_REVISION	OPEN	NOT_STARTED	NOT_ASSIGNED	NOT_STARTED	all contributor candidate+integration checks; final Ultra; A-REG ledger
GIR-FD82-C122	P2	true	B16	B15;B16	CONFIRMED_REQUIRED_REVISION	OPEN	NOT_STARTED	NOT_ASSIGNED	NOT_STARTED	all contributor candidate+integration checks; final Ultra; A-REG ledger
GIR-FD82-C123	P2	true	B16	B16	CONFIRMED_REQUIRED_REVISION	OPEN	NOT_STARTED	NOT_ASSIGNED	NOT_STARTED	all contributor candidate+integration checks; final Ultra; A-REG ledger
GIR-FD82-C124	P2	true	B16	B05;B16	CONFIRMED_REQUIRED_REVISION	OPEN	NOT_STARTED	NOT_ASSIGNED	NOT_STARTED	all contributor candidate+integration checks; final Ultra; A-REG ledger
GIR-FD82-C125	P2	true	B16	B16	CONFIRMED_REQUIRED_REVISION	OPEN	NOT_STARTED	NOT_ASSIGNED	NOT_STARTED	all contributor candidate+integration checks; final Ultra; A-REG ledger
GIR-FD82-C126	P2	true	B16	B05;B16	CONFIRMED_REQUIRED_REVISION	OPEN	NOT_STARTED	NOT_ASSIGNED	NOT_STARTED	all contributor candidate+integration checks; final Ultra; A-REG ledger
GIR-FD82-C127	P2	true	B18	B18	CONFIRMED_REQUIRED_REVISION	OPEN	NOT_STARTED	NOT_ASSIGNED	NOT_STARTED	all contributor candidate+integration checks; final Ultra; A-REG ledger
GIR-FD82-C128	P3	true	B18	B18	CONFIRMED_REQUIRED_REVISION	OPEN	NOT_STARTED	NOT_ASSIGNED	NOT_STARTED	all contributor candidate+integration checks; final Ultra; A-REG ledger
GIR-FD82-C129	P2	true	B18	B18	CONFIRMED_REQUIRED_REVISION	OPEN	NOT_STARTED	NOT_ASSIGNED	NOT_STARTED	all contributor candidate+integration checks; final Ultra; A-REG ledger
GIR-FD82-C130	P3	true	B18	B18	CONFIRMED_REQUIRED_REVISION	OPEN	NOT_STARTED	NOT_ASSIGNED	NOT_STARTED	all contributor candidate+integration checks; final Ultra; A-REG ledger
GIR-FD82-C131	P2	true	B18	B18	CONFIRMED_REQUIRED_REVISION	OPEN	NOT_STARTED	NOT_ASSIGNED	NOT_STARTED	all contributor candidate+integration checks; final Ultra; A-REG ledger
GIR-FD82-D018	P2	true	B09	B09;B17	CONFIRMED_REQUIRED_REVISION	OPEN	NOT_STARTED	NOT_ASSIGNED	NOT_STARTED	all contributor candidate+integration checks; final Ultra; A-REG ledger
GIR-FD82-D023	P2	true	B16	B07;B16	CONFIRMED_REQUIRED_REVISION	OPEN	NOT_STARTED	NOT_ASSIGNED	NOT_STARTED	all contributor candidate+integration checks; final Ultra; A-REG ledger
GIR-FD82-D024	P2	true	B20	B20	CONFIRMED_REQUIRED_REVISION	OPEN	NOT_STARTED	NOT_ASSIGNED	NOT_STARTED	all contributor candidate+integration checks; final Ultra; A-REG ledger
GIR-FD82-D025	P2	true	B19	B19	CONFIRMED_REQUIRED_REVISION	OPEN	NOT_STARTED	NOT_ASSIGNED	NOT_STARTED	all contributor candidate+integration checks; final Ultra; A-REG ledger
WP80-B02-R01	P3	true	B01	B01	PARTIALLY_ADDRESSED_RESIDUAL_OPEN	OPEN	INTEGRATION_SCOPED_CORRECTION_OR_ERRATA_VERIFIED	PASS_SCOPED	PASS_SCOPED@93d0714ddfdb4900e946c0acd1cc80cf6431f0a0;report@8a1fdfb2b582df4cefb408b56eea144a2e53dcfe	all contributor candidate+integration checks; final Ultra; A-REG ledger
WP80-B02-R02	P3	true	B01	B01;B21	PARTIALLY_ADDRESSED_RESIDUAL_OPEN	OPEN	INTEGRATION_SCOPED_CORRECTION_OR_ERRATA_VERIFIED	PASS_SCOPED	PASS_SCOPED@93d0714ddfdb4900e946c0acd1cc80cf6431f0a0;report@8a1fdfb2b582df4cefb408b56eea144a2e53dcfe	all contributor candidate+integration checks; final Ultra; A-REG ledger
WP80-INTAKE-C01	P3	true	B21	B21	CONFIRMED_REQUIRED_REVISION	OPEN	NOT_STARTED	NOT_ASSIGNED	NOT_STARTED	all contributor candidate+integration checks; final Ultra; A-REG ledger
WP80-INTAKE-R01	P2	true	B21	B03;B14;B19;B20;B21	CONFIRMED_REQUIRED_REVISION	OPEN	NOT_STARTED	NOT_ASSIGNED	NOT_STARTED	all contributor candidate+integration checks; final Ultra; A-REG ledger
WP80-INTAKE-R02	P2	true	B21	B18;B21	CONFIRMED_REQUIRED_REVISION	OPEN	NOT_STARTED	NOT_ASSIGNED	NOT_STARTED	all contributor candidate+integration checks; final Ultra; A-REG ledger
